-2.772698402404785156e-01 -2.013556361198425293e-01 -1.351572275161743164e-01 -6.396743655204772949e-02 1.091050915420055389e-02 7.474733889102935791e-02 1.095948070287704468e-01 1.052380725741386414e-01 6.566722691059112549e-02 8.553990162909030914e-03 -4.160885140299797058e-02 -6.340719759464263916e-02 -4.699867963790893555e-02 2.456621034070849419e-03 6.771783530712127686e-02 1.271634399890899658e-01 1.636478304862976074e-01 1.705838739871978760e-01 1.528357863426208496e-01 1.225488707423210144e-01 9.236510097980499268e-02 6.947712600231170654e-02 5.326545238494873047e-02 3.730102255940437317e-02 1.431109663099050522e-02 -1.863336190581321716e-02 -5.737210437655448914e-02 -9.167657792568206787e-02 -1.095052137970924377e-01 -1.024939715862274170e-01 -7.022585719823837280e-02 -2.145458012819290161e-02 2.823723480105400085e-02 6.151039525866508484e-02 6.534365564584732056e-02 3.614951670169830322e-02 -1.769420318305492401e-02 -7.683867961168289185e-02 -1.155738458037376404e-01 -1.092123761773109436e-01 -4.248355701565742493e-02 8.353982865810394287e-02 2.486056685447692871e-01 4.164008498191833496e-01 5.437396764755249023e-01 5.936240553855895996e-01 5.479724407196044922e-01 4.151511192321777344e-01 2.287510037422180176e-01 3.715021163225173950e-02 -1.128179058432579041e-01 -1.919735819101333618e-01 -1.981548070907592773e-01 -1.547882556915283203e-01 -9.909728169441223145e-02 -6.494910269975662231e-02 -6.787838041782379150e-02 -9.900979697704315186e-02 -1.306471377611160278e-01 -1.309320926666259766e-01 -8.069174736738204956e-02 1.553811598569154739e-02 1.296840161085128784e-01 2.216312140226364136e-01 2.568019926548004150e-01 2.216312140226364136e-01 1.296840161085128784e-01 1.553811598569154739e-02 -8.069174736738204956e-02 -1.309320926666259766e-01 -1.306471377611160278e-01 -9.900979697704315186e-02 -6.787838041782379150e-02 -6.494910269975662231e-02 -9.909728169441223145e-02 -1.547882556915283203e-01 -1.981548070907592773e-01 -1.919735819101333618e-01 -1.128179058432579041e-01 3.715021163225173950e-02 2.287510037422180176e-01 4.151511192321777344e-01 5.479724407196044922e-01 5.936240553855895996e-01 5.437396764755249023e-01 4.164008498191833496e-01 2.486056685447692871e-01 8.353982865810394287e-02 -4.248355701565742493e-02 -1.092123761773109436e-01 -1.155738458037376404e-01 -7.683867961168289185e-02 -1.769420318305492401e-02 3.614951670169830322e-02 6.534365564584732056e-02 6.151039525866508484e-02 2.823723480105400085e-02 -2.145458012819290161e-02 -7.022585719823837280e-02 -1.024939715862274170e-01 -1.095052137970924377e-01 -9.167657792568206787e-02 -5.737210437655448914e-02 -1.863336190581321716e-02 1.431109663099050522e-02 3.730102255940437317e-02 5.326545238494873047e-02 6.947712600231170654e-02 9.236510097980499268e-02 1.225488707423210144e-01 1.528357863426208496e-01 1.705838739871978760e-01 1.636478304862976074e-01 1.271634399890899658e-01 6.771783530712127686e-02 2.456621034070849419e-03 -4.699867963790893555e-02 -6.340719759464263916e-02 -4.160885140299797058e-02 8.553990162909030914e-03 6.566722691059112549e-02 1.052380725741386414e-01 1.095948070287704468e-01 7.474733889102935791e-02 1.091050915420055389e-02 -6.396743655204772949e-02 -1.351572275161743164e-01 -2.013556361198425293e-01
-2.162738293409347534e-01 -1.665496677160263062e-01 -1.209149509668350220e-01 -7.460439205169677734e-02 -3.262583166360855103e-02 -5.989104509353637695e-03 -3.894356777891516685e-03 -2.725252695381641388e-02 -6.627260148525238037e-02 -1.027690991759300232e-01 -1.162307485938072205e-01 -9.149631857872009277e-02 -2.523306570947170258e-02 7.141254842281341553e-02 1.754462867975234985e-01 2.594362497329711914e-01 3.011533915996551514e-01 2.916897237300872803e-01 2.386367768049240112e-01 1.628058105707168579e-01 8.971139788627624512e-02 3.938116505742073059e-02 1.887030526995658875e-02 2.069975435733795166e-02 2.777533046901226044e-02 2.240664511919021606e-02 -4.797604400664567947e-03 -5.025915801525115967e-02 -9.906700998544692993e-02 -1.320538669824600220e-01 -1.349506080150604248e-01 -1.053647771477699280e-01 -5.439791083335876465e-02 -2.196363173425197601e-03 3.055894561111927032e-02 3.149117529392242432e-02 1.923594390973448753e-03 -4.337432235479354858e-02 -8.190294355154037476e-02 -9.224808216094970703e-02 -6.253118067979812622e-02 4.672863520681858063e-03 9.267468005418777466e-02 1.760428398847579956e-01 2.290580868721008301e-01 2.343277335166931152e-01 1.886584162712097168e-01 1.042137295007705688e-01 4.522966686636209488e-03 -8.338799327611923218e-02 -1.381012350320816040e-01 -1.509301662445068359e-01 -1.283653378486633301e-01 -8.872906863689422607e-02 -5.412095785140991211e-02 -4.074580222368240356e-02 -5.165048316121101379e-02 -7.518760859966278076e-02 -9.025713056325912476e-02 -7.639131695032119751e-02 -2.434938587248325348e-02 5.771756172180175781e-02 1.458015888929367065e-01 2.091689258813858032e-01 2.233775407075881958e-01 1.813639104366302490e-01 9.731426090002059937e-02 1.146900234743952751e-03 -7.422815263271331787e-02 -1.071734949946403503e-01 -9.646119922399520874e-02 -6.084295734763145447e-02 -2.905542217195034027e-02 -2.485165745019912720e-02 -5.416600033640861511e-02 -1.006827875971794128e-01 -1.322190314531326294e-01 -1.152525991201400757e-01 -3.104890324175357819e-02 1.139872446656227112e-01 2.885005176067352295e-01 4.469061195850372314e-01 5.459679961204528809e-01 5.601642131805419922e-01 4.896498918533325195e-01 3.581992387771606445e-01 2.029482722282409668e-01 6.095854938030242920e-02 -4.175784811377525330e-02 -9.506877511739730835e-02 -1.030123084783554077e-01 -7.802205532789230347e-02 -3.469708189368247986e-02 1.414332166314125061e-02 5.844404920935630798e-02 9.018567204475402832e-02 1.029011085629463196e-01 9.264803677797317505e-02 6.009529531002044678e-02 1.211599446833133698e-02 -3.884404152631759644e-02 -7.822486758232116699e-02 -9.453690797090530396e-02 -8.394011110067367554e-02 -5.191163718700408936e-02 -1.103098038583993912e-02 2.416417561471462250e-02 4.284479096531867981e-02 4.149808362126350403e-02 2.406888268887996674e-02 -9.328144951723515987e-04 -2.446503750979900360e-02 -3.994692116975784302e-02 -4.400170594453811646e-02 -3.531302884221076965e-02 -1.313574519008398056e-02 2.294630929827690125e-02 7.151977717876434326e-02 1.271265000104904175e-01 1.792864054441452026e-01 2.143339961767196655e-01 2.200458049774169922e-01 1.910964250564575195e-01 1.322984844446182251e-01 5.717352032661437988e-02 -1.839717477560043335e-02 -8.488192409276962280e-02 -1.455930769443511963e-01
-1.912836134433746338e-01 -1.481496095657348633e-01 -1.036267131567001343e-01 -6.069260835647583008e-02 -2.866097167134284973e-02 -1.723358966410160065e-02 -3.000758588314056396e-02 -6.144444271922111511e-02 -9.794147312641143799e-02 -1.218709647655487061e-01 -1.169797927141189575e-01 -7.368674129247665405e-02 7.015066221356391907e-03 1.122698709368705750e-01 2.196111679077148438e-01 3.028192520141601562e-01 3.400587737560272217e-01 3.216204047203063965e-01 2.541071176528930664e-01 1.588433682918548584e-01 6.450835615396499634e-02 -3.414575243368744850e-03 -3.209023550152778625e-02 -2.557965554296970367e-02 -1.918433001264929771e-03 1.574351452291011810e-02 9.960087947547435760e-03 -2.315772138535976410e-02 -7.260251045227050781e-02 -1.181321144104003906e-01 -1.401372700929641724e-01 -1.290008723735809326e-01 -8.958438038825988770e-02 -3.888431563973426819e-02 1.840706099756062031e-03 1.664374954998493195e-02 1.709647825919091702e-03 -3.355472534894943237e-02 -7.136140018701553345e-02 -9.381914138793945312e-02 -9.077869355678558350e-02 -6.384544819593429565e-02 -2.510131150484085083e-02 8.523657917976379395e-03 2.253590151667594910e-02 1.070108544081449509e-02 -2.280540019273757935e-02 -6.545373797416687012e-02 -1.014950498938560486e-01 -1.180359199643135071e-01 -1.097877845168113708e-01 -8.087022602558135986e-02 -4.312344640493392944e-02 -1.153667178004980087e-02 1.661101239733397961e-03 -7.817070931196212769e-03 -3.385760262608528137e-02 -6.146185472607612610e-02 -7.214704900979995728e-02 -5.156606435775756836e-02 3.536780131980776787e-03 8.212871849536895752e-02 1.614058315753936768e-01 2.147272825241088867e-01 2.221620380878448486e-01 1.792587935924530029e-01 9.992039203643798828e-02 1.153919566422700882e-02 -5.602107942104339600e-02 -8.298026025295257568e-02 -6.802634894847869873e-02 -2.840664610266685486e-02 8.691673167049884796e-03 1.972393877804279327e-02 -3.004090627655386925e-03 -4.647909849882125854e-02 -8.215456455945968628e-02 -7.909612357616424561e-02 -1.912609115242958069e-02 9.313788264989852905e-02 2.301916629076004028e-01 3.517306149005889893e-01 4.204103648662567139e-01 4.162226617336273193e-01 3.432581126689910889e-01 2.263610661029815674e-01 9.992882609367370605e-02 -5.506502464413642883e-03 -7.281550765037536621e-02 -1.003582999110221863e-01 -9.708552807569503784e-02 -7.450187951326370239e-02 -4.036672785878181458e-02 2.684784587472677231e-03 5.371132120490074158e-02 1.083063408732414246e-01 1.557696163654327393e-01 1.811605691909790039e-01 1.717075556516647339e-01 1.241972446441650391e-01 4.899374768137931824e-02 -3.215032070875167847e-02 -9.412941336631774902e-02 -1.188380345702171326e-01 -1.029090285301208496e-01 -5.904090031981468201e-02 -1.020969729870557785e-02 2.050236240029335022e-02 1.971404068171977997e-02 -1.117850467562675476e-02 -5.754871293902397156e-02 -9.840304404497146606e-02 -1.149854287505149841e-01 -9.725722670555114746e-02 -4.599825292825698853e-02 2.929160371422767639e-02 1.146497651934623718e-01 1.956565082073211670e-01 2.598259449005126953e-01 2.975773215293884277e-01 3.029130995273590088e-01 2.746225893497467041e-01 2.176069319248199463e-01 1.428088694810867310e-01 6.430004537105560303e-02 -6.369623821228742599e-03 -6.616858392953872681e-02 -1.230099499225616455e-01
-1.839168816804885864e-01 -1.337137520313262939e-01 -7.670018076896667480e-02 -2.311749197542667389e-02 1.190044358372688293e-02 1.773061789572238922e-02 -5.581613164395093918e-03 -4.704379662871360779e-02 -8.907679468393325806e-02 -1.136064454913139343e-01 -1.073405221104621887e-01 -6.504073739051818848e-02 9.243097156286239624e-03 1.026747301220893860e-01 1.958449035882949829e-01 2.668735980987548828e-01 2.971405386924743652e-01 2.773580551147460938e-01 2.117600739002227783e-01 1.181495785713195801e-01 2.284965664148330688e-02 -4.818486794829368591e-02 -7.878378033638000488e-02 -6.847803294658660889e-02 -3.210335224866867065e-02 6.993136368691921234e-03 2.725111134350299835e-02 1.808563247323036194e-02 -1.619044132530689240e-02 -5.938664451241493225e-02 -9.177344292402267456e-02 -9.962755441665649414e-02 -8.142634481191635132e-02 -4.791695997118949890e-02 -1.635928824543952942e-02 -2.039812738075852394e-03 -1.130112353712320328e-02 -3.933455049991607666e-02 -7.345074415206909180e-02 -9.982137382030487061e-02 -1.101390644907951355e-01 -1.049585267901420593e-01 -9.236516803503036499e-02 -8.301284909248352051e-02 -8.425584435462951660e-02 -9.631200879812240601e-02 -1.121740713715553284e-01 -1.210738793015480042e-01 -1.136824488639831543e-01 -8.661639690399169922e-02 -4.435147345066070557e-02 2.098232740536332130e-03 3.905406221747398376e-02 5.506965890526771545e-02 4.514453560113906860e-02 1.291603315621614456e-02 -2.986225299537181854e-02 -6.652952730655670166e-02 -8.068329840898513794e-02 -6.192246451973915100e-02 -1.033493131399154663e-02 6.210162863135337830e-02 1.343268901109695435e-01 1.829114109277725220e-01 1.906547248363494873e-01 1.537948399782180786e-01 8.454567939043045044e-02 7.236033678054809570e-03 -5.099808052182197571e-02 -7.135972380638122559e-02 -5.148123204708099365e-02 -6.503587123006582260e-03 3.782912343740463257e-02 5.728067085146903992e-02 4.094853252172470093e-02 -2.896222285926342010e-03 -5.006380751729011536e-02 -7.162280380725860596e-02 -4.790941625833511353e-02 2.129010483622550964e-02 1.153790131211280823e-01 2.012376338243484497e-01 2.473388016223907471e-01 2.370658963918685913e-01 1.750676631927490234e-01 8.397406339645385742e-02 -6.458684802055358887e-03 -7.213523983955383301e-02 -1.030949279665946960e-01 -1.040245071053504944e-01 -8.751887828111648560e-02 -6.457082182168960571e-02 -3.796204179525375366e-02 -2.262567635625600815e-03 4.984085634350776672e-02 1.189433932304382324e-01 1.935690492391586304e-01 2.519046366214752197e-01 2.705230712890625000e-01 2.359485030174255371e-01 1.529883742332458496e-01 4.505795612931251526e-02 -5.435452237725257874e-02 -1.154199093580245972e-01 -1.244844868779182434e-01 -8.941450715065002441e-02 -3.525276109576225281e-02 7.669796235859394073e-03 1.749894022941589355e-02 -9.838684462010860443e-03 -5.973177403211593628e-02 -1.061934381723403931e-01 -1.234727278351783752e-01 -9.651964157819747925e-02 -2.603547833859920502e-02 7.315129041671752930e-02 1.785286366939544678e-01 2.676548957824707031e-01 3.240765333175659180e-01 3.400219976902008057e-01 3.163304924964904785e-01 2.608905136585235596e-01 1.864326000213623047e-01 1.075803861021995544e-01 3.675761073827743530e-02 -2.050730586051940918e-02 -6.859038025140762329e-02 -1.196605414152145386e-01
-1.781742423772811890e-01 -1.119160056114196777e-01 -3.445531427860260010e-02 3.649674728512763977e-02 7.930393517017364502e-02 8.158863335847854614e-02 4.638260230422019958e-02 -1.001069322228431702e-02 -6.553004682064056396e-02 -1.006775721907615662e-01 -1.040540412068367004e-01 -7.393205910921096802e-02 -1.686598733067512512e-02 5.486187711358070374e-02 1.257754415273666382e-01 1.796885728836059570e-01 2.027292698621749878e-01 1.870651245117187500e-01 1.343676745891571045e-01 5.716637521982192993e-02 -2.352900430560112000e-02 -8.446492999792098999e-02 -1.083057746291160583e-01 -9.035172313451766968e-02 -4.060504958033561707e-02 2.013427205383777618e-02 6.869841367006301880e-02 8.883154392242431641e-02 7.715038210153579712e-02 4.317978024482727051e-02 3.715365426614880562e-03 -2.553632482886314392e-02 -3.692216053605079651e-02 -3.321540355682373047e-02 -2.467504702508449554e-02 -2.276318334043025970e-02 -3.401125222444534302e-02 -5.714937299489974976e-02 -8.465059846639633179e-02 -1.074239313602447510e-01 -1.198227927088737488e-01 -1.221978738903999329e-01 -1.197728663682937622e-01 -1.187289208173751831e-01 -1.218783259391784668e-01 -1.264227777719497681e-01 -1.250535994768142700e-01 -1.098061278462409973e-01 -7.664525508880615234e-02 -2.844677865505218506e-02 2.508023008704185486e-02 7.047395408153533936e-02 9.521555900573730469e-02 9.211009740829467773e-02 6.178378686308860779e-02 1.264141127467155457e-02 -4.144448786973953247e-02 -8.487833291292190552e-02 -1.045386716723442078e-01 -9.351288527250289917e-02 -5.351920798420906067e-02 4.783932585269212723e-03 6.416197121143341064e-02 1.057471483945846558e-01 1.154251545667648315e-01 8.951263874769210815e-02 3.722241520881652832e-02 -2.178021147847175598e-02 -6.451961398124694824e-02 -7.407076656818389893e-02 -4.716965556144714355e-02 3.647929290309548378e-03 5.493655800819396973e-02 8.257709443569183350e-02 7.290329039096832275e-02 2.945250086486339569e-02 -2.815961092710494995e-02 -7.308032363653182983e-02 -8.380310982465744019e-02 -5.450108274817466736e-02 1.970165874809026718e-03 5.997424200177192688e-02 9.307954460382461548e-02 8.626115322113037109e-02 4.235393181443214417e-02 -2.025989070534706116e-02 -7.725300639867782593e-02 -1.100775524973869324e-01 -1.136958077549934387e-01 -9.650342166423797607e-02 -7.294918596744537354e-02 -5.336207523941993713e-02 -3.700625523924827576e-02 -1.255227904766798019e-02 3.406063094735145569e-02 1.087038293480873108e-01 2.014348655939102173e-01 2.870744466781616211e-01 3.346454203128814697e-01 3.215073347091674805e-01 2.451950758695602417e-01 1.267161667346954346e-01 3.104685805737972260e-03 -8.766928315162658691e-02 -1.224744394421577454e-01 -1.020865738391876221e-01 -4.938071593642234802e-02 2.285340335220098495e-03 2.481534704566001892e-02 7.833874784409999847e-03 -3.765594214200973511e-02 -8.551024645566940308e-02 -1.070266515016555786e-01 -8.372285217046737671e-02 -1.469772774726152420e-02 8.394788950681686401e-02 1.863029897212982178e-01 2.664883136749267578e-01 3.068493008613586426e-01 3.018856346607208252e-01 2.577024698257446289e-01 1.884445250034332275e-01 1.114540174603462219e-01 4.221649467945098877e-02 -1.038176007568836212e-02 -4.751002043485641479e-02 -8.031145483255386353e-02 -1.231671720743179321e-01
-1.609841883182525635e-01 -7.448983937501907349e-02 2.527442574501037598e-02 1.131351664662361145e-01 1.618712246417999268e-01 1.582085788249969482e-01 1.085778772830963135e-01 3.464053198695182800e-02 -3.712055087089538574e-02 -8.577329665422439575e-02 -1.017319113016128540e-01 -8.673594892024993896e-02 -4.988970980048179626e-02 -2.956354292109608650e-03 4.270885512232780457e-02 7.718843221664428711e-02 9.226598590612411499e-02 8.247619867324829102e-02 4.736518859863281250e-02 -6.228287238627672195e-03 -6.391659379005432129e-02 -1.069584861397743225e-01 -1.184895262122154236e-01 -9.038684517145156860e-02 -2.748980745673179626e-02 5.321046710014343262e-02 1.285007148981094360e-01 1.775591373443603516e-01 1.894386410713195801e-01 1.661299020051956177e-01 1.200870797038078308e-01 6.776780635118484497e-02 2.251594513654708862e-02 -9.878723882138729095e-03 -3.128093853592872620e-02 -4.766942560672760010e-02 -6.441334635019302368e-02 -8.309038728475570679e-02 -1.013321578502655029e-01 -1.152544617652893066e-01 -1.225569918751716614e-01 -1.241658926010131836e-01 -1.233796775341033936e-01 -1.231404021382331848e-01 -1.232738122344017029e-01 -1.196040958166122437e-01 -1.057431027293205261e-01 -7.675337791442871094e-02 -3.273128345608711243e-02 1.969318464398384094e-02 6.888308376073837280e-02 1.021415889263153076e-01 1.102936416864395142e-01 9.090936928987503052e-02 4.896247386932373047e-02 -5.025067832320928574e-03 -5.828546360135078430e-02 -9.919109940528869629e-02 -1.197683438658714294e-01 -1.170669347047805786e-01 -9.356319159269332886e-02 -5.675711110234260559e-02 -1.782671362161636353e-02 1.093079242855310440e-02 1.976479962468147278e-02 5.327431485056877136e-03 -2.693304978311061859e-02 -6.350116431713104248e-02 -8.725190162658691406e-02 -8.444119244813919067e-02 -5.138158798217773438e-02 2.518289489671587944e-03 5.742977932095527649e-02 9.099041670560836792e-02 8.817850053310394287e-02 4.856938496232032776e-02 -1.277262344956398010e-02 -7.162568718194961548e-02 -1.054584085941314697e-01 -1.036743521690368652e-01 -7.222367078065872192e-02 -3.024049848318099976e-02 -3.568434040062129498e-04 2.416010480374097824e-03 -2.240445092320442200e-02 -6.151429191231727600e-02 -9.561158716678619385e-02 -1.098786145448684692e-01 -1.013867259025573730e-01 -7.937615364789962769e-02 -5.834331735968589783e-02 -4.795646294951438904e-02 -4.575387015938758850e-02 -3.721116110682487488e-02 -3.744279034435749054e-03 6.533135473728179932e-02 1.634386777877807617e-01 2.656207382678985596e-01 3.372565507888793945e-01 3.490414321422576904e-01 2.911085486412048340e-01 1.791663318872451782e-01 4.919386282563209534e-02 -5.721798166632652283e-02 -1.101700365543365479e-01 -1.033483594655990601e-01 -5.507003143429756165e-02 1.709394739009439945e-03 3.538424894213676453e-02 3.000640124082565308e-02 -8.594769053161144257e-03 -5.715636163949966431e-02 -8.701240271329879761e-02 -7.767723500728607178e-02 -2.569417841732501984e-02 5.470542982220649719e-02 1.384604424238204956e-01 2.001306563615798950e-01 2.230898886919021606e-01 2.040715366601943970e-01 1.523178517818450928e-01 8.481359481811523438e-02 1.990576833486557007e-02 -2.881968952715396881e-02 -5.720258131623268127e-02 -7.242800295352935791e-02 -9.000328928232192993e-02 -1.229132562875747681e-01
-1.281996071338653564e-01 -2.174084819853305817e-02 9.626100957393646240e-02 1.942643225193023682e-01 2.421340495347976685e-01 2.279644906520843506e-01 1.626066565513610840e-01 7.287777215242385864e-02 -1.125846058130264282e-02 -6.855956465005874634e-02 -9.219898283481597900e-02 -8.805200457572937012e-02 -6.822618097066879272e-02 -4.426807165145874023e-02 -2.353338152170181274e-02 -9.507929906249046326e-03 -4.242564551532268524e-03 -1.006972230970859528e-02 -2.881382405757904053e-02 -5.892585963010787964e-02 -9.283678233623504639e-02 -1.171052604913711548e-01 -1.164270564913749695e-01 -8.018463850021362305e-02 -8.396380580961704254e-03 8.619283884763717651e-02 1.814111918210983276e-01 2.532196342945098877e-01 2.842499911785125732e-01 2.695515453815460205e-01 2.171839326620101929e-01 1.438099145889282227e-01 6.771662831306457520e-02 2.587674185633659363e-03 -4.547992348670959473e-02 -7.716346532106399536e-02 -9.667988866567611694e-02 -1.083848699927330017e-01 -1.149764508008956909e-01 -1.176901832222938538e-01 -1.175295040011405945e-01 -1.160819828510284424e-01 -1.150439009070396423e-01 -1.147401481866836548e-01 -1.128600239753723145e-01 -1.046846136450767517e-01 -8.519846946001052856e-02 -5.220813676714897156e-02 -8.751180954277515411e-03 3.675855323672294617e-02 7.307761907577514648e-02 9.033919125795364380e-02 8.393898606300354004e-02 5.624384433031082153e-02 1.539119891822338104e-02 -2.807303518056869507e-02 -6.497432291507720947e-02 -8.998069167137145996e-02 -1.019813343882560730e-01 -1.028289198875427246e-01 -9.567062556743621826e-02 -8.396346122026443481e-02 -7.141590863466262817e-02 -6.217336654663085938e-02 -6.026108562946319580e-02 -6.788347661495208740e-02 -8.328531682491302490e-02 -9.971871972084045410e-02 -1.069233641028404236e-01 -9.528502821922302246e-02 -6.110656633973121643e-02 -1.025629229843616486e-02 4.227737337350845337e-02 7.758902013301849365e-02 8.095303922891616821e-02 4.907182604074478149e-02 -7.327865809202194214e-03 -6.734243035316467285e-02 -1.087904050946235657e-01 -1.180561408400535583e-01 -9.604366868734359741e-02 -5.719316750764846802e-02 -2.199110761284828186e-02 -6.778734736144542694e-03 -1.610524393618106842e-02 -4.153793305158615112e-02 -6.737796217203140259e-02 -7.997665554285049438e-02 -7.536342740058898926e-02 -6.082385405898094177e-02 -4.946844279766082764e-02 -5.087649822235107422e-02 -6.333321332931518555e-02 -7.256509363651275635e-02 -5.842626094818115234e-02 -6.494359113276004791e-03 8.154590427875518799e-02 1.847401112318038940e-01 2.695117890834808350e-01 3.036681711673736572e-01 2.712713181972503662e-01 1.810289472341537476e-01 6.375295668840408325e-02 -4.030439630150794983e-02 -9.845539182424545288e-02 -9.898247569799423218e-02 -5.476569011807441711e-02 4.272287245839834213e-03 4.594241455197334290e-02 5.055162683129310608e-02 1.878540590405464172e-02 -3.047853708267211914e-02 -7.061870396137237549e-02 -8.040551096200942993e-02 -5.347931385040283203e-02 -1.815316063584759831e-04 5.823292955756187439e-02 9.946634620428085327e-02 1.092601418495178223e-01 8.597867935895919800e-02 3.961827978491783142e-02 -1.335669215768575668e-02 -5.680178105831146240e-02 -8.100456744432449341e-02 -8.655682951211929321e-02 -8.458801358938217163e-02 -9.130848199129104614e-02 -1.142315715551376343e-01
-8.781516551971435547e-02 3.501875698566436768e-02 1.626016348600387573e-01 2.598237097263336182e-01 2.976695001125335693e-01 2.685376405715942383e-01 1.886885017156600952e-01 8.932574093341827393e-02 2.123643411323428154e-03 -5.329232662916183472e-02 -7.436771690845489502e-02 -7.204828411340713501e-02 -6.195398047566413879e-02 -5.574442818760871887e-02 -5.705860257148742676e-02 -6.312830746173858643e-02 -6.973960995674133301e-02 -7.559623569250106812e-02 -8.307038247585296631e-02 -9.503208100795745850e-02 -1.101811826229095459e-01 -1.204129531979560852e-01 -1.126067638397216797e-01 -7.455813884735107422e-02 -2.163720084354281425e-03 9.605716168880462646e-02 1.998659372329711914e-01 2.836923003196716309e-01 3.257876932621002197e-01 3.160532414913177490e-01 2.591530978679656982e-01 1.718517392873764038e-01 7.619362324476242065e-02 -8.193660527467727661e-03 -6.946353614330291748e-02 -1.049421131610870361e-01 -1.189783066511154175e-01 -1.191357672214508057e-01 -1.128099262714385986e-01 -1.054502949118614197e-01 -1.003008037805557251e-01 -9.876491874456405640e-02 -1.005607470870018005e-01 -1.035335063934326172e-01 -1.037077382206916809e-01 -9.629216045141220093e-02 -7.775447517633438110e-02 -4.816143214702606201e-02 -1.241163816303014755e-02 2.073016762733459473e-02 4.179782792925834656e-02 4.468351975083351135e-02 2.957140095531940460e-02 3.107425523921847343e-03 -2.447097003459930420e-02 -4.390642419457435608e-02 -5.090651661157608032e-02 -4.754371941089630127e-02 -4.046862944960594177e-02 -3.705696016550064087e-02 -4.167436063289642334e-02 -5.404024198651313782e-02 -7.033738493919372559e-02 -8.605786412954330444e-02 -9.860068559646606445e-02 -1.079349592328071594e-01 -1.150270625948905945e-01 -1.193250715732574463e-01 -1.173661723732948303e-01 -1.039641499519348145e-01 -7.574199140071868896e-02 -3.501421213150024414e-02 8.657754398882389069e-03 4.094507545232772827e-02 4.875862225890159607e-02 2.702925913035869598e-02 -1.741235330700874329e-02 -6.742154806852340698e-02 -1.024517044425010681e-01 -1.077464297413825989e-01 -8.128589391708374023e-02 -3.483907505869865417e-02 1.161865144968032837e-02 3.941706195473670959e-02 3.980362415313720703e-02 1.724466308951377869e-02 -1.418716087937355042e-02 -3.921400010585784912e-02 -4.980533197522163391e-02 -4.892300441861152649e-02 -4.744302481412887573e-02 -5.603498220443725586e-02 -7.677345722913742065e-02 -9.962645173072814941e-02 -1.064044237136840820e-01 -8.057983964681625366e-02 -1.787083968520164490e-02 6.838144361972808838e-02 1.506190896034240723e-01 1.983372271060943604e-01 1.920426189899444580e-01 1.330037564039230347e-01 4.370853677392005920e-02 -4.155458882451057434e-02 -9.167286008596420288e-02 -9.213855117559432983e-02 -5.059425532817840576e-02 7.927029393613338470e-03 5.344530194997787476e-02 6.493508070707321167e-02 3.906079381704330444e-02 -1.000040862709283829e-02 -5.884722620248794556e-02 -8.661407232284545898e-02 -8.431007713079452515e-02 -5.760154500603675842e-02 -2.251009643077850342e-02 3.060024930164217949e-03 7.489321753382682800e-03 -1.032770238816738129e-02 -4.190313816070556641e-02 -7.397457212209701538e-02 -9.470601379871368408e-02 -9.889971464872360229e-02 -9.060543775558471680e-02 -8.182802051305770874e-02 -8.554985374212265015e-02 -1.007620394229888916e-01
-5.605384334921836853e-02 7.747867703437805176e-02 2.036778330802917480e-01 2.883193790912628174e-01 3.079695701599121094e-01 2.618957161903381348e-01 1.720024943351745605e-01 7.232923805713653564e-02 -6.065526977181434631e-03 -4.729745909571647644e-02 -5.443392693996429443e-02 -4.402750730514526367e-02 -3.529157117009162903e-02 -4.008136689662933350e-02 -5.866689607501029968e-02 -8.257351815700531006e-02 -1.017511710524559021e-01 -1.112389340996742249e-01 -1.133241727948188782e-01 -1.142616868019104004e-01 -1.180298328399658203e-01 -1.213808953762054443e-01 -1.136376410722732544e-01 -8.184497058391571045e-02 -1.867472939193248749e-02 7.127152383327484131e-02 1.704530119895935059e-01 2.536750137805938721e-01 2.974376380443572998e-01 2.890621423721313477e-01 2.314583510160446167e-01 1.415790617465972900e-01 4.360015317797660828e-02 -3.986838087439537048e-02 -9.474793076515197754e-02 -1.181641072034835815e-01 -1.166164502501487732e-01 -1.013854071497917175e-01 -8.366119861602783203e-02 -7.129210233688354492e-02 -6.773120909929275513e-02 -7.259076088666915894e-02 -8.279797434806823730e-02 -9.370244294404983521e-02 -1.001261025667190552e-01 -9.767518192529678345e-02 -8.437588810920715332e-02 -6.208015605807304382e-02 -3.667428717017173767e-02 -1.638044416904449463e-02 -8.390688337385654449e-03 -1.520289108157157898e-02 -3.259461373090744019e-02 -5.067006498575210571e-02 -5.795706436038017273e-02 -4.684584960341453552e-02 -1.771552488207817078e-02 2.047995850443840027e-02 5.370851978659629822e-02 6.888689845800399780e-02 5.952312424778938293e-02 2.821629494428634644e-02 -1.510984357446432114e-02 -5.812845379114151001e-02 -9.147459268569946289e-02 -1.117695793509483337e-01 -1.210037171840667725e-01 -1.231452003121376038e-01 -1.204253584146499634e-01 -1.118081137537956238e-01 -9.464714676141738892e-02 -6.837002187967300415e-02 -3.753514215350151062e-02 -1.175611466169357300e-02 -1.789897447451949120e-03 -1.353750471025705338e-02 -4.334147274494171143e-02 -7.770524919033050537e-02 -9.838302433490753174e-02 -9.080804139375686646e-02 -5.170965194702148438e-02 8.198006078600883484e-03 6.825029850006103516e-02 1.069198250770568848e-01 1.115380227565765381e-01 8.374071866273880005e-02 3.785864636301994324e-02 -6.852161139249801636e-03 -3.598650172352790833e-02 -4.656439647078514099e-02 -4.695976898074150085e-02 -5.040014535188674927e-02 -6.582390516996383667e-02 -9.138767421245574951e-02 -1.144893616437911987e-01 -1.185517087578773499e-01 -9.296186268329620361e-02 -4.061634838581085205e-02 2.139865979552268982e-02 6.887225806713104248e-02 8.196394145488739014e-02 5.528010800480842590e-02 1.214247662574052811e-03 -5.540129169821739197e-02 -8.883796632289886475e-02 -8.452470600605010986e-02 -4.566910862922668457e-02 8.711781352758407593e-03 5.316490307450294495e-02 6.776420027017593384e-02 4.678165540099143982e-02 1.257923286175355315e-04 -5.258261412382125854e-02 -9.181074798107147217e-02 -1.067202091217041016e-01 -9.861934930086135864e-02 -7.829040288925170898e-02 -5.935004353523254395e-02 -5.143245309591293335e-02 -5.646475777029991150e-02 -6.924607604742050171e-02 -8.130335062742233276e-02 -8.578094094991683960e-02 -8.122041076421737671e-02 -7.282264530658721924e-02 -7.015834003686904907e-02 -7.990945130586624146e-02 -9.175074100494384766e-02
-4.747079685330390930e-02 8.959047496318817139e-02 2.037271261215209961e-01 2.667409777641296387e-01 2.643529772758483887e-01 2.037990838289260864e-01 1.115122437477111816e-01 2.198524586856365204e-02 -3.681497275829315186e-02 -5.438598617911338806e-02 -3.985558822751045227e-02 -1.487161312252283096e-02 -1.434613019227981567e-03 -1.117724925279617310e-02 -4.132910445332527161e-02 -7.866144925355911255e-02 -1.083612963557243347e-01 -1.224101856350898743e-01 -1.228080689907073975e-01 -1.182716861367225647e-01 -1.168908253312110901e-01 -1.194717958569526672e-01 -1.177513673901557922e-01 -9.874206036329269409e-02 -5.287491902709007263e-02 1.864270493388175964e-02 1.015248373150825500e-01 1.727822124958038330e-01 2.098848223686218262e-01 2.003336995840072632e-01 1.470748186111450195e-01 6.729944050312042236e-02 -1.459213066846132278e-02 -7.643326371908187866e-02 -1.059044748544692993e-01 -1.033544838428497314e-01 -7.936897128820419312e-02 -4.898867383599281311e-02 -2.556892484426498413e-02 -1.677331700921058655e-02 -2.365326508879661560e-02 -4.217750206589698792e-02 -6.576735526323318481e-02 -8.758102357387542725e-02 -1.020616590976715088e-01 -1.059369072318077087e-01 -9.897023439407348633e-02 -8.436008542776107788e-02 -6.824100762605667114e-02 -5.778644979000091553e-02 -5.810938403010368347e-02 -6.913457065820693970e-02 -8.418055623769760132e-02 -9.158421307802200317e-02 -7.932437211275100708e-02 -4.090292379260063171e-02 2.030236274003982544e-02 9.065705537796020508e-02 1.505742818117141724e-01 1.819013804197311401e-01 1.751102656126022339e-01 1.329368650913238525e-01 6.877348572015762329e-02 6.916624843142926693e-04 -5.589705705642700195e-02 -9.339180588722229004e-02 -1.127500981092453003e-01 -1.200794801115989685e-01 -1.215247362852096558e-01 -1.196190044283866882e-01 -1.131143122911453247e-01 -9.999740868806838989e-02 -8.131548017263412476e-02 -6.285672634840011597e-02 -5.304436758160591125e-02 -5.786776170134544373e-02 -7.581906765699386597e-02 -9.626829624176025391e-02 -1.030699163675308228e-01 -8.225882053375244141e-02 -3.009753860533237457e-02 4.296419769525527954e-02 1.150962859392166138e-01 1.619227528572082520e-01 1.673628687858581543e-01 1.311272382736206055e-01 6.897272914648056030e-02 5.396684166043996811e-03 -3.768905624747276306e-02 -5.067305639386177063e-02 -3.953958675265312195e-02 -2.127153426408767700e-02 -1.398459170013666153e-02 -2.709836885333061218e-02 -5.669927597045898438e-02 -8.836698532104492188e-02 -1.056907996535301208e-01 -9.967999905347824097e-02 -7.388628274202346802e-02 -4.248112812638282776e-02 -2.241588942706584930e-02 -2.401337400078773499e-02 -4.515872895717620850e-02 -7.226384431123733521e-02 -8.749157190322875977e-02 -7.836353778839111328e-02 -4.464141279458999634e-02 1.112248050048947334e-03 3.950307145714759827e-02 5.361597985029220581e-02 3.687757998704910278e-02 -4.356361459940671921e-03 -5.442001670598983765e-02 -9.590944647789001465e-02 -1.171798631548881531e-01 -1.162034273147583008e-01 -9.947723150253295898e-02 -7.732840627431869507e-02 -5.855331942439079285e-02 -4.713512957096099854e-02 -4.219044372439384460e-02 -4.042772576212882996e-02 -3.933995217084884644e-02 -3.942985832691192627e-02 -4.442792013287544250e-02 -5.881568789482116699e-02 -8.163230121135711670e-02 -9.512703120708465576e-02
-6.467454880475997925e-02 6.717476993799209595e-02 1.610809713602066040e-01 1.990372538566589355e-01 1.772917062044143677e-01 1.099148765206336975e-01 2.516661956906318665e-02 -4.502139613032341003e-02 -7.793340086936950684e-02 -6.904747337102890015e-02 -3.257083520293235779e-02 6.687558256089687347e-03 2.585659176111221313e-02 1.454859972000122070e-02 -2.170262299478054047e-02 -6.627549231052398682e-02 -1.013464555144309998e-01 -1.171686723828315735e-01 -1.158191040158271790e-01 -1.078482866287231445e-01 -1.043002381920814514e-01 -1.090383455157279968e-01 -1.159221455454826355e-01 -1.124588102102279663e-01 -8.779718726873397827e-02 -4.044603183865547180e-02 1.878199540078639984e-02 7.049557566642761230e-02 9.539476782083511353e-02 8.350154757499694824e-02 3.926049545407295227e-02 -2.003973163664340973e-02 -7.169018685817718506e-02 -9.717068821191787720e-02 -8.942887932062149048e-02 -5.473236739635467529e-02 -8.799850940704345703e-03 3.042357973754405975e-02 4.977178946137428284e-02 4.473203793168067932e-02 1.921662874519824982e-02 -1.770193502306938171e-02 -5.594383552670478821e-02 -8.755458146333694458e-02 -1.080431193113327026e-01 -1.163181960582733154e-01 -1.141017675399780273e-01 -1.053626239299774170e-01 -9.561333805322647095e-02 -9.052584320306777954e-02 -9.365736693143844604e-02 -1.039547473192214966e-01 -1.144703030586242676e-01 -1.136775687336921692e-01 -8.969368785619735718e-02 -3.605923801660537720e-02 4.354964196681976318e-02 1.343256086111068726e-01 2.142254561185836792e-01 2.615883350372314453e-01 2.633049190044403076e-01 2.198354750871658325e-01 1.447217762470245361e-01 5.883992090821266174e-02 -1.783263497054576874e-02 -7.305698096752166748e-02 -1.048057898879051208e-01 -1.188042014837265015e-01 -1.231525093317031860e-01 -1.233713030815124512e-01 -1.205803453922271729e-01 -1.133650168776512146e-01 -1.015003025531768799e-01 -8.853644877672195435e-02 -8.102069050073623657e-02 -8.439940959215164185e-02 -9.804615378379821777e-02 -1.128803640604019165e-01 -1.139229610562324524e-01 -8.737216144800186157e-02 -2.889966405928134918e-02 5.142019689083099365e-02 1.309051066637039185e-01 1.828554868698120117e-01 1.883407384157180786e-01 1.455218940973281860e-01 7.164840400218963623e-02 -3.734232857823371887e-03 -5.149238929152488708e-02 -5.561364442110061646e-02 -1.987806148827075958e-02 3.463731706142425537e-02 7.986395061016082764e-02 9.372993558645248413e-02 6.956025958061218262e-02 1.763569749891757965e-02 -4.127594828605651855e-02 -8.663300424814224243e-02 -1.074503660202026367e-01 -1.057535409927368164e-01 -9.303313493728637695e-02 -8.229991048574447632e-02 -8.043775707483291626e-02 -8.500416576862335205e-02 -8.688449114561080933e-02 -7.687546312808990479e-02 -5.219619721174240112e-02 -1.916573010385036469e-02 9.411898441612720490e-03 2.062504552304744720e-02 8.063553832471370697e-03 -2.484334819018840790e-02 -6.634686887264251709e-02 -1.017088741064071655e-01 -1.194323673844337463e-01 -1.153346747159957886e-01 -9.288825094699859619e-02 -6.036344170570373535e-02 -2.680457010865211487e-02 9.943027980625629425e-04 1.941531151533126831e-02 2.716776356101036072e-02 2.384597063064575195e-02 9.034142829477787018e-03 -1.742669567465782166e-02 -5.365531519055366516e-02 -9.174033254384994507e-02 -1.104928329586982727e-01
-9.426967799663543701e-02 2.207733318209648132e-02 9.151766449213027954e-02 1.077494025230407715e-01 7.595089077949523926e-02 1.355867553502321243e-02 -5.331700295209884644e-02 -9.848085790872573853e-02 -1.058738082647323608e-01 -7.623552531003952026e-02 -2.638010308146476746e-02 1.898378878831863403e-02 3.896823525428771973e-02 2.590462006628513336e-02 -1.219792570918798447e-02 -5.705285444855690002e-02 -9.014873951673507690e-02 -1.019528806209564209e-01 -9.549936652183532715e-02 -8.286336064338684082e-02 -7.696639746427536011e-02 -8.359652012586593628e-02 -9.817658364772796631e-02 -1.089612245559692383e-01 -1.046379506587982178e-01 -8.182954043149948120e-02 -4.808881133794784546e-02 -1.853987760841846466e-02 -7.892508059740066528e-03 -2.215512655675411224e-02 -5.458774790167808533e-02 -8.818898350000381470e-02 -1.035561338067054749e-01 -8.816682547330856323e-02 -4.246272891759872437e-02 2.015339210629463196e-02 7.917198538780212402e-02 1.156187430024147034e-01 1.193217113614082336e-01 9.169963747262954712e-02 4.344769194722175598e-02 -1.102064270526170731e-02 -5.931378155946731567e-02 -9.445174038410186768e-02 -1.150967851281166077e-01 -1.236015707254409790e-01 -1.236802786588668823e-01 -1.190647110342979431e-01 -1.132914051413536072e-01 -1.097223311662673950e-01 -1.107709333300590515e-01 -1.161582022905349731e-01 -1.212171688675880432e-01 -1.168723255395889282e-01 -9.236396104097366333e-02 -4.024064913392066956e-02 3.851123154163360596e-02 1.320153325796127319e-01 2.196624726057052612e-01 2.786586582660675049e-01 2.924195528030395508e-01 2.570684254169464111e-01 1.829712390899658203e-01 9.054522961378097534e-02 2.323531778529286385e-03 -6.499692797660827637e-02 -1.049936339259147644e-01 -1.209085658192634583e-01 -1.211328804492950439e-01 -1.137936562299728394e-01 -1.035022437572479248e-01 -9.161897748708724976e-02 -7.900656759738922119e-02 -6.865222752094268799e-02 -6.571944802999496460e-02 -7.445240765810012817e-02 -9.374771267175674438e-02 -1.146007925271987915e-01 -1.220207586884498596e-01 -1.015626788139343262e-01 -4.766762629151344299e-02 3.071015886962413788e-02 1.109854504466056824e-01 1.651006489992141724e-01 1.718581467866897583e-01 1.276899427175521851e-01 5.028701201081275940e-02 -2.739530615508556366e-02 -7.063472270965576172e-02 -5.801116302609443665e-02 8.908225223422050476e-03 1.058528497815132141e-01 1.960359215736389160e-01 2.455450147390365601e-01 2.369069904088973999e-01 1.748864799737930298e-01 8.246029168367385864e-02 -1.042327657341957092e-02 -7.956156879663467407e-02 -1.148122176527976990e-01 -1.208378523588180542e-01 -1.111115962266921997e-01 -9.918142110109329224e-02 -9.200176596641540527e-02 -8.839667588472366333e-02 -8.258476853370666504e-02 -6.995831429958343506e-02 -5.139769986271858215e-02 -3.363096714019775391e-02 -2.564582228660583496e-02 -3.343281149864196777e-02 -5.614451318979263306e-02 -8.577844500541687012e-02 -1.104364395141601562e-01 -1.193229407072067261e-01 -1.069454848766326904e-01 -7.471738755702972412e-02 -2.972632832825183868e-02 1.817410811781883240e-02 5.932646989822387695e-02 8.619008213281631470e-02 9.408499300479888916e-02 8.128693699836730957e-02 4.903182387351989746e-02 1.656225300393998623e-03 -5.300585925579071045e-02 -1.024663597345352173e-01 -1.268074959516525269e-01
-1.124733611941337585e-01 -2.234169282019138336e-02 2.282539755105972290e-02 2.644575759768486023e-02 -1.730737159959971905e-03 -4.596923664212226868e-02 -8.670827746391296387e-02 -1.061554849147796631e-01 -9.525373578071594238e-02 -5.806881934404373169e-02 -1.049200072884559631e-02 2.685001119971275330e-02 3.825285658240318298e-02 2.027997374534606934e-02 -1.703262515366077423e-02 -5.572137609124183655e-02 -7.920268923044204712e-02 -8.038759976625442505e-02 -6.439632177352905273e-02 -4.468832165002822876e-02 -3.502567857503890991e-02 -4.186766967177391052e-02 -6.137757748365402222e-02 -8.249368518590927124e-02 -9.404342621564865112e-02 -9.162275493144989014e-02 -8.017209917306900024e-02 -7.070997357368469238e-02 -7.309032976627349854e-02 -8.900021016597747803e-02 -1.093869805335998535e-01 -1.181021928787231445e-01 -1.001026332378387451e-01 -4.996326193213462830e-02 2.384555339813232422e-02 1.013201475143432617e-01 1.589030623435974121e-01 1.792016625404357910e-01 1.577759385108947754e-01 1.039566546678543091e-01 3.575132414698600769e-02 -2.823149226605892181e-02 -7.575400173664093018e-02 -1.037704199552536011e-01 -1.165508627891540527e-01 -1.210424751043319702e-01 -1.225109174847602844e-01 -1.227621063590049744e-01 -1.212704479694366455e-01 -1.176267340779304504e-01 -1.130413189530372620e-01 -1.095444634556770325e-01 -1.073720604181289673e-01 -1.025713756680488586e-01 -8.705902099609375000e-02 -5.200264975428581238e-02 6.751427426934242249e-03 8.410197496414184570e-02 1.648933440446853638e-01 2.280916720628738403e-01 2.545295655727386475e-01 2.347667068243026733e-01 1.733090877532958984e-01 8.710423111915588379e-02 -9.816603269428014755e-04 -7.058994472026824951e-02 -1.103346198797225952e-01 -1.197074055671691895e-01 -1.063340529799461365e-01 -8.081276714801788330e-02 -5.222503468394279480e-02 -2.642589621245861053e-02 -7.111138664186000824e-03 2.213509986177086830e-03 -2.310270676389336586e-03 -2.292783185839653015e-02 -5.685186013579368591e-02 -9.404508769512176514e-02 -1.187628582119941711e-01 -1.154507473111152649e-01 -7.678908854722976685e-02 -9.702012874186038971e-03 6.463404744863510132e-02 1.181373894214630127e-01 1.280590146780014038e-01 8.862643688917160034e-02 1.615273579955101013e-02 -5.571088194847106934e-02 -8.931682258844375610e-02 -5.938137322664260864e-02 3.503249585628509521e-02 1.685930043458938599e-01 2.990041673183441162e-01 3.835458159446716309e-01 3.955688774585723877e-01 3.338317275047302246e-01 2.210377454757690430e-01 9.295789897441864014e-02 -1.638414710760116577e-02 -8.671677857637405396e-02 -1.159462034702301025e-01 -1.162520870566368103e-01 -1.050302833318710327e-01 -9.579309076070785522e-02 -9.333343058824539185e-02 -9.463249146938323975e-02 -9.381507337093353271e-02 -8.761104941368103027e-02 -7.806710153818130493e-02 -7.125657796859741211e-02 -7.317006587982177734e-02 -8.546113222837448120e-02 -1.035639047622680664e-01 -1.181746572256088257e-01 -1.191985011100769043e-01 -1.000823676586151123e-01 -6.052693724632263184e-02 -6.643644999712705612e-03 5.106473341584205627e-02 1.007309556007385254e-01 1.320047527551651001e-01 1.381711065769195557e-01 1.174005195498466492e-01 7.317400723695755005e-02 1.383284479379653931e-02 -4.871404170989990234e-02 -1.006141901016235352e-01 -1.270761638879776001e-01
-9.818410128355026245e-02 -4.278534650802612305e-02 -1.763362810015678406e-02 -1.454044785350561142e-02 -2.503667213022708893e-02 -4.032993689179420471e-02 -5.104890093207359314e-02 -4.928054660558700562e-02 -3.217257931828498840e-02 -4.432433750480413437e-03 2.271549962460994720e-02 3.645459190011024475e-02 2.895515039563179016e-02 2.013168297708034515e-03 -3.308214619755744934e-02 -6.074912101030349731e-02 -6.881932169198989868e-02 -5.467111244797706604e-02 -2.646856009960174561e-02 1.177673228085041046e-03 1.475390512496232986e-02 8.474928326904773712e-03 -1.354938745498657227e-02 -4.060799628496170044e-02 -6.203744560480117798e-02 -7.324219495058059692e-02 -7.752919942140579224e-02 -8.269705623388290405e-02 -9.447047114372253418e-02 -1.108528599143028259e-01 -1.211110800504684448e-01 -1.105413138866424561e-01 -6.880150735378265381e-02 2.668452914804220200e-03 8.846081048250198364e-02 1.639846265316009521e-01 2.052998691797256470e-01 1.993240118026733398e-01 1.493920683860778809e-01 7.344342023134231567e-02 -4.177115857601165771e-03 -6.315235048532485962e-02 -9.475979954004287720e-02 -1.031889840960502625e-01 -1.006154865026473999e-01 -9.923599660396575928e-02 -1.047678440809249878e-01 -1.147042959928512573e-01 -1.216870024800300598e-01 -1.194160059094429016e-01 -1.072307601571083069e-01 -9.052587300539016724e-02 -7.684319466352462769e-02 -7.020210474729537964e-02 -6.738632917404174805e-02 -5.881744995713233948e-02 -3.393595665693283081e-02 1.175231765955686569e-02 7.201209664344787598e-02 1.305622160434722900e-01 1.672648787498474121e-01 1.669898033142089844e-01 1.268014758825302124e-01 5.789802595973014832e-02 -1.862492412328720093e-02 -8.005330711603164673e-02 -1.104031726717948914e-01 -1.051555126905441284e-01 -7.082425057888031006e-02 -2.049516141414642334e-02 3.177995234727859497e-02 7.491132616996765137e-02 1.018282324075698853e-01 1.085198000073432922e-01 9.305499494075775146e-02 5.612552538514137268e-02 2.983581740409135818e-03 -5.504964292049407959e-02 -1.017870828509330750e-01 -1.210831180214881897e-01 -1.040216311812400818e-01 -5.487314611673355103e-02 8.007501251995563507e-03 5.818895250558853149e-02 7.243984937667846680e-02 4.245301708579063416e-02 -1.884359680116176605e-02 -8.030356466770172119e-02 -1.046024635434150696e-01 -6.451473385095596313e-02 4.381847009062767029e-02 1.969276666641235352e-01 3.516095876693725586e-01 4.610683619976043701e-01 4.926646351814270020e-01 4.396453201770782471e-01 3.220843672752380371e-01 1.772406995296478271e-01 4.418942704796791077e-02 -5.027057975530624390e-02 -9.866481274366378784e-02 -1.108600273728370667e-01 -1.053790375590324402e-01 -9.907079488039016724e-02 -1.001739203929901123e-01 -1.073623299598693848e-01 -1.139814332127571106e-01 -1.141877844929695129e-01 -1.072553321719169617e-01 -9.788115322589874268e-02 -9.282993525266647339e-02 -9.625796228647232056e-02 -1.065437495708465576e-01 -1.163606494665145874e-01 -1.158385500311851501e-01 -9.708755463361740112e-02 -5.787936970591545105e-02 -2.957533346489071846e-03 5.728191882371902466e-02 1.099100187420845032e-01 1.431220024824142456e-01 1.493619978427886963e-01 1.272734254598617554e-01 8.214167505502700806e-02 2.465413697063922882e-02 -3.191937506198883057e-02 -7.542829960584640503e-02 -9.809657931327819824e-02
-4.637657105922698975e-02 -2.869459427893161774e-02 -1.634874008595943451e-02 -2.461665077134966850e-03 1.476123463362455368e-02 3.341978415846824646e-02 5.093500018119812012e-02 6.551456451416015625e-02 7.555398344993591309e-02 7.842674851417541504e-02 7.052716612815856934e-02 4.928183183073997498e-02 1.607708260416984558e-02 -2.205238118767738342e-02 -5.373784527182579041e-02 -6.763580441474914551e-02 -5.786598473787307739e-02 -2.755928598344326019e-02 1.172461826354265213e-02 4.479996860027313232e-02 5.959172546863555908e-02 5.232131853699684143e-02 2.840042673051357269e-02 -1.366351265460252762e-03 -2.703224867582321167e-02 -4.456819593906402588e-02 -5.677671730518341064e-02 -6.955948472023010254e-02 -8.587907999753952026e-02 -1.013185083866119385e-01 -1.044307574629783630e-01 -8.237747102975845337e-02 -2.913718298077583313e-02 4.832502081990242004e-02 1.299050003290176392e-01 1.892316341400146484e-01 2.047767937183380127e-01 1.698645204305648804e-01 9.641315788030624390e-02 1.018838956952095032e-02 -6.039914488792419434e-02 -9.658312797546386719e-02 -9.662811458110809326e-02 -7.479913532733917236e-02 -5.270182341337203979e-02 -4.765039309859275818e-02 -6.411966681480407715e-02 -9.254371374845504761e-02 -1.157228276133537292e-01 -1.190548241138458252e-01 -9.887899458408355713e-02 -6.441242992877960205e-02 -3.237097337841987610e-02 -1.740479841828346252e-02 -2.374009788036346436e-02 -4.269861802458763123e-02 -5.749767273664474487e-02 -5.272607132792472839e-02 -2.333252690732479095e-02 2.178097702562808990e-02 6.357521563768386841e-02 8.218025416135787964e-02 6.691779196262359619e-02 2.196971885859966278e-02 -3.503933548927307129e-02 -8.064088970422744751e-02 -9.541866183280944824e-02 -7.150023430585861206e-02 -1.454925257712602615e-02 5.985300987958908081e-02 1.328877657651901245e-01 1.887228190898895264e-01 2.177919596433639526e-01 2.168108522891998291e-01 1.870932728052139282e-01 1.332173645496368408e-01 6.303003430366516113e-02 -1.174787338823080063e-02 -7.615077495574951172e-02 -1.152447685599327087e-01 -1.196613162755966187e-01 -9.092482924461364746e-02 -4.320738464593887329e-02 7.296457770280539989e-04 1.881388947367668152e-02 4.623616405297070742e-04 -4.637377336621284485e-02 -9.612088650465011597e-02 -1.151665225625038147e-01 -7.654850184917449951e-02 2.670860104262828827e-02 1.759597510099411011e-01 3.321107923984527588e-01 4.497869908809661865e-01 4.944927394390106201e-01 4.553369879722595215e-01 3.479692935943603516e-01 2.068926542997360229e-01 7.107903063297271729e-02 -3.047532215714454651e-02 -8.714444935321807861e-02 -1.062284037470817566e-01 -1.051960438489913940e-01 -1.012956798076629639e-01 -1.037778034806251526e-01 -1.119359135627746582e-01 -1.188140064477920532e-01 -1.175889298319816589e-01 -1.066942960023880005e-01 -9.097444266080856323e-02 -7.865536957979202271e-02 -7.623781263828277588e-02 -8.435068279504776001e-02 -9.682346880435943604e-02 -1.033513173460960388e-01 -9.425935894250869751e-02 -6.498573720455169678e-02 -1.829532347619533539e-02 3.650255128741264343e-02 8.671500533819198608e-02 1.204065829515457153e-01 1.300779432058334351e-01 1.148620173335075378e-01 8.071200549602508545e-02 3.844650089740753174e-02 -5.149504067958332598e-05 -2.649296633899211884e-02 -3.982266411185264587e-02
2.631839364767074585e-02 1.119526289403438568e-02 1.914785616099834442e-02 5.091536417603492737e-02 9.858769923448562622e-02 1.486080884933471680e-01 1.872171759605407715e-01 2.047884762287139893e-01 1.975205540657043457e-01 1.668806523084640503e-01 1.181902959942817688e-01 5.950029939413070679e-02 8.888665470294654369e-04 -4.656070470809936523e-02 -7.287228852510452271e-02 -7.226886600255966187e-02 -4.598879814147949219e-02 -3.056265413761138916e-03 4.211115092039108276e-02 7.477848231792449951e-02 8.553012460470199585e-02 7.370973378419876099e-02 4.681176692247390747e-02 1.605479232966899872e-02 -9.506055153906345367e-03 -2.705626375973224640e-02 -3.995917737483978271e-02 -5.360372364521026611e-02 -6.972129642963409424e-02 -8.287797123193740845e-02 -8.183280378580093384e-02 -5.569282174110412598e-02 -1.771566923707723618e-03 6.945774704217910767e-02 1.358910501003265381e-01 1.721347421407699585e-01 1.611715108156204224e-01 1.035745367407798767e-01 1.915251091122627258e-02 -6.059386208653450012e-02 -1.061693504452705383e-01 -1.035108715295791626e-01 -6.047949194908142090e-02 -2.959523815661668777e-03 3.776519373059272766e-02 4.024431481957435608e-02 3.162570763379335403e-03 -5.442851781845092773e-02 -1.030285209417343140e-01 -1.177026703953742981e-01 -9.058160334825515747e-02 -3.457669168710708618e-02 2.341872081160545349e-02 5.619766190648078918e-02 4.970634356141090393e-02 9.501656517386436462e-03 -4.285752028226852417e-02 -8.131607621908187866e-02 -8.859065920114517212e-02 -6.437622755765914917e-02 -2.450679801404476166e-02 8.132844232022762299e-03 1.597092114388942719e-02 -4.032150842249393463e-03 -3.882652893662452698e-02 -6.579869985580444336e-02 -6.374303996562957764e-02 -2.270165458321571350e-02 5.188867077231407166e-02 1.420969516038894653e-01 2.252576351165771484e-01 2.823913693428039551e-01 3.034826219081878662e-01 2.880957126617431641e-01 2.424798905849456787e-01 1.758259981870651245e-01 9.796670824289321899e-02 1.906970515847206116e-02 -4.996007680892944336e-02 -9.828396141529083252e-02 -1.180577278137207031e-01 -1.084509342908859253e-01 -7.817544043064117432e-02 -4.398809373378753662e-02 -2.451322600245475769e-02 -3.150801360607147217e-02 -6.275004893541336060e-02 -1.006870791316032410e-01 -1.185802891850471497e-01 -9.216545522212982178e-02 -1.176181342452764511e-02 1.109971702098846436e-01 2.454709261655807495e-01 3.528779447078704834e-01 4.011500179767608643e-01 3.772280812263488770e-01 2.914067208766937256e-01 1.720618754625320435e-01 5.353450030088424683e-02 -3.709629923105239868e-02 -8.851639181375503540e-02 -1.057978197932243347e-01 -1.039507836103439331e-01 -9.844613820314407349e-02 -9.768970310688018799e-02 -1.008139699697494507e-01 -1.010226085782051086e-01 -9.182288497686386108e-02 -7.227890193462371826e-02 -4.837867990136146545e-02 -3.001590445637702942e-02 -2.553431503474712372e-02 -3.696741536259651184e-02 -5.852541327476501465e-02 -7.901246100664138794e-02 -8.681137114763259888e-02 -7.492743432521820068e-02 -4.380460456013679504e-02 -9.079742012545466423e-04 4.239991679787635803e-02 7.515098899602890015e-02 9.053546190261840820e-02 8.793286234140396118e-02 7.269357144832611084e-02 5.372603237628936768e-02 3.944355249404907227e-02 3.333651274442672729e-02 3.155124187469482422e-02
8.810970932245254517e-02 5.270469561219215393e-02 6.373438239097595215e-02 1.141114160418510437e-01 1.866398304700851440e-01 2.583394944667816162e-01 3.074682950973510742e-01 3.197007179260253906e-01 2.912320494651794434e-01 2.283696234226226807e-01 1.446182578802108765e-01 5.678663402795791626e-02 -1.871914416551589966e-02 -6.895427405834197998e-02 -8.681140840053558350e-02 -7.257729023694992065e-02 -3.415649756789207458e-02 1.466824673116207123e-02 5.805343762040138245e-02 8.307608217000961304e-02 8.402231335639953613e-02 6.399068236351013184e-02 3.281678259372711182e-02 2.100911922752857208e-03 -2.026189863681793213e-02 -3.318630903959274292e-02 -4.140188172459602356e-02 -5.087918415665626526e-02 -6.336802244186401367e-02 -7.352472096681594849e-02 -7.087755948305130005e-02 -4.613981395959854126e-02 1.417634310200810432e-03 6.001890823245048523e-02 1.080359667539596558e-01 1.230487450957298279e-01 9.338188916444778442e-02 2.616640925407409668e-02 -5.298633873462677002e-02 -1.097466275095939636e-01 -1.164339259266853333e-01 -6.580980867147445679e-02 2.377748861908912659e-02 1.151787191629409790e-01 1.686744093894958496e-01 1.602895259857177734e-01 9.340695291757583618e-02 -2.180139767006039619e-03 -8.367082476615905762e-02 -1.149224191904067993e-01 -8.304461836814880371e-02 -4.014754667878150940e-03 8.525992929935455322e-02 1.444251984357833862e-01 1.481556892395019531e-01 9.681265056133270264e-02 1.455419976264238358e-02 -6.354361027479171753e-02 -1.085109561681747437e-01 -1.101388335227966309e-01 -7.939437031745910645e-02 -4.017111286520957947e-02 -1.530689932405948639e-02 -1.436587050557136536e-02 -2.929267846047878265e-02 -3.964350745081901550e-02 -2.411257661879062653e-02 2.790093049407005310e-02 1.105114072561264038e-01 2.038121819496154785e-01 2.827140688896179199e-01 3.273029327392578125e-01 3.296634256839752197e-01 2.945309877395629883e-01 2.346098423004150391e-01 1.639508008956909180e-01 9.312942624092102051e-02 2.817650139331817627e-02 -2.743069641292095184e-02 -7.023300975561141968e-02 -9.618282318115234375e-02 -1.026875525712966919e-01 -9.178802371025085449e-02 -7.174536585807800293e-02 -5.498253926634788513e-02 -5.255294591188430786e-02 -6.775415688753128052e-02 -9.261431545019149780e-02 -1.099217981100082397e-01 -1.006654724478721619e-01 -5.369127541780471802e-02 2.720491774380207062e-02 1.226392090320587158e-01 2.043199688196182251e-01 2.462652921676635742e-01 2.354233711957931519e-01 1.767610460519790649e-01 9.055528044700622559e-02 3.395965788513422012e-03 -6.265874952077865601e-02 -9.770526736974716187e-02 -1.052353829145431519e-01 -9.719506651163101196e-02 -8.607637137174606323e-02 -7.840342819690704346e-02 -7.278360426425933838e-02 -6.295639276504516602e-02 -4.354095086455345154e-02 -1.490609720349311829e-02 1.565900444984436035e-02 3.706092014908790588e-02 3.998631611466407776e-02 2.186578512191772461e-02 -1.140721701085567474e-02 -4.780600592494010925e-02 -7.424935698509216309e-02 -8.187184482812881470e-02 -6.907750666141510010e-02 -4.127774760127067566e-02 -7.860613986849784851e-03 2.194716595113277435e-02 4.250724986195564270e-02 5.329191684722900391e-02 5.818107351660728455e-02 6.289204210042953491e-02 7.135125249624252319e-02 8.241151273250579834e-02 8.951877057552337646e-02
1.080342903733253479e-01 6.903734058141708374e-02 8.762282133102416992e-02 1.508605778217315674e-01 2.359452098608016968e-01 3.152397572994232178e-01 3.637814521789550781e-01 3.661367297172546387e-01 3.200712502002716064e-01 2.360241413116455078e-01 1.330685019493103027e-01 3.312338143587112427e-02 -4.468023777008056641e-02 -8.814741671085357666e-02 -9.410780668258666992e-02 -6.839589774608612061e-02 -2.389346063137054443e-02 2.305054478347301483e-02 5.718493461608886719e-02 6.877302378416061401e-02 5.637925118207931519e-02 2.677481248974800110e-02 -8.303189650177955627e-03 -3.737567365169525146e-02 -5.411997810006141663e-02 -5.952495336532592773e-02 -6.009543314576148987e-02 -6.296019256114959717e-02 -7.058086246252059937e-02 -7.826900482177734375e-02 -7.640030235052108765e-02 -5.659380555152893066e-02 -1.856852881610393524e-02 2.657535672187805176e-02 5.948085710406303406e-02 6.157036125659942627e-02 2.593043819069862366e-02 -3.581845015287399292e-02 -9.529296308755874634e-02 -1.183880269527435303e-01 -8.131062984466552734e-02 1.593025401234626770e-02 1.457840204238891602e-01 2.622509598731994629e-01 3.197552561759948730e-01 2.936051487922668457e-01 1.924068182706832886e-01 5.604821816086769104e-02 -6.054869666695594788e-02 -1.109121814370155334e-01 -7.710096240043640137e-02 2.286252565681934357e-02 1.435851454734802246e-01 2.327874600887298584e-01 2.540461719036102295e-01 2.013470232486724854e-01 9.920898079872131348e-02 -1.079341210424900055e-02 -8.989675343036651611e-02 -1.185987144708633423e-01 -1.022093668580055237e-01 -6.388351321220397949e-02 -2.980860695242881775e-02 -1.476699579507112503e-02 -1.544803939759731293e-02 -1.434048172086477280e-02 8.659847080707550049e-03 6.363102793693542480e-02 1.438040733337402344e-01 2.278943359851837158e-01 2.899499833583831787e-01 3.112696409225463867e-01 2.882318198680877686e-01 2.324366420507431030e-01 1.638060063123703003e-01 1.008444577455520630e-01 5.328946560621261597e-02 2.052599564194679260e-02 -4.347793292254209518e-03 -2.799049206078052521e-02 -5.199383199214935303e-02 -7.244285941123962402e-02 -8.360815048217773438e-02 -8.295639604330062866e-02 -7.396576553583145142e-02 -6.473379582166671753e-02 -6.309767812490463257e-02 -7.127497345209121704e-02 -8.349286019802093506e-02 -8.841484040021896362e-02 -7.535772025585174561e-02 -4.096090048551559448e-02 7.501095533370971680e-03 5.427365005016326904e-02 8.191480487585067749e-02 7.934744656085968018e-02 4.705653339624404907e-02 -3.201182233169674873e-03 -5.392965674400329590e-02 -8.972803503274917603e-02 -1.034247353672981262e-01 -9.760367870330810547e-02 -8.119975030422210693e-02 -6.346019357442855835e-02 -4.879887029528617859e-02 -3.531094267964363098e-02 -1.747650280594825745e-02 8.827415294945240021e-03 4.212628304958343506e-02 7.451122254133224487e-02 9.473913908004760742e-02 9.361156076192855835e-02 6.873431801795959473e-02 2.614899538457393646e-02 -2.195338904857635498e-02 -6.217984482645988464e-02 -8.503826707601547241e-02 -8.783519268035888672e-02 -7.433596253395080566e-02 -5.183517932891845703e-02 -2.739432267844676971e-02 -5.068403203040361404e-03 1.485532708466053009e-02 3.462255746126174927e-02 5.650712549686431885e-02 8.004732429981231689e-02 1.003433540463447571e-01 1.097805649042129517e-01
7.297667860984802246e-02 4.583855718374252319e-02 7.223072648048400879e-02 1.380199939012527466e-01 2.203439772129058838e-01 2.927048802375793457e-01 3.318991661071777344e-01 3.244977593421936035e-01 2.704298794269561768e-01 1.823421567678451538e-01 8.112142235040664673e-02 -1.063081063330173492e-02 -7.489544153213500977e-02 -1.024933606386184692e-01 -9.446709603071212769e-02 -6.069914251565933228e-02 -1.648263446986675262e-02 2.198221534490585327e-02 4.209856688976287842e-02 3.827993199229240417e-02 1.323246117681264877e-02 -2.348049543797969818e-02 -5.933175235986709595e-02 -8.386468887329101562e-02 -9.281027317047119141e-02 -8.934453874826431274e-02 -8.170568943023681641e-02 -7.818852365016937256e-02 -8.206945657730102539e-02 -8.935163915157318115e-02 -9.094801545143127441e-02 -7.851563394069671631e-02 -5.084487423300743103e-02 -1.686728559434413910e-02 7.295471150428056717e-03 6.704690866172313690e-03 -2.247446961700916290e-02 -6.704589724540710449e-02 -9.917267411947250366e-02 -8.754717558622360229e-02 -1.305609662085771561e-02 1.185002550482749939e-01 2.737153470516204834e-01 4.018641710281372070e-01 4.549545645713806152e-01 4.090955853462219238e-01 2.772133648395538330e-01 1.064268499612808228e-01 -3.980799019336700439e-02 -1.075009629130363464e-01 -7.455873489379882812e-02 4.026583209633827209e-02 1.859837323427200317e-01 3.015770912170410156e-01 3.416506052017211914e-01 2.940206527709960938e-01 1.818240582942962646e-01 5.020359158515930176e-02 -5.522776022553443909e-02 -1.075699776411056519e-01 -1.068044677376747131e-01 -7.428514957427978516e-02 -3.780080378055572510e-02 -1.576962135732173920e-02 -8.808855898678302765e-03 -2.402450656518340111e-03 2.176153101027011871e-02 7.270273566246032715e-02 1.427902281284332275e-01 2.101267874240875244e-01 2.492204904556274414e-01 2.440213710069656372e-01 1.962733268737792969e-01 1.248147413134574890e-01 5.637120828032493591e-02 1.282484829425811768e-02 1.576734939590096474e-03 1.370598934590816498e-02 3.034557960927486420e-02 3.342636674642562866e-02 1.494085229933261871e-02 -1.992421038448810577e-02 -5.687163025140762329e-02 -8.099223673343658447e-02 -8.476671576499938965e-02 -7.133768498897552490e-02 -5.172768607735633850e-02 -3.807970508933067322e-02 -3.700150176882743835e-02 -4.669597744941711426e-02 -5.914691090583801270e-02 -6.568101793527603149e-02 -6.243136897683143616e-02 -5.252251029014587402e-02 -4.388956353068351746e-02 -4.423752054572105408e-02 -5.623244121670722961e-02 -7.573561370372772217e-02 -9.399930387735366821e-02 -1.024052798748016357e-01 -9.691578149795532227e-02 -7.970120012760162354e-02 -5.716815590858459473e-02 -3.575827926397323608e-02 -1.815054938197135925e-02 -2.170363906770944595e-03 1.698076725006103516e-02 4.258340597152709961e-02 7.291918992996215820e-02 1.006606444716453552e-01 1.156849712133407593e-01 1.098891273140907288e-01 8.142796158790588379e-02 3.610441088676452637e-02 -1.480180490761995316e-02 -5.908203125000000000e-02 -8.817087858915328979e-02 -9.955873340368270874e-02 -9.617837518453598022e-02 -8.354825526475906372e-02 -6.649056822061538696e-02 -4.716909676790237427e-02 -2.521071396768093109e-02 5.057636299170553684e-04 2.949937433004379272e-02 5.791308358311653137e-02 7.832799851894378662e-02 8.279323577880859375e-02
-4.012053366750478745e-03 -9.985961951315402985e-03 2.047490514814853668e-02 7.730836421251296997e-02 1.430519223213195801e-01 1.973984688520431519e-01 2.227395772933959961e-01 2.095247507095336914e-01 1.593969613313674927e-01 8.466248214244842529e-02 4.179262090474367142e-03 -6.275012344121932983e-02 -1.021995842456817627e-01 -1.092228144407272339e-01 -8.836270123720169067e-02 -5.135030671954154968e-02 -1.305656787008047104e-02 1.299013011157512665e-02 1.834325306117534637e-02 1.754301949404180050e-03 -3.086148202419281006e-02 -6.868126988410949707e-02 -9.990415722131729126e-02 -1.161229386925697327e-01 -1.154776439070701599e-01 -1.031316071748733521e-01 -8.859417587518692017e-02 -8.088527619838714600e-02 -8.379616588354110718e-02 -9.377093613147735596e-02 -1.018411740660667419e-01 -9.895130991935729980e-02 -8.194561302661895752e-02 -5.666451901197433472e-02 -3.572305291891098022e-02 -3.129796683788299561e-02 -4.630834609270095825e-02 -6.901150196790695190e-02 -7.506700605154037476e-02 -3.765882924199104309e-02 5.814816057682037354e-02 2.037091851234436035e-01 3.644872903823852539e-01 4.900900125503540039e-01 5.337611436843872070e-01 4.732887446880340576e-01 3.235996961593627930e-01 1.342663615942001343e-01 -2.828639931976795197e-02 -1.069281101226806641e-01 -7.708570361137390137e-02 4.327088594436645508e-02 2.015351057052612305e-01 3.327944278717041016e-01 3.865774869918823242e-01 3.461633920669555664e-01 2.323276251554489136e-01 9.084635227918624878e-02 -2.941801398992538452e-02 -9.710103273391723633e-02 -1.082777082920074463e-01 -8.230850100517272949e-02 -4.730619862675666809e-02 -2.376049011945724487e-02 -1.500955689698457718e-02 -8.908015675842761993e-03 1.130484696477651596e-02 5.384717881679534912e-02 1.107958704233169556e-01 1.605096608400344849e-01 1.787936985492706299e-01 1.525956690311431885e-01 8.856035768985748291e-02 1.150242052972316742e-02 -4.674354940652847290e-02 -6.249723583459854126e-02 -3.168208524584770203e-02 2.827038988471031189e-02 8.695905655622482300e-02 1.156028881669044495e-01 1.003766059875488281e-01 4.806749522686004639e-02 -1.829700730741024017e-02 -7.115221768617630005e-02 -9.131879359483718872e-02 -7.588680088520050049e-02 -3.777585923671722412e-02 1.958064734935760498e-03 2.457591891288757324e-02 2.154159359633922577e-02 -3.558924887329339981e-03 -3.904838487505912781e-02 -7.214774936437606812e-02 -9.490196406841278076e-02 -1.062418296933174133e-01 -1.099211648106575012e-01 -1.103739812970161438e-01 -1.093557476997375488e-01 -1.052860915660858154e-01 -9.525407850742340088e-02 -7.795151323080062866e-02 -5.536400526762008667e-02 -3.203571587800979614e-02 -1.242172066122293472e-02 1.858592266216874123e-03 1.296107005327939987e-02 2.519513852894306183e-02 4.174286872148513794e-02 6.174137443304061890e-02 7.963289320468902588e-02 8.738796412944793701e-02 7.850433140993118286e-02 5.159753933548927307e-02 1.157959084957838058e-02 -3.223725408315658569e-02 -7.006686925888061523e-02 -9.548515081405639648e-02 -1.072183623909950256e-01 -1.081905663013458252e-01 -1.027145758271217346e-01 -9.366465359926223755e-02 -8.127535134553909302e-02 -6.408178806304931641e-02 -4.121981933712959290e-02 -1.464522164314985275e-02 9.928906336426734924e-03 2.393912896513938904e-02 1.925877109169960022e-02
-8.939588814973831177e-02 -7.303520292043685913e-02 -4.433660954236984253e-02 -5.417909473180770874e-03 3.529098629951477051e-02 6.660126894712448120e-02 7.827513664960861206e-02 6.492870301008224487e-02 2.867089956998825073e-02 -2.095967158675193787e-02 -7.002180069684982300e-02 -1.049828007817268372e-01 -1.173157319426536560e-01 -1.060877814888954163e-01 -7.774157077074050903e-02 -4.345868155360221863e-02 -1.529777608811855316e-02 -2.475677058100700378e-03 -8.835688233375549316e-03 -3.203454241156578064e-02 -6.452070921659469604e-02 -9.602226316928863525e-02 -1.169342845678329468e-01 -1.216575875878334045e-01 -1.107254698872566223e-01 -9.071245044469833374e-02 -7.161929458379745483e-02 -6.253062933683395386e-02 -6.736062467098236084e-02 -8.280719071626663208e-02 -9.984099864959716797e-02 -1.083497330546379089e-01 -1.027315109968185425e-01 -8.533381670713424683e-02 -6.537734717130661011e-02 -5.326715856790542603e-02 -5.293112620711326599e-02 -5.652232468128204346e-02 -4.530303180217742920e-02 2.301268512383103371e-03 9.841597825288772583e-02 2.351337522268295288e-01 3.818150460720062256e-01 4.933908283710479736e-01 5.275743603706359863e-01 4.640034437179565430e-01 3.163773119449615479e-01 1.309536993503570557e-01 -2.937162108719348907e-02 -1.094272509217262268e-01 -8.420071750879287720e-02 3.071261011064052582e-02 1.855983734130859375e-01 3.173819184303283691e-01 3.754669725894927979e-01 3.412142097949981689e-01 2.327541857957839966e-01 9.382400661706924438e-02 -2.726385369896888733e-02 -9.818460792303085327e-02 -1.132972240447998047e-01 -9.053303301334381104e-02 -5.760813504457473755e-02 -3.574589639902114868e-02 -2.964727953076362610e-02 -2.842504531145095825e-02 -1.592976413667201996e-02 1.622674800455570221e-02 6.089574843645095825e-02 9.761917591094970703e-02 1.038169786334037781e-01 6.869343668222427368e-02 1.870314939878880978e-03 -6.858892738819122314e-02 -1.084604933857917786e-01 -9.404092282056808472e-02 -2.475273609161376953e-02 7.495504617691040039e-02 1.657326072454452515e-01 2.107827961444854736e-01 1.923025548458099365e-01 1.191253289580345154e-01 2.216325886547565460e-02 -5.983694642782211304e-02 -9.724453836679458618e-02 -8.134170621633529663e-02 -2.604029886424541473e-02 4.034195095300674438e-02 8.853325992822647095e-02 1.003789827227592468e-01 7.436995208263397217e-02 2.319442667067050934e-02 -3.420355543494224548e-02 -8.143030852079391479e-02 -1.101360768079757690e-01 -1.204618141055107117e-01 -1.175777316093444824e-01 -1.071809083223342896e-01 -9.266767650842666626e-02 -7.506369799375534058e-02 -5.485686659812927246e-02 -3.382340073585510254e-02 -1.528434362262487411e-02 -2.581808250397443771e-03 3.054504748433828354e-03 3.586391219869256020e-03 3.212729701772332191e-03 5.783430300652980804e-03 1.214065495878458023e-02 1.911498606204986572e-02 2.095584012567996979e-02 1.249119359999895096e-02 -7.784125860780477524e-03 -3.650919720530509949e-02 -6.687539070844650269e-02 -9.185197949409484863e-02 -1.073576882481575012e-01 -1.135935410857200623e-01 -1.139036789536476135e-01 -1.120390370488166809e-01 -1.096291914582252502e-01 -1.054504513740539551e-01 -9.687887132167816162e-02 -8.252811431884765625e-02 -6.440001726150512695e-02 -4.831251874566078186e-02 -4.248226433992385864e-02 -5.488646030426025391e-02
-1.462978422641754150e-01 -1.126925796270370483e-01 -9.072700142860412598e-02 -7.323015481233596802e-02 -5.860557779669761658e-02 -4.863536357879638672e-02 -4.666583612561225891e-02 -5.507123097777366638e-02 -7.287413626909255981e-02 -9.495364129543304443e-02 -1.135129928588867188e-01 -1.211757212877273560e-01 -1.141561865806579590e-01 -9.394937753677368164e-02 -6.680694222450256348e-02 -4.136441648006439209e-02 -2.554151415824890137e-02 -2.394764684140682220e-02 -3.659304603934288025e-02 -5.909233912825584412e-02 -8.409047126770019531e-02 -1.034484580159187317e-01 -1.106880009174346924e-01 -1.031426861882209778e-01 -8.317130059003829956e-02 -5.781241133809089661e-02 -3.661392629146575928e-02 -2.809145674109458923e-02 -3.608842939138412476e-02 -5.772924795746803284e-02 -8.425033837556838989e-02 -1.047392338514328003e-01 -1.112324148416519165e-01 -1.025873646140098572e-01 -8.479926735162734985e-02 -6.709677726030349731e-02 -5.551974102854728699e-02 -4.748525097966194153e-02 -3.092272579669952393e-02 1.045693177729845047e-02 8.749382197856903076e-02 1.961644142866134644e-01 3.138779103755950928e-01 4.048488438129425049e-01 4.336259067058563232e-01 3.813920319080352783e-01 2.573734819889068604e-01 9.908074885606765747e-02 -4.014719650149345398e-02 -1.118189916014671326e-01 -9.237937629222869873e-02 6.442200858145952225e-03 1.421013325452804565e-01 2.588975727558135986e-01 3.110433518886566162e-01 2.808119952678680420e-01 1.837895065546035767e-01 5.942007154226303101e-02 -4.803787916898727417e-02 -1.087419912219047546e-01 -1.177221015095710754e-01 -9.242947399616241455e-02 -5.990145727992057800e-02 -4.109908267855644226e-02 -4.085789248347282410e-02 -4.831277579069137573e-02 -4.665723815560340881e-02 -2.595716342329978943e-02 8.783998899161815643e-03 3.925190493464469910e-02 4.445616155862808228e-02 1.440819539129734039e-02 -4.113838076591491699e-02 -9.446167945861816406e-02 -1.121526956558227539e-01 -7.210397720336914062e-02 2.348011545836925507e-02 1.461146324872970581e-01 2.518065273761749268e-01 2.998947203159332275e-01 2.711628973484039307e-01 1.766568869352340698e-01 5.307853966951370239e-02 -5.298545211553573608e-02 -1.045895293354988098e-01 -8.885713666677474976e-02 -2.026073634624481201e-02 6.782665848731994629e-02 1.385481506586074829e-01 1.665204614400863647e-01 1.459513753652572632e-01 8.942767232656478882e-02 1.944418251514434814e-02 -4.231046885251998901e-02 -8.277472108602523804e-02 -9.966474771499633789e-02 -9.845761209726333618e-02 -8.709891885519027710e-02 -7.174143195152282715e-02 -5.539240315556526184e-02 -3.918963670730590820e-02 -2.449441887438297272e-02 -1.388040464371442795e-02 -1.025904528796672821e-02 -1.490785833448171616e-02 -2.602241002023220062e-02 -3.907579183578491211e-02 -4.902188852429389954e-02 -5.307987704873085022e-02 -5.235339328646659851e-02 -5.119434371590614319e-02 -5.460595339536666870e-02 -6.521362066268920898e-02 -8.162918686866760254e-02 -9.919580817222595215e-02 -1.126414313912391663e-01 -1.190022528171539307e-01 -1.190326735377311707e-01 -1.162945553660392761e-01 -1.145966127514839172e-01 -1.154941543936729431e-01 -1.174861863255500793e-01 -1.174042001366615295e-01 -1.130298972129821777e-01 -1.051985695958137512e-01 -9.810833632946014404e-02 -9.797570109367370605e-02 -1.115502417087554932e-01
-1.538112163543701172e-01 -1.097591072320938110e-01 -9.592336416244506836e-02 -9.686338901519775391e-02 -1.022903174161911011e-01 -1.064972281455993652e-01 -1.081645041704177856e-01 -1.087310016155242920e-01 -1.098178923130035400e-01 -1.112347543239593506e-01 -1.107288822531700134e-01 -1.054537370800971985e-01 -9.405808150768280029e-02 -7.801526784896850586e-02 -6.138847395777702332e-02 -4.919996857643127441e-02 -4.531300067901611328e-02 -5.086141452193260193e-02 -6.382688879966735840e-02 -7.973512262105941772e-02 -9.302058070898056030e-02 -9.855666756629943848e-02 -9.303595870733261108e-02 -7.604514062404632568e-02 -5.064869672060012817e-02 -2.315176092088222504e-02 -1.715038903057575226e-03 6.150125525891780853e-03 -3.470773575827479362e-03 -2.875712700188159943e-02 -6.210333108901977539e-02 -9.267626702785491943e-02 -1.107869669795036316e-01 -1.120970323681831360e-01 -9.939086437225341797e-02 -8.063347637653350830e-02 -6.396536529064178467e-02 -5.218192189931869507e-02 -3.996534645557403564e-02 -1.604875549674034119e-02 3.006594628095626831e-02 9.998948872089385986e-02 1.814909428358078003e-01 2.503022551536560059e-01 2.791153192520141602e-01 2.503108084201812744e-01 1.663845628499984741e-01 5.235426127910614014e-02 -5.219015851616859436e-02 -1.087519153952598572e-01 -9.655025601387023926e-02 -2.230012789368629456e-02 8.185359090566635132e-02 1.717916131019592285e-01 2.103214561939239502e-01 1.828313320875167847e-01 1.024704873561859131e-01 2.665466628968715668e-03 -7.909495383501052856e-02 -1.181452199816703796e-01 -1.120902150869369507e-01 -7.872629910707473755e-02 -4.432322084903717041e-02 -2.896457165479660034e-02 -3.680727258324623108e-02 -5.610244348645210266e-02 -6.830918788909912109e-02 -6.063595786690711975e-02 -3.456521034240722656e-02 -5.302584730088710785e-03 7.680904120206832886e-03 -6.344665307551622391e-03 -4.044368863105773926e-02 -7.084452360868453979e-02 -6.798344850540161133e-02 -1.252668444067239761e-02 9.196626394987106323e-02 2.168297022581100464e-01 3.185675442218780518e-01 3.573463261127471924e-01 3.151170015335083008e-01 2.046829164028167725e-01 6.524743139743804932e-02 -5.362227186560630798e-02 -1.122720465064048767e-01 -9.635178744792938232e-02 -2.078876271843910217e-02 7.865680009126663208e-02 1.615946590900421143e-01 1.992359757423400879e-01 1.837036907672882080e-01 1.273935437202453613e-01 5.422577261924743652e-02 -1.200156565755605698e-02 -5.651569738984107971e-02 -7.641507685184478760e-02 -7.767442613840103149e-02 -6.929671019315719604e-02 -5.831039324402809143e-02 -4.793129861354827881e-02 -3.884481266140937805e-02 -3.170717880129814148e-02 -2.861315384507179260e-02 -3.242125734686851501e-02 -4.456342384219169617e-02 -6.311979889869689941e-02 -8.279860019683837891e-02 -9.717910736799240112e-02 -1.020242720842361450e-01 -9.766752272844314575e-02 -8.894670754671096802e-02 -8.261097967624664307e-02 -8.365854620933532715e-02 -9.272091090679168701e-02 -1.059844568371772766e-01 -1.176147609949111938e-01 -1.231665089726448059e-01 -1.219281628727912903e-01 -1.168860495090484619e-01 -1.125155165791511536e-01 -1.119439750909805298e-01 -1.153256893157958984e-01 -1.203460171818733215e-01 -1.242727264761924744e-01 -1.259519010782241821e-01 -1.263902485370635986e-01 -1.280201524496078491e-01 -1.344945728778839111e-01
-1.175681576132774353e-01 -6.709237396717071533e-02 -5.819072574377059937e-02 -6.936633586883544922e-02 -8.417452871799468994e-02 -9.247004985809326172e-02 -9.130899608135223389e-02 -8.350697159767150879e-02 -7.427687942981719971e-02 -6.776549667119979858e-02 -6.521903723478317261e-02 -6.533380597829818726e-02 -6.602194160223007202e-02 -6.617983430624008179e-02 -6.635532528162002563e-02 -6.810828298330307007e-02 -7.269773632287979126e-02 -8.001264929771423340e-02 -8.833229541778564453e-02 -9.489412605762481689e-02 -9.681316465139389038e-02 -9.187985956668853760e-02 -7.906560599803924561e-02 -5.886491760611534119e-02 -3.362090513110160828e-02 -7.706803269684314728e-03 1.286056265234947205e-02 2.177208848297595978e-02 1.465328037738800049e-02 -8.639594539999961853e-03 -4.291472584009170532e-02 -7.874441146850585938e-02 -1.057816445827484131e-01 -1.170140281319618225e-01 -1.118548437952995300e-01 -9.624359756708145142e-02 -7.933901995420455933e-02 -6.828366965055465698e-02 -6.383805721998214722e-02 -5.954798310995101929e-02 -4.538928717374801636e-02 -1.432161126285791397e-02 3.175554051995277405e-02 8.030999451875686646e-02 1.124744266271591187e-01 1.118793636560440063e-01 7.380254566669464111e-02 9.675822220742702484e-03 -5.609615147113800049e-02 -9.627153724431991577e-02 -9.337152540683746338e-02 -4.856265336275100708e-02 1.792289875447750092e-02 7.554944604635238647e-02 9.750731289386749268e-02 7.325675338506698608e-02 1.336474437266588211e-02 -5.583659932017326355e-02 -1.051353588700294495e-01 -1.164035499095916748e-01 -9.064640104770660400e-02 -4.623171687126159668e-02 -8.502305485308170319e-03 3.584200982004404068e-03 -1.327976491302251816e-02 -4.630348086357116699e-02 -7.484383881092071533e-02 -8.250284194946289062e-02 -6.620258837938308716e-02 -3.713176399469375610e-02 -1.306834258139133453e-02 -6.510847713798284531e-03 -1.556767616420984268e-02 -2.321834489703178406e-02 -6.021180190145969391e-03 5.198115110397338867e-02 1.476138383150100708e-01 2.559081017971038818e-01 3.387547433376312256e-01 3.613668680191040039e-01 3.088080286979675293e-01 1.944518834352493286e-01 5.595398694276809692e-02 -5.970737338066101074e-02 -1.153422594070434570e-01 -9.814316779375076294e-02 -2.341185137629508972e-02 7.367407530546188354e-02 1.538300067186355591e-01 1.894533932209014893e-01 1.735911518335342407e-01 1.190675124526023865e-01 4.960018768906593323e-02 -1.185852661728858948e-02 -5.186059698462486267e-02 -6.894710659980773926e-02 -7.017797976732254028e-02 -6.487951427698135376e-02 -5.951162427663803101e-02 -5.607035756111145020e-02 -5.388341844081878662e-02 -5.263184756040573120e-02 -5.405081436038017273e-02 -6.105922162532806396e-02 -7.506626844406127930e-02 -9.357801824808120728e-02 -1.101174429059028625e-01 -1.169820949435234070e-01 -1.094621643424034119e-01 -8.904009312391281128e-02 -6.350735574960708618e-02 -4.364449530839920044e-02 -3.810636326670646667e-02 -4.924304038286209106e-02 -7.211078703403472900e-02 -9.715829044580459595e-02 -1.150494068861007690e-01 -1.209802329540252686e-01 -1.162855923175811768e-01 -1.067908778786659241e-01 -9.921676665544509888e-02 -9.785780310630798340e-02 -1.032370328903198242e-01 -1.129241362214088440e-01 -1.233012527227401733e-01 -1.308095753192901611e-01 -1.323665380477905273e-01 -1.264509856700897217e-01
-6.535670161247253418e-02 -8.047864772379398346e-03 2.192190615460276604e-03 -9.059493429958820343e-03 -2.163570001721382141e-02 -2.395215444266796112e-02 -1.434824056923389435e-02 1.010905019938945770e-03 1.290958747267723083e-02 1.419161632657051086e-02 2.840053988620638847e-03 -1.801382750272750854e-02 -4.248175024986267090e-02 -6.497308611869812012e-02 -8.224232494831085205e-02 -9.370573610067367554e-02 -1.004172563552856445e-01 -1.036992073059082031e-01 -1.042865663766860962e-01 -1.022311672568321228e-01 -9.724195301532745361e-02 -8.899147063493728638e-02 -7.720156013965606689e-02 -6.171577423810958862e-02 -4.288372024893760681e-02 -2.228846773505210876e-02 -3.357331966981291771e-03 8.862989954650402069e-03 9.197920560836791992e-03 -5.241652484983205795e-03 -3.287850320339202881e-02 -6.713230907917022705e-02 -9.832139313220977783e-02 -1.175140962004661560e-01 -1.205835342407226562e-01 -1.102835610508918762e-01 -9.495696425437927246e-02 -8.421707898378372192e-02 -8.370478451251983643e-02 -9.177498519420623779e-02 -1.001523956656455994e-01 -9.851863235235214233e-02 -8.073547482490539551e-02 -4.925938323140144348e-02 -1.503038592636585236e-02 7.535533979535102844e-03 8.062787353992462158e-03 -1.377214025706052780e-02 -4.722696542739868164e-02 -7.544064521789550781e-02 -8.404853194952011108e-02 -6.897550076246261597e-02 -3.907723724842071533e-02 -1.187350973486900330e-02 -4.313905723392963409e-03 -2.334642596542835236e-02 -6.141648069024085999e-02 -9.959034621715545654e-02 -1.169845238327980042e-01 -1.017213389277458191e-01 -5.763061344623565674e-02 -3.004248254001140594e-03 3.815417736768722534e-02 4.794888570904731750e-02 2.335595339536666870e-02 -2.262030541896820068e-02 -6.792110949754714966e-02 -9.272906929254531860e-02 -8.899713307619094849e-02 -6.315008550882339478e-02 -3.069628775119781494e-02 -5.988439545035362244e-03 6.903233006596565247e-03 1.682480610907077789e-02 3.991883993148803711e-02 8.869265764951705933e-02 1.619144976139068604e-01 2.413598150014877319e-01 2.979634404182434082e-01 3.049121499061584473e-01 2.513093948364257812e-01 1.493768244981765747e-01 3.116046637296676636e-02 -6.413652002811431885e-02 -1.064061522483825684e-01 -8.690256625413894653e-02 -2.093679644167423248e-02 5.990182608366012573e-02 1.219332218170166016e-01 1.431539952754974365e-01 1.204605549573898315e-01 6.781645119190216064e-02 7.371368817985057831e-03 -4.136968404054641724e-02 -6.899161636829376221e-02 -7.734657824039459229e-02 -7.517228275537490845e-02 -7.157921046018600464e-02 -7.133145630359649658e-02 -7.411517202854156494e-02 -7.725940644741058350e-02 -7.933336496353149414e-02 -8.183194696903228760e-02 -8.775923401117324829e-02 -9.821580350399017334e-02 -1.096056103706359863e-01 -1.138409599661827087e-01 -1.020729839801788330e-01 -7.014358043670654297e-02 -2.259019389748573303e-02 2.747268602252006531e-02 6.312265992164611816e-02 7.097005844116210938e-02 4.742061719298362732e-02 6.085541099309921265e-04 -5.306499451398849487e-02 -9.607820957899093628e-02 -1.170747727155685425e-01 -1.148339435458183289e-01 -9.736311435699462891e-02 -7.711786031723022461e-02 -6.512492150068283081e-02 -6.683944165706634521e-02 -8.107425272464752197e-02 -1.014225706458091736e-01 -1.185903102159500122e-01 -1.225998997688293457e-01 -1.053763702511787415e-01
-3.005223162472248077e-02 3.666339069604873657e-02 5.390973016619682312e-02 5.055136978626251221e-02 4.901809245347976685e-02 6.019358709454536438e-02 8.231269568204879761e-02 1.045348122715950012e-01 1.136972978711128235e-01 1.011573299765586853e-01 6.668630242347717285e-02 1.803483068943023682e-02 -3.298708051443099976e-02 -7.553966343402862549e-02 -1.034119129180908203e-01 -1.159864366054534912e-01 -1.167756170034408569e-01 -1.108785942196846008e-01 -1.028131619095802307e-01 -9.547633677721023560e-02 -9.010096639394760132e-02 -8.660381287336349487e-02 -8.386016637086868286e-02 -7.993078231811523438e-02 -7.260882109403610229e-02 -6.051588058471679688e-02 -4.443200677633285522e-02 -2.802920714020729065e-02 -1.717596501111984253e-02 -1.765246316790580750e-02 -3.214094042778015137e-02 -5.808289721608161926e-02 -8.786000311374664307e-02 -1.116703227162361145e-01 -1.219562888145446777e-01 -1.171658858656883240e-01 -1.027105972170829773e-01 -8.832135051488876343e-02 -8.294896781444549561e-02 -8.983336389064788818e-02 -1.044759526848793030e-01 -1.168154776096343994e-01 -1.166376397013664246e-01 -9.938388317823410034e-02 -6.915375590324401855e-02 -3.711149096488952637e-02 -1.599868573248386383e-02 -1.365269534289836884e-02 -2.907646633684635162e-02 -5.326750129461288452e-02 -7.438184320926666260e-02 -8.433893322944641113e-02 -8.308624476194381714e-02 -7.800469547510147095e-02 -7.870066910982131958e-02 -9.016136080026626587e-02 -1.083666905760765076e-01 -1.212373301386833191e-01 -1.148418039083480835e-01 -8.170115947723388672e-02 -2.657386846840381622e-02 3.381532058119773865e-02 7.750777900218963623e-02 8.738788962364196777e-02 5.951600521802902222e-02 5.350857041776180267e-03 -5.340443924069404602e-02 -9.475287795066833496e-02 -1.060601919889450073e-01 -8.853346854448318481e-02 -5.446777865290641785e-02 -1.912498660385608673e-02 8.032276295125484467e-03 2.780400216579437256e-02 4.900059103965759277e-02 8.094818890094757080e-02 1.252908706665039062e-01 1.721423566341400146e-01 2.032747268676757812e-01 2.010649889707565308e-01 1.585407555103302002e-01 8.497071266174316406e-02 3.587424522265791893e-03 -5.789742991328239441e-02 -7.949750125408172607e-02 -5.786268040537834167e-02 -7.488774601370096207e-03 4.629670828580856323e-02 7.898934185504913330e-02 7.743865251541137695e-02 4.431667551398277283e-02 -5.118867382407188416e-03 -5.166800320148468018e-02 -8.144415169954299927e-02 -9.111737459897994995e-02 -8.708721399307250977e-02 -7.994136959314346313e-02 -7.790153473615646362e-02 -8.302446454763412476e-02 -9.185692667961120605e-02 -9.938233345746994019e-02 -1.031767278909683228e-01 -1.048142910003662109e-01 -1.075730025768280029e-01 -1.121007651090621948e-01 -1.132666692137718201e-01 -1.009251624345779419e-01 -6.498716771602630615e-02 -2.376864664256572723e-03 7.814239710569381714e-02 1.566102504730224609e-01 2.085987478494644165e-01 2.153234332799911499e-01 1.723477393388748169e-01 9.246665984392166138e-02 1.086826319806277752e-03 -7.390345633029937744e-02 -1.130988746881484985e-01 -1.124075725674629211e-01 -8.297406882047653198e-02 -4.485232755541801453e-02 -1.789139956235885620e-02 -1.406070683151483536e-02 -3.400691971182823181e-02 -6.811631470918655396e-02 -1.004069074988365173e-01 -1.132688745856285095e-01 -9.213767200708389282e-02
-2.952767722308635712e-02 4.645408689975738525e-02 7.152247428894042969e-02 7.832319289445877075e-02 9.119638800621032715e-02 1.192422136664390564e-01 1.560642570257186890e-01 1.854859888553619385e-01 1.906912326812744141e-01 1.627830713987350464e-01 1.050618067383766174e-01 3.146365657448768616e-02 -3.955620899796485901e-02 -9.241519868373870850e-02 -1.196083351969718933e-01 -1.228081285953521729e-01 -1.101835370063781738e-01 -9.194212406873703003e-02 -7.643944770097732544e-02 -6.827899813652038574e-02 -6.841625273227691650e-02 -7.528743147850036621e-02 -8.589306473731994629e-02 -9.641437977552413940e-02 -1.026918441057205200e-01 -1.011400818824768066e-01 -9.022888541221618652e-02 -7.189564406871795654e-02 -5.180903896689414978e-02 -3.773670271039009094e-02 -3.630438074469566345e-02 -4.957145079970359802e-02 -7.331603020429611206e-02 -9.829042851924896240e-02 -1.141967996954917908e-01 -1.145547553896903992e-01 -9.993073344230651855e-02 -7.768320292234420776e-02 -5.817143619060516357e-02 -4.932885617017745972e-02 -5.250043421983718872e-02 -6.186020746827125549e-02 -6.781376153230667114e-02 -6.257930397987365723e-02 -4.487650468945503235e-02 -2.108204364776611328e-02 -2.139884978532791138e-03 2.117445925250649452e-03 -1.188834384083747864e-02 -3.971509262919425964e-02 -7.144825905561447144e-02 -9.704858064651489258e-02 -1.113895252346992493e-01 -1.160743981599807739e-01 -1.170317083597183228e-01 -1.194201335310935974e-01 -1.230554729700088501e-01 -1.213787570595741272e-01 -1.049634143710136414e-01 -6.782674044370651245e-02 -1.294086407870054245e-02 4.652814939618110657e-02 9.156259149312973022e-02 1.054685637354850769e-01 8.187641948461532593e-02 2.839514240622520447e-02 -3.614704310894012451e-02 -8.966477215290069580e-02 -1.160785928368568420e-01 -1.113391220569610596e-01 -8.343716710805892944e-02 -4.682366549968719482e-02 -1.454412844032049179e-02 7.607808336615562439e-03 2.199797146022319794e-02 3.514181077480316162e-02 5.160699412226676941e-02 6.974635273218154907e-02 8.195498585700988770e-02 7.934617996215820312e-02 5.800588428974151611e-02 2.291596680879592896e-02 -1.312282308936119080e-02 -3.537471592426300049e-02 -3.481671586632728577e-02 -1.332040969282388687e-02 1.666394621133804321e-02 3.800087422132492065e-02 3.735105693340301514e-02 1.178636308759450912e-02 -2.994104661047458649e-02 -7.207402586936950684e-02 -9.987831115722656250e-02 -1.067021191120147705e-01 -9.641648828983306885e-02 -8.023893833160400391e-02 -7.005641609430313110e-02 -7.217138260602951050e-02 -8.490611612796783447e-02 -1.010542437434196472e-01 -1.132324412465095520e-01 -1.185043975710868835e-01 -1.192222014069557190e-01 -1.195242479443550110e-01 -1.198475882411003113e-01 -1.133705154061317444e-01 -8.745409548282623291e-02 -3.026748076081275940e-02 6.054837629199028015e-02 1.721286773681640625e-01 2.775773406028747559e-01 3.447884619235992432e-01 3.494961261749267578e-01 2.865406572818756104e-01 1.737129986286163330e-01 4.585779085755348206e-02 -5.845097824931144714e-02 -1.117735654115676880e-01 -1.076270118355751038e-01 -6.120214611291885376e-02 -1.267615705728530884e-03 4.253070056438446045e-02 5.121740698814392090e-02 2.247181907296180725e-02 -3.021447733044624329e-02 -8.348502218723297119e-02 -1.121686995029449463e-01 -9.691593050956726074e-02
-5.517098307609558105e-02 2.281893417239189148e-02 4.903065040707588196e-02 6.108877062797546387e-02 8.551009744405746460e-02 1.292599588632583618e-01 1.808430999517440796e-01 2.185928672552108765e-01 2.223775684833526611e-01 1.837406009435653687e-01 1.101753711700439453e-01 2.197109907865524292e-02 -5.643795058131217957e-02 -1.062554940581321716e-01 -1.207361072301864624e-01 -1.058011725544929504e-01 -7.546353340148925781e-02 -4.499352350831031799e-02 -2.527684904634952545e-02 -2.051137760281562805e-02 -2.925296686589717865e-02 -4.714676737785339355e-02 -6.932305544614791870e-02 -9.135606884956359863e-02 -1.090765520930290222e-01 -1.184029430150985718e-01 -1.161635220050811768e-01 -1.018429324030876160e-01 -7.909796386957168579e-02 -5.558674782514572144e-02 -4.045045375823974609e-02 -4.024806618690490723e-02 -5.534961819648742676e-02 -7.891008257865905762e-02 -9.936821460723876953e-02 -1.055323034524917603e-01 -9.179510176181793213e-02 -6.078563630580902100e-02 -2.202858030796051025e-02 1.270935684442520142e-02 3.492203354835510254e-02 4.280920326709747314e-02 4.092992097139358521e-02 3.646524250507354736e-02 3.438085690140724182e-02 3.434303775429725647e-02 3.115622140467166901e-02 1.838763244450092316e-02 -7.050659973174333572e-03 -4.216894879937171936e-02 -7.873437553644180298e-02 -1.072667762637138367e-01 -1.218772009015083313e-01 -1.230714991688728333e-01 -1.167968139052391052e-01 -1.102343350648880005e-01 -1.068376898765563965e-01 -1.036901473999023438e-01 -9.300505369901657104e-02 -6.719093769788742065e-02 -2.470540814101696014e-02 2.677410468459129333e-02 7.205828279256820679e-02 9.462163597345352173e-02 8.431950211524963379e-02 4.270596429705619812e-02 -1.689627580344676971e-02 -7.477777451276779175e-02 -1.130958199501037598e-01 -1.229918003082275391e-01 -1.072420477867126465e-01 -7.749103009700775146e-02 -4.787815734744071960e-02 -2.852677181363105774e-02 -2.208654955029487610e-02 -2.457639016211032867e-02 -2.934052422642707825e-02 -3.139661997556686401e-02 -2.962200716137886047e-02 -2.587058953940868378e-02 -2.215775847434997559e-02 -1.822346076369285583e-02 -1.138825807720422745e-02 1.057998044416308403e-03 1.856089569628238678e-02 3.556478023529052734e-02 4.301730543375015259e-02 3.280745819211006165e-02 2.827475080266594887e-03 -4.039289057254791260e-02 -8.344720304012298584e-02 -1.117841079831123352e-01 -1.166325733065605164e-01 -9.943278133869171143e-02 -7.124503701925277710e-02 -4.727924615144729614e-02 -3.939371928572654724e-02 -5.059197172522544861e-02 -7.445933669805526733e-02 -9.968217462301254272e-02 -1.168530806899070740e-01 -1.234066411852836609e-01 -1.236155107617378235e-01 -1.235687360167503357e-01 -1.242644116282463074e-01 -1.174609735608100891e-01 -8.771081268787384033e-02 -2.054977416992187500e-02 8.702214807271957397e-02 2.196523696184158325e-01 3.450848758220672607e-01 4.247461557388305664e-01 4.294482171535491943e-01 3.530620932579040527e-01 2.173533141613006592e-01 6.502642482519149780e-02 -5.645028129220008850e-02 -1.132390424609184265e-01 -9.765296429395675659e-02 -2.950897254049777985e-02 5.375317856669425964e-02 1.132626533508300781e-01 1.239723265171051025e-01 8.296062797307968140e-02 8.505987934768199921e-03 -6.834256649017333984e-02 -1.157238706946372986e-01 -1.124018132686614990e-01
-7.591345161199569702e-02 -1.110695861279964447e-02 2.714153146371245384e-03 9.273445233702659607e-03 3.743769228458404541e-02 9.188435971736907959e-02 1.559529453516006470e-01 2.026693820953369141e-01 2.089266330003738403e-01 1.669237613677978516e-01 8.809582889080047607e-02 -1.874052570201456547e-03 -7.424110174179077148e-02 -1.090784966945648193e-01 -1.023589670658111572e-01 -6.546550244092941284e-02 -1.824178174138069153e-02 2.034478262066841125e-02 3.926309943199157715e-02 3.738377988338470459e-02 2.056860923767089844e-02 -3.437621053308248520e-03 -2.902424894273281097e-02 -5.369256064295768738e-02 -7.631858438253402710e-02 -9.476574510335922241e-02 -1.051036044955253601e-01 -1.033280789852142334e-01 -8.852612227201461792e-02 -6.517916172742843628e-02 -4.258263111114501953e-02 -3.104038536548614502e-02 -3.655593842267990112e-02 -5.691608786582946777e-02 -8.157676458358764648e-02 -9.582249820232391357e-02 -8.735053241252899170e-02 -5.204447731375694275e-02 3.947103396058082581e-03 6.680484116077423096e-02 1.208770722150802612e-01 1.547560691833496094e-01 1.646756380796432495e-01 1.539562791585922241e-01 1.294349581003189087e-01 9.732408821582794189e-02 6.093377992510795593e-02 2.125675044953823090e-02 -2.051298134028911591e-02 -6.068664416670799255e-02 -9.295913577079772949e-02 -1.109024658799171448e-01 -1.116688251495361328e-01 -9.847896546125411987e-02 -7.996851950883865356e-02 -6.625231355428695679e-02 -6.361050158739089966e-02 -7.076615840196609497e-02 -7.909714430570602417e-02 -7.706409692764282227e-02 -5.675540864467620850e-02 -1.909956336021423340e-02 2.520612627267837524e-02 5.984926596283912659e-02 7.026349753141403198e-02 5.056874081492424011e-02 6.594547070562839508e-03 -4.654770717024803162e-02 -9.112951904535293579e-02 -1.144115626811981201e-01 -1.135529354214668274e-01 -9.569440037012100220e-02 -7.357825338840484619e-02 -5.919409915804862976e-02 -5.863061174750328064e-02 -7.033631205558776855e-02 -8.702956140041351318e-02 -9.969535470008850098e-02 -1.014043092727661133e-01 -8.930803090333938599e-02 -6.453963369131088257e-02 -3.094680793583393097e-02 6.106912624090909958e-03 4.027254879474639893e-02 6.447099149227142334e-02 7.180483639240264893e-02 5.767299607396125793e-02 2.253403142094612122e-02 -2.627083100378513336e-02 -7.534951716661453247e-02 -1.093520447611808777e-01 -1.170743331313133240e-01 -9.679529815912246704e-02 -5.791376531124114990e-02 -1.750158891081809998e-02 7.027818355709314346e-03 5.706540774554014206e-03 -1.971228606998920441e-02 -5.732105672359466553e-02 -9.172499924898147583e-02 -1.122035384178161621e-01 -1.177611052989959717e-01 -1.160495653748512268e-01 -1.165947765111923218e-01 -1.222209855914115906e-01 -1.240304857492446899e-01 -1.037388518452644348e-01 -4.321161657571792603e-02 6.326252222061157227e-02 2.006788700819015503e-01 3.344517648220062256e-01 4.220061302185058594e-01 4.304156303405761719e-01 3.520541191101074219e-01 2.104692161083221436e-01 5.290645733475685120e-02 -6.784318387508392334e-02 -1.144418418407440186e-01 -7.954242825508117676e-02 1.246184296905994415e-02 1.168723404407501221e-01 1.878002583980560303e-01 1.964430958032608032e-01 1.411050409078598022e-01 4.578191414475440979e-02 -5.098575726151466370e-02 -1.121748909354209900e-01 -1.179039627313613892e-01
-5.588595196604728699e-02 -2.334533259272575378e-02 -3.813671693205833435e-02 -4.991795495152473450e-02 -2.789800427854061127e-02 2.996397018432617188e-02 1.019421294331550598e-01 1.562205106019973755e-01 1.671885401010513306e-01 1.277381032705307007e-01 5.252339318394660950e-02 -2.892271429300308228e-02 -8.565016835927963257e-02 -9.874246269464492798e-02 -6.842979043722152710e-02 -1.195258740335702896e-02 4.601266980171203613e-02 8.503105491399765015e-02 9.681029617786407471e-02 8.597403019666671753e-02 6.440349668264389038e-02 4.313522949814796448e-02 2.661390230059623718e-02 1.218978874385356903e-02 -5.610491149127483368e-03 -2.931479737162590027e-02 -5.518879368901252747e-02 -7.459217309951782227e-02 -7.920993119478225708e-02 -6.687673926353454590e-02 -4.422347247600555420e-02 -2.415761724114418030e-02 -1.919918507337570190e-02 -3.419452160596847534e-02 -6.248227134346961975e-02 -8.786234259605407715e-02 -9.166832268238067627e-02 -6.154081225395202637e-02 2.398364478722214699e-03 8.692108094692230225e-02 1.707509458065032959e-01 2.326961159706115723e-01 2.590005695819854736e-01 2.468424141407012939e-01 2.031375318765640259e-01 1.401636153459548950e-01 7.072809338569641113e-02 5.159701686352491379e-03 -4.922402277588844299e-02 -8.721092343330383301e-02 -1.050874814391136169e-01 -1.014253571629524231e-01 -7.889188826084136963e-02 -4.548063501715660095e-02 -1.345477253198623657e-02 4.501921590417623520e-03 6.044400506652891636e-04 -2.387673594057559967e-02 -5.814006924629211426e-02 -8.593179285526275635e-02 -9.268728643655776978e-02 -7.245398312807083130e-02 -3.115233220160007477e-02 1.561368070542812347e-02 4.931735247373580933e-02 5.666893720626831055e-02 3.528990224003791809e-02 -5.733183119446039200e-03 -5.050054565072059631e-02 -8.372226357460021973e-02 -9.726660698652267456e-02 -9.283928573131561279e-02 -7.987622171640396118e-02 -7.009518891572952271e-02 -7.159087806940078735e-02 -8.524914085865020752e-02 -1.048251837491989136e-01 -1.201598271727561951e-01 -1.216898411512374878e-01 -1.041999608278274536e-01 -6.854262948036193848e-02 -2.119432017207145691e-02 2.766728773713111877e-02 6.671293824911117554e-02 8.609590679407119751e-02 7.994615286588668823e-02 4.846393689513206482e-02 -1.010133302770555019e-03 -5.484025180339813232e-02 -9.643810987472534180e-02 -1.116598621010780334e-01 -9.449339658021926880e-02 -5.047211050987243652e-02 4.312086850404739380e-03 4.895037040114402771e-02 6.618529558181762695e-02 4.984585195779800415e-02 7.520703133195638657e-03 -4.320060834288597107e-02 -8.337330818176269531e-02 -1.019622460007667542e-01 -1.008067801594734192e-01 -9.236792474985122681e-02 -9.114479273557662964e-02 -1.032994017004966736e-01 -1.204703301191329956e-01 -1.219670996069908142e-01 -8.521168678998947144e-02 4.079319769516587257e-04 1.236191987991333008e-01 2.513735592365264893e-01 3.403956592082977295e-01 3.557062745094299316e-01 2.875982224941253662e-01 1.585734933614730835e-01 1.610342599451541901e-02 -8.624610304832458496e-02 -1.110931187868118286e-01 -5.285305902361869812e-02 6.036791950464248657e-02 1.792889237403869629e-01 2.545168995857238770e-01 2.567425370216369629e-01 1.876164525747299194e-01 7.743988931179046631e-02 -2.863541617989540100e-02 -9.041161090135574341e-02 -9.209164232015609741e-02
2.400626055896282196e-02 8.755193091928958893e-03 -4.732825979590415955e-02 -8.747719228267669678e-02 -8.007706701755523682e-02 -2.632351592183113098e-02 4.724813997745513916e-02 1.048105433583259583e-01 1.190710589289665222e-01 8.384659886360168457e-02 1.632064208388328552e-02 -5.168571695685386658e-02 -8.903353661298751831e-02 -7.965230941772460938e-02 -2.905433066189289093e-02 3.985735774040222168e-02 9.903473407030105591e-02 1.289631426334381104e-01 1.267655789852142334e-01 1.050201356410980225e-01 8.267801254987716675e-02 7.357767969369888306e-02 7.900317013263702393e-02 8.814464509487152100e-02 8.573759347200393677e-02 6.216338649392127991e-02 2.006314322352409363e-02 -2.635806612670421600e-02 -5.894155427813529968e-02 -6.577505916357040405e-02 -4.818331077694892883e-02 -2.046773210167884827e-02 -2.337218960747122765e-03 -7.985958829522132874e-03 -3.764285519719123840e-02 -7.616704702377319336e-02 -9.960713982582092285e-02 -8.654949814081192017e-02 -2.869375608861446381e-02 6.441871821880340576e-02 1.686063259840011597e-01 2.544124424457550049e-01 2.981407642364501953e-01 2.897269725799560547e-01 2.345976680517196655e-01 1.497356295585632324e-01 5.665314570069313049e-02 -2.528114244341850281e-02 -8.279895782470703125e-02 -1.096046715974807739e-01 -1.054185330867767334e-01 -7.482637465000152588e-02 -2.671663649380207062e-02 2.620186284184455872e-02 6.900473684072494507e-02 8.801769465208053589e-02 7.550660520792007446e-02 3.359007462859153748e-02 -2.497974224388599396e-02 -8.042483031749725342e-02 -1.130896285176277161e-01 -1.112907975912094116e-01 -7.630926370620727539e-02 -2.204397507011890411e-02 3.072440437972545624e-02 6.294211745262145996e-02 6.486205756664276123e-02 3.921904787421226501e-02 -1.209597219713032246e-03 -4.018204659223556519e-02 -6.537864357233047485e-02 -7.313168793916702271e-02 -6.857781112194061279e-02 -6.165820732712745667e-02 -6.131571903824806213e-02 -7.083795219659805298e-02 -8.641937375068664551e-02 -9.926935285329818726e-02 -9.993495792150497437e-02 -8.271309733390808105e-02 -4.831299930810928345e-02 -3.940291702747344971e-03 3.892008960247039795e-02 6.804960966110229492e-02 7.424468547105789185e-02 5.432811751961708069e-02 1.272045448422431946e-02 -3.895925357937812805e-02 -8.455079793930053711e-02 -1.080241277813911438e-01 -9.907492995262145996e-02 -5.772290751338005066e-02 4.251421894878149033e-03 6.639152765274047852e-02 1.067336201667785645e-01 1.105372682213783264e-01 7.678699493408203125e-02 1.912627369165420532e-02 -3.983135521411895752e-02 -7.866669446229934692e-02 -8.712233603000640869e-02 -7.081995904445648193e-02 -4.793153330683708191e-02 -3.900033235549926758e-02 -5.486759170889854431e-02 -8.912692964076995850e-02 -1.196729317307472229e-01 -1.194131821393966675e-01 -7.125690579414367676e-02 2.029587887227535248e-02 1.275769174098968506e-01 2.101280838251113892e-01 2.329005599021911621e-01 1.837460994720458984e-01 8.137705922126770020e-02 -3.082909621298313141e-02 -1.030319780111312866e-01 -1.010051369667053223e-01 -2.180541306734085083e-02 1.043881475925445557e-01 2.272096127271652222e-01 2.978845834732055664e-01 2.900220155715942383e-01 2.104014605283737183e-01 9.548680484294891357e-02 -4.614887293428182602e-03 -4.877860099077224731e-02 -2.698743902146816254e-02
1.526667028665542603e-01 8.497414737939834595e-02 -1.584337092936038971e-02 -8.739483356475830078e-02 -9.872461110353469849e-02 -5.485516041517257690e-02 1.345526892691850662e-02 6.769379228353500366e-02 8.021848648786544800e-02 4.644612595438957214e-02 -1.422405894845724106e-02 -6.887464225292205811e-02 -8.777114003896713257e-02 -5.905260890722274780e-02 5.884977057576179504e-03 7.888022810220718384e-02 1.298183649778366089e-01 1.419257372617721558e-01 1.195624321699142456e-01 8.459984511137008667e-02 6.357841193675994873e-02 7.271026074886322021e-02 1.088331639766693115e-01 1.511236578226089478e-01 1.725457310676574707e-01 1.547941565513610840e-01 9.866306185722351074e-02 2.426638826727867126e-02 -3.902215883135795593e-02 -6.757843494415283203e-02 -5.556124821305274963e-02 -1.764933764934539795e-02 1.893734559416770935e-02 2.896786108613014221e-02 2.766328630968928337e-03 -4.813521727919578552e-02 -9.610731154680252075e-02 -1.107052266597747803e-01 -7.354552298784255981e-02 1.238960772752761841e-02 1.232440471649169922e-01 2.239783406257629395e-01 2.824449539184570312e-01 2.814269959926605225e-01 2.237637788057327271e-01 1.293101012706756592e-01 2.618876285851001740e-02 -5.920159816741943359e-02 -1.093705743551254272e-01 -1.182564049959182739e-01 -8.975714445114135742e-02 -3.442795947194099426e-02 3.362993523478507996e-02 9.893340617418289185e-02 1.464048773050308228e-01 1.637677252292633057e-01 1.447935849428176880e-01 9.235125780105590820e-02 1.936708390712738037e-02 -5.381311103701591492e-02 -1.055898293852806091e-01 -1.207666993141174316e-01 -9.646970778703689575e-02 -4.348959401249885559e-02 1.786769367754459381e-02 6.579589843750000000e-02 8.538782596588134766e-02 7.374934852123260498e-02 3.974739089608192444e-02 -1.131855300627648830e-03 -3.411358594894409180e-02 -5.114521086215972900e-02 -5.300973355770111084e-02 -4.705372825264930725e-02 -4.217085987329483032e-02 -4.380052164196968079e-02 -5.136533826589584351e-02 -5.911064147949218750e-02 -5.957227572798728943e-02 -4.775964096188545227e-02 -2.404718846082687378e-02 5.413976963609457016e-03 3.076765127480030060e-02 4.205028712749481201e-02 3.295330330729484558e-02 3.513613482937216759e-03 -3.908763453364372253e-02 -8.195026963949203491e-02 -1.099409908056259155e-01 -1.105221807956695557e-01 -7.860480248928070068e-02 -1.967324130237102509e-02 5.046656355261802673e-02 1.100429594516754150e-01 1.388753652572631836e-01 1.265059411525726318e-01 7.738422602415084839e-02 1.025077886879444122e-02 -4.886267334222793579e-02 -7.757838815450668335e-02 -6.732404977083206177e-02 -2.771956101059913635e-02 1.748259365558624268e-02 4.162179678678512573e-02 2.847927436232566833e-02 -1.883380860090255737e-02 -7.831633836030960083e-02 -1.192997545003890991e-01 -1.178794577717781067e-01 -6.993263959884643555e-02 5.204492248594760895e-03 7.296430319547653198e-02 1.002480089664459229e-01 7.256387174129486084e-02 2.853949088603258133e-03 -7.298045605421066284e-02 -1.123347654938697815e-01 -8.640749007463455200e-02 4.987465683370828629e-03 1.317280530929565430e-01 2.459853142499923706e-01 3.034356236457824707e-01 2.833506762981414795e-01 1.984723657369613647e-01 9.029276669025421143e-02 1.149718835949897766e-02 1.838366733863949776e-03 6.498862057924270630e-02
2.911846637725830078e-01 1.807131469249725342e-01 4.357630386948585510e-02 -5.360910296440124512e-02 -8.199531584978103638e-02 -5.062928795814514160e-02 6.628948263823986053e-03 5.044378340244293213e-02 5.463490262627601624e-02 1.732187345623970032e-02 -3.976478055119514465e-02 -8.332286775112152100e-02 -8.608680218458175659e-02 -4.128101468086242676e-02 3.349109739065170288e-02 1.050943210721015930e-01 1.420235633850097656e-01 1.309851258993148804e-01 8.411946892738342285e-02 3.285954520106315613e-02 1.141222659498453140e-02 3.838599473237991333e-02 1.062085181474685669e-01 1.840385496616363525e-01 2.329000532627105713e-01 2.253904789686203003e-01 1.598737090826034546e-01 6.184260547161102295e-02 -2.831387706100940704e-02 -7.497092336416244507e-02 -6.444019824266433716e-02 -1.106797251850366592e-02 5.066159740090370178e-02 8.388267457485198975e-02 6.797872483730316162e-02 8.854004554450511932e-03 -6.403962522745132446e-02 -1.121713370084762573e-01 -1.066088974475860596e-01 -4.186341166496276855e-02 6.143127381801605225e-02 1.657377034425735474e-01 2.328780293464660645e-01 2.396110892295837402e-01 1.857885569334030151e-01 9.238322079181671143e-02 -8.502221666276454926e-03 -8.633013069629669189e-02 -1.219288110733032227e-01 -1.111496612429618835e-01 -6.252647936344146729e-02 8.341587148606777191e-03 8.435554802417755127e-02 1.503624171018600464e-01 1.944262534379959106e-01 2.082727700471878052e-01 1.882686316967010498e-01 1.371257454156875610e-01 6.513787806034088135e-02 -1.076185703277587891e-02 -7.101362198591232300e-02 -9.966208785772323608e-02 -9.034951776266098022e-02 -4.919410496950149536e-02 7.164571434259414673e-03 5.785358324646949768e-02 8.576637506484985352e-02 8.376841992139816284e-02 5.644721165299415588e-02 1.688514463603496552e-02 -1.973900198936462402e-02 -4.257706925272941589e-02 -4.869239404797554016e-02 -4.255321621894836426e-02 -3.227353468537330627e-02 -2.488194592297077179e-02 -2.306048944592475891e-02 -2.473731711506843567e-02 -2.531582489609718323e-02 -2.104498259723186493e-02 -1.166570745408535004e-02 -1.047997968271374702e-03 4.370840732008218765e-03 -1.470776507630944252e-03 -2.124290168285369873e-02 -5.233661830425262451e-02 -8.680841326713562012e-02 -1.132577657699584961e-01 -1.202107518911361694e-01 -1.001568362116813660e-01 -5.305153504014015198e-02 1.205655373632907867e-02 7.838001847267150879e-02 1.260268986225128174e-01 1.389082968235015869e-01 1.115722656250000000e-01 5.296732857823371887e-02 -1.520875934511423111e-02 -6.590245664119720459e-02 -7.748965919017791748e-02 -4.353240504860877991e-02 2.315288595855236053e-02 9.470692276954650879e-02 1.396264731884002686e-01 1.366321742534637451e-01 8.460886031389236450e-02 3.596382215619087219e-03 -7.414970546960830688e-02 -1.191349029541015625e-01 -1.184970363974571228e-01 -8.181657642126083374e-02 -3.568347543478012085e-02 -9.460438042879104614e-03 -1.933023706078529358e-02 -5.889849364757537842e-02 -1.015486046671867371e-01 -1.138247102499008179e-01 -7.333452999591827393e-02 1.795339770615100861e-02 1.321307122707366943e-01 2.268874347209930420e-01 2.650371193885803223e-01 2.328659147024154663e-01 1.485732048749923706e-01 5.654020234942436218e-02 9.196228347718715668e-03 4.283804073929786682e-02 1.551797837018966675e-01
3.899506628513336182e-01 2.582895159721374512e-01 1.033772230148315430e-01 -6.175172515213489532e-03 -4.475183412432670593e-02 -2.495368383824825287e-02 1.797594130039215088e-02 4.612338542938232422e-02 3.677647560834884644e-02 -8.010575547814369202e-03 -6.386382132768630981e-02 -9.746254235506057739e-02 -8.460253477096557617e-02 -2.400925755500793457e-02 6.041264533996582031e-02 1.306234300136566162e-01 1.536376178264617920e-01 1.191509142518043518e-01 4.623569175601005554e-02 -2.495562285184860229e-02 -5.286331474781036377e-02 -1.587290316820144653e-02 7.558023184537887573e-02 1.826800704002380371e-01 2.563118338584899902e-01 2.608289122581481934e-01 1.917314082384109497e-01 7.837384939193725586e-02 -2.977989800274372101e-02 -8.665594458580017090e-02 -7.130242139101028442e-02 2.726213308051228523e-03 9.472797065973281860e-02 1.570818871259689331e-01 1.582723855972290039e-01 9.753030538558959961e-02 4.311312921345233917e-03 -7.660995423793792725e-02 -1.067655980587005615e-01 -7.180505245923995972e-02 1.269241236150264740e-02 1.094393432140350342e-01 1.770060062408447266e-01 1.880277693271636963e-01 1.397857069969177246e-01 5.318756401538848877e-02 -3.809072449803352356e-02 -1.022878214716911316e-01 -1.211540028452873230e-01 -9.404037147760391235e-02 -3.425620123744010925e-02 3.894248604774475098e-02 1.080951243638992310e-01 1.616792827844619751e-01 1.940778940916061401e-01 2.032451331615447998e-01 1.887547373771667480e-01 1.518717855215072632e-01 9.728917479515075684e-02 3.461503610014915466e-02 -2.242232114076614380e-02 -5.970468372106552124e-02 -6.806231290102005005e-02 -4.756441712379455566e-02 -8.289735764265060425e-03 3.324158117175102234e-02 6.057489663362503052e-02 6.381653249263763428e-02 4.313768446445465088e-02 7.802450563758611679e-03 -2.856604754924774170e-02 -5.403338745236396790e-02 -6.285867840051651001e-02 -5.663112178444862366e-02 -4.203428328037261963e-02 -2.684450522065162659e-02 -1.637325063347816467e-02 -1.197688281536102295e-02 -1.193928532302379608e-02 -1.376557257026433945e-02 -1.635617017745971680e-02 -2.084459736943244934e-02 -2.977238409221172333e-02 -4.518664255738258362e-02 -6.672096997499465942e-02 -9.062097966670989990e-02 -1.101851612329483032e-01 -1.175247058272361755e-01 -1.061341390013694763e-01 -7.355047017335891724e-02 -2.329340390861034393e-02 3.471529856324195862e-02 8.586884289979934692e-02 1.148249134421348572e-01 1.109067872166633606e-01 7.320411503314971924e-02 1.308221928775310516e-02 -4.776598885655403137e-02 -8.404526859521865845e-02 -7.648006826639175415e-02 -2.060807310044765472e-02 6.937927007675170898e-02 1.642766743898391724e-01 2.303567230701446533e-01 2.427366375923156738e-01 1.958128362894058228e-01 1.057945787906646729e-01 3.760828403756022453e-03 -7.786218822002410889e-02 -1.191637590527534485e-01 -1.203086450695991516e-01 -9.910351783037185669e-02 -7.985412329435348511e-02 -7.930433005094528198e-02 -9.709258377552032471e-02 -1.159391552209854126e-01 -1.117053329944610596e-01 -6.812690198421478271e-02 1.173199526965618134e-02 1.038724631071090698e-01 1.732391268014907837e-01 1.907634437084197998e-01 1.493562608957290649e-01 7.079592347145080566e-02 -5.129373166710138321e-04 -1.523359213024377823e-02 5.795477703213691711e-02 2.119308710098266602e-01
4.114734530448913574e-01 2.848758995532989502e-01 1.354043334722518921e-01 3.030036948621273041e-02 -8.772884495556354523e-03 3.197422716766595840e-03 3.173225000500679016e-02 4.260539636015892029e-02 1.830241084098815918e-02 -3.430561348795890808e-02 -8.808720111846923828e-02 -1.099822744727134705e-01 -7.907713204622268677e-02 4.725968756247311831e-04 9.873072057962417603e-02 1.728156656026840210e-01 1.876552551984786987e-01 1.344628036022186279e-01 3.719928115606307983e-02 -5.712421610951423645e-02 -1.003530398011207581e-01 -6.687782704830169678e-02 3.273347392678260803e-02 1.554062664508819580e-01 2.453295290470123291e-01 2.605270147323608398e-01 1.933164894580841064e-01 7.453159987926483154e-02 -4.074490070343017578e-02 -9.912777692079544067e-02 -7.402604818344116211e-02 2.217642962932586670e-02 1.445392072200775146e-01 2.371838688850402832e-01 2.594556808471679688e-01 2.040720283985137939e-01 9.894995391368865967e-02 -7.462117355316877365e-03 -6.963694840669631958e-02 -6.568370759487152100e-02 -5.747796501964330673e-03 7.503768801689147949e-02 1.346344202756881714e-01 1.438966989517211914e-01 9.871092438697814941e-02 1.955986768007278442e-02 -5.998392030596733093e-02 -1.092571020126342773e-01 -1.130564212799072266e-01 -7.544551044702529907e-02 -1.443019323050975800e-02 4.842450469732284546e-02 9.754684567451477051e-02 1.276202052831649780e-01 1.416111737489700317e-01 1.451041996479034424e-01 1.410633772611618042e-01 1.281918287277221680e-01 1.034027859568595886e-01 6.625060737133026123e-02 2.203761786222457886e-02 -1.874290779232978821e-02 -4.463344067335128784e-02 -4.882879927754402161e-02 -3.299655392765998840e-02 -7.060750853270292282e-03 1.509065553545951843e-02 2.183046191930770874e-02 8.836244232952594757e-03 -1.944560185074806213e-02 -5.239632353186607361e-02 -7.833090424537658691e-02 -8.948819339275360107e-02 -8.463110029697418213e-02 -6.842818111181259155e-02 -4.845492169260978699e-02 -3.164960816502571106e-02 -2.196866832673549652e-02 -2.002361044287681580e-02 -2.430314570665359497e-02 -3.285722061991691589e-02 -4.435532912611961365e-02 -5.806368961930274963e-02 -7.304255664348602295e-02 -8.729383349418640137e-02 -9.751570224761962891e-02 -9.969875961542129517e-02 -9.034536778926849365e-02 -6.785736978054046631e-02 -3.365021198987960815e-02 7.330020423978567123e-03 4.693533107638359070e-02 7.521047443151473999e-02 8.293522894382476807e-02 6.498841196298599243e-02 2.357322908937931061e-02 -3.018685989081859589e-02 -7.772670686244964600e-02 -9.811433404684066772e-02 -7.562047243118286133e-02 -7.061984390020370483e-03 9.447330236434936523e-02 2.019851952791213989e-01 2.830522060394287109e-01 3.115859627723693848e-01 2.780126333236694336e-01 1.932194381952285767e-01 8.412278443574905396e-02 -1.745699159801006317e-02 -8.763698488473892212e-02 -1.190561950206756592e-01 -1.212089359760284424e-01 -1.126377433538436890e-01 -1.092727482318878174e-01 -1.152393743395805359e-01 -1.211617588996887207e-01 -1.109328493475914001e-01 -7.319495081901550293e-02 -1.094559952616691589e-02 5.662075430154800415e-02 1.019385531544685364e-01 1.032411754131317139e-01 5.805810913443565369e-02 -1.115986891090869904e-02 -6.307357549667358398e-02 -5.374636873602867126e-02 4.256993532180786133e-02 2.156782001256942749e-01
3.470366001129150391e-01 2.476098984479904175e-01 1.244926229119300842e-01 3.910651057958602905e-02 8.796658366918563843e-03 1.784414611756801605e-02 3.474794700741767883e-02 3.078780509531497955e-02 -5.404815077781677246e-03 -6.207891926169395447e-02 -1.098037809133529663e-01 -1.162085905671119690e-01 -6.360879540443420410e-02 3.907043859362602234e-02 1.567729860544204712e-01 2.422656714916229248e-01 2.578011155128479004e-01 1.942019909620285034e-01 7.750725746154785156e-02 -4.110889136791229248e-02 -1.082492619752883911e-01 -9.343673288822174072e-02 -4.209704697132110596e-03 1.166521683335304260e-01 2.110159993171691895e-01 2.331492006778717041e-01 1.719765812158584595e-01 5.691871047019958496e-02 -5.571935698390007019e-02 -1.093681156635284424e-01 -7.402586936950683594e-02 3.956982865929603577e-02 1.850827783346176147e-01 3.022830486297607422e-01 3.446604311466217041e-01 2.997333109378814697e-01 1.927633583545684814e-01 7.288285344839096069e-02 -1.090906746685504913e-02 -3.195666149258613586e-02 4.017210099846124649e-03 6.493671238422393799e-02 1.103478595614433289e-01 1.117561906576156616e-01 6.533467024564743042e-02 -8.464394137263298035e-03 -7.699110358953475952e-02 -1.121571958065032959e-01 -1.032056361436843872e-01 -5.964799225330352783e-02 -4.024337977170944214e-03 4.070943966507911682e-02 6.216039136052131653e-02 6.244969367980957031e-02 5.398812890052795410e-02 5.035009235143661499e-02 5.777985602617263794e-02 7.195840775966644287e-02 8.134814351797103882e-02 7.469642907381057739e-02 4.816206544637680054e-02 8.046921342611312866e-03 -3.221508860588073730e-02 -5.894080549478530884e-02 -6.508986651897430420e-02 -5.351866781711578369e-02 -3.509021922945976257e-02 -2.291335165500640869e-02 -2.588084898889064789e-02 -4.476882517337799072e-02 -7.256808876991271973e-02 -9.843952953815460205e-02 -1.129724830389022827e-01 -1.120948120951652527e-01 -9.802456945180892944e-02 -7.733925431966781616e-02 -5.760024860501289368e-02 -4.436058551073074341e-02 -3.977592661976814270e-02 -4.295047000050544739e-02 -5.126553028821945190e-02 -6.169700995087623596e-02 -7.150977104902267456e-02 -7.834012061357498169e-02 -8.009479194879531860e-02 -7.508356124162673950e-02 -6.247184798121452332e-02 -4.279710352420806885e-02 -1.820107549428939819e-02 7.779906038194894791e-03 3.075033053755760193e-02 4.609170556068420410e-02 4.961749538779258728e-02 3.840280696749687195e-02 1.198985893279314041e-02 -2.615118212997913361e-02 -6.758534163236618042e-02 -9.936290979385375977e-02 -1.067837104201316833e-01 -7.831336557865142822e-02 -1.112293265759944916e-02 8.525613695383071899e-02 1.895104646682739258e-01 2.741790413856506348e-01 3.148119747638702393e-01 2.990932464599609375e-01 2.318399250507354736e-01 1.332893222570419312e-01 3.107983432710170746e-02 -5.060420185327529907e-02 -9.973592311143875122e-02 -1.189688518643379211e-01 -1.210351362824440002e-01 -1.197499781847000122e-01 -1.216567233204841614e-01 -1.229620575904846191e-01 -1.134371608495712280e-01 -8.495216816663742065e-02 -3.947630524635314941e-02 8.624881505966186523e-03 3.819365799427032471e-02 3.256533294916152954e-02 -9.161504916846752167e-03 -6.716728955507278442e-02 -1.059123724699020386e-01 -8.821054548025131226e-02 6.652362179011106491e-03 1.677656322717666626e-01
2.190714180469512939e-01 1.583659499883651733e-01 7.447723299264907837e-02 1.819184422492980957e-02 2.509575570002198219e-03 1.278697326779365540e-02 2.235571108758449554e-02 8.967546746134757996e-03 -3.277388215065002441e-02 -8.725819736719131470e-02 -1.239756941795349121e-01 -1.119355857372283936e-01 -3.635001555085182190e-02 9.044414758682250977e-02 2.300968170166015625e-01 3.323931694030761719e-01 3.569417297840118408e-01 2.924764156341552734e-01 1.640749275684356689e-01 2.379881590604782104e-02 -7.181656360626220703e-02 -8.726548403501510620e-02 -2.439175918698310852e-02 7.867295295000076294e-02 1.659085750579833984e-01 1.905905902385711670e-01 1.381997615098953247e-01 3.386265411972999573e-02 -6.944239139556884766e-02 -1.163040921092033386e-01 -7.564230263233184814e-02 4.410316422581672668e-02 1.985787451267242432e-01 3.279483020305633545e-01 3.840861022472381592e-01 3.514486551284790039e-01 2.519863545894622803e-01 1.325008869171142578e-01 4.138630628585815430e-02 6.477441173046827316e-03 2.454355731606483459e-02 6.665017455816268921e-02 9.555447101593017578e-02 8.560942113399505615e-02 3.505847975611686707e-02 -3.487625345587730408e-02 -9.264976531267166138e-02 -1.134676113724708557e-01 -9.169898927211761475e-02 -4.256007820367813110e-02 7.067662198096513748e-03 3.319783136248588562e-02 2.676721848547458649e-02 -2.948996843770146370e-03 -3.474518284201622009e-02 -4.773604124784469604e-02 -3.268050029873847961e-02 3.481427673250436783e-03 4.184094816446304321e-02 6.178055331110954285e-02 5.162551254034042358e-02 1.420038007199764252e-02 -3.521144017577171326e-02 -7.695665210485458374e-02 -9.665564447641372681e-02 -9.149085730314254761e-02 -7.034083455801010132e-02 -4.829122871160507202e-02 -3.878642618656158447e-02 -4.749075695872306824e-02 -7.060636579990386963e-02 -9.786392003297805786e-02 -1.180963739752769470e-01 -1.243633180856704712e-01 -1.162980347871780396e-01 -9.909048676490783691e-02 -8.024114370346069336e-02 -6.604477018117904663e-02 -5.943950638175010681e-02 -5.979092419147491455e-02 -6.410235166549682617e-02 -6.863579154014587402e-02 -7.012143731117248535e-02 -6.631691008806228638e-02 -5.616965144872665405e-02 -3.993180766701698303e-02 -1.931506767868995667e-02 2.543674549087882042e-03 2.159526199102401733e-02 3.388774394989013672e-02 3.669636696577072144e-02 2.921602502465248108e-02 1.248076558113098145e-02 -1.131239254027605057e-02 -3.946119174361228943e-02 -6.878919154405593872e-02 -9.497114270925521851e-02 -1.118148863315582275e-01 -1.115732043981552124e-01 -8.702338486909866333e-02 -3.500454127788543701e-02 4.010955989360809326e-02 1.251098215579986572e-01 2.003415822982788086e-01 2.456321567296981812e-01 2.476397156715393066e-01 2.053535282611846924e-01 1.309335529804229736e-01 4.510980471968650818e-02 -3.097339347004890442e-02 -8.369416743516921997e-02 -1.108920648694038391e-01 -1.200411617755889893e-01 -1.219249963760375977e-01 -1.235027983784675598e-01 -1.240759864449501038e-01 -1.169559955596923828e-01 -9.558674693107604980e-02 -6.030725315213203430e-02 -2.128379233181476593e-02 4.896332044154405594e-03 3.880927106365561485e-03 -2.689685672521591187e-02 -7.321114838123321533e-02 -1.072281375527381897e-01 -9.875476360321044922e-02 -3.054657578468322754e-02 8.857073634862899780e-02
6.906674057245254517e-02 4.658517986536026001e-02 4.307886585593223572e-03 -2.145460620522499084e-02 -2.164671756327152252e-02 -8.199019357562065125e-03 -1.780267921276390553e-03 -1.823306456208229065e-02 -5.829952657222747803e-02 -1.045432165265083313e-01 -1.272763162851333618e-01 -9.780658036470413208e-02 -3.657244844362139702e-03 1.414578706026077271e-01 2.986982464790344238e-01 4.173437654972076416e-01 4.554225206375122070e-01 3.986351490020751953e-01 2.683568894863128662e-01 1.140085756778717041e-01 -7.623619865626096725e-03 -5.700680986046791077e-02 -2.891301736235618591e-02 4.640225693583488464e-02 1.187426000833511353e-01 1.429479420185089111e-01 1.012727022171020508e-01 1.224474702030420303e-02 -7.837580144405364990e-02 -1.201401501893997192e-01 -8.290968090295791626e-02 2.792371064424514771e-02 1.733545511960983276e-01 2.986958920955657959e-01 3.585821092128753662e-01 3.368334770202636719e-01 2.518203854560852051e-01 1.453782320022583008e-01 6.146821379661560059e-02 2.555203996598720551e-02 3.475080057978630066e-02 6.294140219688415527e-02 7.719655334949493408e-02 5.641158670186996460e-02 2.339535858482122421e-03 -6.231001764535903931e-02 -1.070574074983596802e-01 -1.106436401605606079e-01 -7.265810668468475342e-02 -1.380354072898626328e-02 3.502026572823524475e-02 4.877911880612373352e-02 2.099023200571537018e-02 -3.345130756497383118e-02 -8.645911514759063721e-02 -1.113922521471977234e-01 -9.644880145788192749e-02 -5.008145049214363098e-02 3.942838404327630997e-03 3.886333853006362915e-02 3.809772804379463196e-02 2.690961817279458046e-03 -5.026426538825035095e-02 -9.683272242546081543e-02 -1.180034056305885315e-01 -1.081063449382781982e-01 -7.613293081521987915e-02 -4.003515839576721191e-02 -1.748712919652462006e-02 -1.791393011808395386e-02 -3.939515724778175354e-02 -7.122242450714111328e-02 -1.000534296035766602e-01 -1.161868870258331299e-01 -1.169969439506530762e-01 -1.064622625708580017e-01 -9.181699156761169434e-02 -7.953594624996185303e-02 -7.269688695669174194e-02 -7.059521228075027466e-02 -7.014642655849456787e-02 -6.786101311445236206e-02 -6.129113957285881042e-02 -4.953933507204055786e-02 -3.311413526535034180e-02 -1.366403046995401382e-02 6.137608084827661514e-03 2.272837981581687927e-02 3.219446539878845215e-02 3.136254101991653442e-02 1.909653097391128540e-02 -2.919905586168169975e-03 -3.052460215985774994e-02 -5.854840204119682312e-02 -8.268889039754867554e-02 -1.007046625018119812e-01 -1.121898144483566284e-01 -1.170886754989624023e-01 -1.140267327427864075e-01 -9.983642399311065674e-02 -7.104173302650451660e-02 -2.681010775268077850e-02 2.828576043248176575e-02 8.364529162645339966e-02 1.252004802227020264e-01 1.404869705438613892e-01 1.239666342735290527e-01 7.986096292734146118e-02 2.079172059893608093e-02 -3.736720979213714600e-02 -8.197117596864700317e-02 -1.081508547067642212e-01 -1.191322058439254761e-01 -1.223491206765174866e-01 -1.237412691116333008e-01 -1.236922293901443481e-01 -1.171263679862022400e-01 -9.779852628707885742e-02 -6.417874991893768311e-02 -2.311384677886962891e-02 1.153578609228134155e-02 2.528687566518783569e-02 1.138830464333295822e-02 -2.350423298776149750e-02 -6.010763347148895264e-02 -7.456304877996444702e-02 -5.101064965128898621e-02 6.569999735802412033e-03
-6.165097281336784363e-02 -5.509296059608459473e-02 -6.253901124000549316e-02 -6.358249485492706299e-02 -5.216977745294570923e-02 -3.628589957952499390e-02 -3.024608641862869263e-02 -4.445425793528556824e-02 -7.711378484964370728e-02 -1.115870550274848938e-01 -1.212535127997398376e-01 -8.073122799396514893e-02 2.088605985045433044e-02 1.709534823894500732e-01 3.336216807365417480e-01 4.610672891139984131e-01 5.118792057037353516e-01 4.688164293766021729e-01 3.475392758846282959e-01 1.914554387331008911e-01 5.414409190416336060e-02 -2.309137582778930664e-02 -2.825147099792957306e-02 1.783543452620506287e-02 7.328026741743087769e-02 9.658802300691604614e-02 6.739687919616699219e-02 -3.624609671533107758e-03 -8.052875101566314697e-02 -1.205358505249023438e-01 -9.591580927371978760e-02 -8.377538062632083893e-03 1.111327633261680603e-01 2.169520556926727295e-01 2.701142132282257080e-01 2.559260129928588867e-01 1.891532093286514282e-01 1.047307178378105164e-01 3.927703201770782471e-02 1.316290721297264099e-02 2.221954241394996643e-02 4.284047335386276245e-02 4.711772128939628601e-02 1.950883679091930389e-02 -3.400033339858055115e-02 -8.902331441640853882e-02 -1.162950769066810608e-01 -9.815421700477600098e-02 -3.905737772583961487e-02 3.554193302989006042e-02 9.140983968973159790e-02 1.024733334779739380e-01 6.370910257101058960e-02 -6.588077172636985779e-03 -7.615736871957778931e-02 -1.147895529866218567e-01 -1.088023558259010315e-01 -6.680645793676376343e-02 -1.424416620284318924e-02 2.007732354104518890e-02 1.838140189647674561e-02 -1.792785339057445526e-02 -7.002126425504684448e-02 -1.118247583508491516e-01 -1.230725422501564026e-01 -9.866522252559661865e-02 -5.009246990084648132e-02 1.078172819688916206e-03 3.378170356154441833e-02 3.666104003787040710e-02 1.172705460339784622e-02 -2.850936166942119598e-02 -6.813499331474304199e-02 -9.515580534934997559e-02 -1.055650711059570312e-01 -1.028677672147750854e-01 -9.425166249275207520e-02 -8.603651821613311768e-02 -8.084803074598312378e-02 -7.752683758735656738e-02 -7.309722900390625000e-02 -6.516211479902267456e-02 -5.326744914054870605e-02 -3.876739367842674255e-02 -2.376919798552989960e-02 -1.017168816179037094e-02 5.434404010884463787e-04 6.886233109980821609e-03 6.999670062214136124e-03 -9.749481687322258949e-04 -1.777482405304908752e-02 -4.183249175548553467e-02 -6.900324672460556030e-02 -9.372842311859130859e-02 -1.112389639019966125e-01 -1.196115314960479736e-01 -1.203973442316055298e-01 -1.172991544008255005e-01 -1.135672330856323242e-01 -1.096766889095306396e-01 -1.028284728527069092e-01 -8.880407363176345825e-02 -6.524863094091415405e-02 -3.443951904773712158e-02 -3.690041601657867432e-03 1.721539907157421112e-02 2.042916044592857361e-02 3.968264441937208176e-03 -2.706395089626312256e-02 -6.276945024728775024e-02 -9.309307485818862915e-02 -1.122579947113990784e-01 -1.205181032419204712e-01 -1.222923472523689270e-01 -1.219111606478691101e-01 -1.197086498141288757e-01 -1.110900416970252991e-01 -8.945568650960922241e-02 -5.144438147544860840e-02 -1.298490562476217747e-03 4.867884144186973572e-02 8.256656676530838013e-02 8.832161873579025269e-02 6.443461030721664429e-02 2.181283384561538696e-02 -2.095034345984458923e-02 -4.756610840559005737e-02 -5.520618334412574768e-02
-1.479756683111190796e-01 -1.244120821356773376e-01 -1.089486330747604370e-01 -9.532298147678375244e-02 -7.905778288841247559e-02 -6.351505964994430542e-02 -5.702057853341102600e-02 -6.599091738462448120e-02 -8.836488425731658936e-02 -1.108514890074729919e-01 -1.119988411664962769e-01 -7.068495452404022217e-02 2.309428527951240540e-02 1.600815504789352417e-01 3.108974695205688477e-01 4.343291819095611572e-01 4.923799633979797363e-01 4.659700691699981689e-01 3.640505969524383545e-01 2.212797552347183228e-01 8.449382334947586060e-02 -6.396595854312181473e-03 -3.447008132934570312e-02 -1.131983194500207901e-02 3.058040700852870941e-02 5.495470389723777771e-02 3.989628329873085022e-02 -1.176037732511758804e-02 -7.484746724367141724e-02 -1.155980676412582397e-01 -1.095583587884902954e-01 -5.449453368782997131e-02 2.821375988423824310e-02 1.042083874344825745e-01 1.431363075971603394e-01 1.331305503845214844e-01 8.541576564311981201e-02 2.697558701038360596e-02 -1.447412837296724319e-02 -2.500250563025474548e-02 -1.072790473699569702e-02 7.322609890252351761e-03 6.681584753096103668e-03 -2.235337533056735992e-02 -6.974857300519943237e-02 -1.100267022848129272e-01 -1.157155409455299377e-01 -7.281598448753356934e-02 1.006864290684461594e-02 1.040534451603889465e-01 1.728641539812088013e-01 1.898651719093322754e-01 1.505952030420303345e-01 7.448969781398773193e-02 -4.970040637999773026e-03 -5.655654519796371460e-02 -6.576929241418838501e-02 -4.035742953419685364e-02 -4.522275645285844803e-03 1.476666424423456192e-02 2.067101886495947838e-03 -3.888534381985664368e-02 -8.772059530019760132e-02 -1.183901056647300720e-01 -1.126039177179336548e-01 -6.890304386615753174e-02 -3.118965309113264084e-03 5.946192145347595215e-02 9.583652764558792114e-02 9.498179703950881958e-02 6.112193688750267029e-02 9.776973165571689606e-03 -4.058421030640602112e-02 -7.668432593345642090e-02 -9.453877806663513184e-02 -9.830355644226074219e-02 -9.552820771932601929e-02 -9.204197674989700317e-02 -8.930046856403350830e-02 -8.513382822275161743e-02 -7.671973854303359985e-02 -6.348814815282821655e-02 -4.806827381253242493e-02 -3.488329425454139709e-02 -2.755836769938468933e-02 -2.696586400270462036e-02 -3.116084076464176178e-02 -3.711844608187675476e-02 -4.298474267125129700e-02 -4.926173016428947449e-02 -5.811966583132743835e-02 -7.133019715547561646e-02 -8.827811479568481445e-02 -1.055035740137100220e-01 -1.182433143258094788e-01 -1.231087371706962585e-01 -1.202179566025733948e-01 -1.133418083190917969e-01 -1.078120991587638855e-01 -1.073540821671485901e-01 -1.117561683058738708e-01 -1.168758496642112732e-01 -1.171102449297904968e-01 -1.089473590254783630e-01 -9.348327666521072388e-02 -7.632753998041152954e-02 -6.483469903469085693e-02 -6.420415639877319336e-02 -7.470751553773880005e-02 -9.166517108678817749e-02 -1.081568673253059387e-01 -1.187874004244804382e-01 -1.221683695912361145e-01 -1.205632016062736511e-01 -1.169444993138313293e-01 -1.114439666271209717e-01 -9.973832964897155762e-02 -7.486882805824279785e-02 -3.188003599643707275e-02 2.728634886443614960e-02 9.176634997129440308e-02 1.444437652826309204e-01 1.685996651649475098e-01 1.554251760244369507e-01 1.084014773368835449e-01 4.175954684615135193e-02 -2.703810483217239380e-02 -8.798141032457351685e-02
-1.865264177322387695e-01 -1.557078510522842407e-01 -1.296539157629013062e-01 -1.117558255791664124e-01 -9.758561104536056519e-02 -8.586880564689636230e-02 -7.977622002363204956e-02 -8.310412615537643433e-02 -9.520886093378067017e-02 -1.078877300024032593e-01 -1.063165515661239624e-01 -7.440973818302154541e-02 -2.798736561089754105e-03 1.041329652070999146e-01 2.260408997535705566e-01 3.314547836780548096e-01 3.887002468109130859e-01 3.786979019641876221e-01 3.038609921932220459e-01 1.884945631027221680e-01 6.977082043886184692e-02 -1.715367846190929413e-02 -5.326071009039878845e-02 -4.248227924108505249e-02 -7.993402890861034393e-03 2.016155794262886047e-02 2.000674046576023102e-02 -1.220123190432786942e-02 -6.145005300641059875e-02 -1.030078157782554626e-01 -1.160612255334854126e-01 -9.473762661218643188e-02 -5.082741752266883850e-02 -7.029893808066844940e-03 1.538679655641317368e-02 7.706745993345975876e-03 -2.234178408980369568e-02 -5.587702617049217224e-02 -7.419361174106597900e-02 -6.964564323425292969e-02 -4.985593631863594055e-02 -3.276266530156135559e-02 -3.519557043910026550e-02 -6.143800541758537292e-02 -9.846406430006027222e-02 -1.210390105843544006e-01 -1.044846326112747192e-01 -3.855456411838531494e-02 6.505454331636428833e-02 1.759328246116638184e-01 2.577754557132720947e-01 2.845911681652069092e-01 2.522327899932861328e-01 1.794989258050918579e-01 9.837045520544052124e-02 3.845677152276039124e-02 1.356827095150947571e-02 1.704628020524978638e-02 2.780391648411750793e-02 2.346560731530189514e-02 -6.545200943946838379e-03 -5.484080314636230469e-02 -9.985674917697906494e-02 -1.173366531729698181e-01 -9.333068132400512695e-02 -3.194829449057579041e-02 4.595355689525604248e-02 1.121920272707939148e-01 1.437897235155105591e-01 1.323553621768951416e-01 8.606250584125518799e-02 2.399775572121143341e-02 -3.354229778051376343e-02 -7.360214740037918091e-02 -9.398391842842102051e-02 -1.007136553525924683e-01 -1.019790321588516235e-01 -1.025117486715316772e-01 -1.015654951333999634e-01 -9.513005614280700684e-02 -8.040002733469009399e-02 -5.930529907345771790e-02 -3.871109336614608765e-02 -2.710685506463050842e-02 -2.983177453279495239e-02 -4.579707235097885132e-02 -6.775967776775360107e-02 -8.607141673564910889e-02 -9.376795589923858643e-02 -9.008900076150894165e-02 -8.046500384807586670e-02 -7.307449728250503540e-02 -7.403919100761413574e-02 -8.403944969177246094e-02 -9.822020679712295532e-02 -1.092932075262069702e-01 -1.118999868631362915e-01 -1.056492626667022705e-01 -9.512194991111755371e-02 -8.698172122240066528e-02 -8.602079004049301147e-02 -9.251983463764190674e-02 -1.024184003472328186e-01 -1.100533679127693176e-01 -1.116921603679656982e-01 -1.076822057366371155e-01 -1.019689589738845825e-01 -9.940145909786224365e-02 -1.026015356183052063e-01 -1.103868409991264343e-01 -1.186848431825637817e-01 -1.232323944568634033e-01 -1.221710592508316040e-01 -1.167025193572044373e-01 -1.092613711953163147e-01 -1.004048585891723633e-01 -8.668577671051025391e-02 -6.140657141804695129e-02 -1.846159994602203369e-02 4.258484765887260437e-02 1.131941601634025574e-01 1.767704039812088013e-01 2.141288518905639648e-01 2.112768441438674927e-01 1.656825393438339233e-01 8.754314482212066650e-02 -5.293205846101045609e-03 -9.727404266595840454e-02
-1.898199319839477539e-01 -1.569991856813430786e-01 -1.294464021921157837e-01 -1.146671101450920105e-01 -1.073271110653877258e-01 -1.022549271583557129e-01 -9.848007559776306152e-02 -9.792799502611160278e-02 -1.018273830413818359e-01 -1.074187085032463074e-01 -1.069505289196968079e-01 -8.992916345596313477e-02 -4.808014631271362305e-02 1.908784359693527222e-02 1.010562181472778320e-01 1.777622401714324951e-01 2.260958254337310791e-01 2.291579246520996094e-01 1.841754168272018433e-01 1.050410196185112000e-01 1.766440272331237793e-02 -5.027129873633384705e-02 -8.065959811210632324e-02 -7.213445007801055908e-02 -3.960534930229187012e-02 -6.398321595042943954e-03 7.107784040272235870e-03 -7.261810824275016785e-03 -4.278928786516189575e-02 -8.275792002677917480e-02 -1.100087389349937439e-01 -1.159160733222961426e-01 -1.040560901165008545e-01 -8.690023422241210938e-02 -7.776449620723724365e-02 -8.282559365034103394e-02 -9.784502536058425903e-02 -1.114242970943450928e-01 -1.127485781908035278e-01 -9.906869381666183472e-02 -7.820976525545120239e-02 -6.421880424022674561e-02 -6.832435727119445801e-02 -9.036775678396224976e-02 -1.160029321908950806e-01 -1.220336034893989563e-01 -8.777726441621780396e-02 -6.765215657651424408e-03 1.075429394841194153e-01 2.255495935678482056e-01 3.134832680225372314e-01 3.478708565235137939e-01 3.253777325153350830e-01 2.631273567676544189e-01 1.894497722387313843e-01 1.299041211605072021e-01 9.577408432960510254e-02 8.080542832612991333e-02 6.750766187906265259e-02 3.926177322864532471e-02 -8.534458465874195099e-03 -6.440922617912292480e-02 -1.060677245259284973e-01 -1.121293976902961731e-01 -7.405900210142135620e-02 -1.924643409438431263e-03 7.908283919095993042e-02 1.395808011293411255e-01 1.587873101234436035e-01 1.328174173831939697e-01 7.468748092651367188e-02 6.643850356340408325e-03 -5.072497576475143433e-02 -8.686206489801406860e-02 -1.032113954424858093e-01 -1.086676493287086487e-01 -1.119337156414985657e-01 -1.155915930867195129e-01 -1.152636706829071045e-01 -1.039654612541198730e-01 -7.858077436685562134e-02 -4.415275901556015015e-02 -1.304026693105697632e-02 8.999053388833999634e-04 -1.008868124336004257e-02 -4.267301037907600403e-02 -8.310581743717193604e-02 -1.135103628039360046e-01 -1.205904856324195862e-01 -1.021871790289878845e-01 -6.821744143962860107e-02 -3.552372381091117859e-02 -1.937884651124477386e-02 -2.608302421867847443e-02 -5.038206279277801514e-02 -7.878407835960388184e-02 -9.675026684999465942e-02 -9.585899114608764648e-02 -7.733086496591567993e-02 -5.046858638525009155e-02 -2.732750773429870605e-02 -1.675604097545146942e-02 -2.092220820486545563e-02 -3.574205189943313599e-02 -5.434054508805274963e-02 -7.113861292600631714e-02 -8.417090028524398804e-02 -9.463880956172943115e-02 -1.045290082693099976e-01 -1.142333149909973145e-01 -1.218625158071517944e-01 -1.246012598276138306e-01 -1.209387853741645813e-01 -1.119529604911804199e-01 -1.004705876111984253e-01 -8.847058564424514771e-02 -7.451820373535156250e-02 -5.332209542393684387e-02 -1.838063262403011322e-02 3.328176587820053101e-02 9.689853340387344360e-02 1.590619385242462158e-01 2.014185935258865356e-01 2.077507227659225464e-01 1.711440086364746094e-01 9.745147824287414551e-02 2.686858410015702248e-03 -9.547851234674453735e-02
-1.745533496141433716e-01 -1.414078325033187866e-01 -1.166621893644332886e-01 -1.075940579175949097e-01 -1.082843393087387085e-01 -1.111927106976509094e-01 -1.121683418750762939e-01 -1.110792458057403564e-01 -1.099368557333946228e-01 -1.101322621107101440e-01 -1.102607622742652893e-01 -1.057461202144622803e-01 -9.075858443975448608e-02 -6.176349148154258728e-02 -2.092931419610977173e-02 2.272067591547966003e-02 5.568710342049598694e-02 6.539810448884963989e-02 4.630974307656288147e-02 3.583984682336449623e-03 -4.792017489671707153e-02 -8.938966691493988037e-02 -1.061034128069877625e-01 -9.396576136350631714e-02 -6.126111745834350586e-02 -2.466585114598274231e-02 -1.443816698156297207e-03 -1.693530590273439884e-03 -2.444440685212612152e-02 -5.933420360088348389e-02 -9.265182912349700928e-02 -1.143072098493576050e-01 -1.219993233680725098e-01 -1.206227988004684448e-01 -1.177465617656707764e-01 -1.182081177830696106e-01 -1.212220042943954468e-01 -1.217143982648849487e-01 -1.148736029863357544e-01 -1.007870584726333618e-01 -8.582964539527893066e-02 -7.937672734260559082e-02 -8.737085014581680298e-02 -1.065237298607826233e-01 -1.230560839176177979e-01 -1.176255568861961365e-01 -7.461243867874145508e-02 8.829585276544094086e-03 1.189418509602546692e-01 2.293509095907211304e-01 3.114820122718811035e-01 3.465054929256439209e-01 3.328933417797088623e-01 2.857631444931030273e-01 2.283912301063537598e-01 1.803681254386901855e-01 1.486257612705230713e-01 1.259948164224624634e-01 9.785164147615432739e-02 5.298897996544837952e-02 -7.497170474380254745e-03 -6.846783310174942017e-02 -1.074142083525657654e-01 -1.061604991555213928e-01 -6.134633347392082214e-02 1.206424552947282791e-02 8.638176321983337402e-02 1.332326233386993408e-01 1.359842866659164429e-01 9.633295238018035889e-02 3.196128457784652710e-02 -3.311783447861671448e-02 -8.019093424081802368e-02 -1.033465117216110229e-01 -1.092977374792098999e-01 -1.103526800870895386e-01 -1.151142790913581848e-01 -1.225560158491134644e-01 -1.229484081268310547e-01 -1.049839556217193604e-01 -6.472253799438476562e-02 -1.078187860548496246e-02 3.777238354086875916e-02 6.024290993809700012e-02 4.529210180044174194e-02 -1.932629267685115337e-03 -6.076638028025627136e-02 -1.041028350591659546e-01 -1.112455204129219055e-01 -7.806377112865447998e-02 -1.923162117600440979e-02 3.868243470788002014e-02 6.987074017524719238e-02 6.142380833625793457e-02 1.905440352857112885e-02 -3.615587204694747925e-02 -7.805186510086059570e-02 -8.747481554746627808e-02 -6.030581146478652954e-02 -8.052666671574115753e-03 4.856919124722480774e-02 8.930058032274246216e-02 1.023737341165542603e-01 8.748310059309005737e-02 5.323237553238868713e-02 1.138900220394134521e-02 -2.856364101171493530e-02 -6.196090206503868103e-02 -8.811134845018386841e-02 -1.076323837041854858e-01 -1.202715039253234863e-01 -1.246950626373291016e-01 -1.200378164649009705e-01 -1.076382324099540710e-01 -9.124280512332916260e-02 -7.511340826749801636e-02 -6.111900508403778076e-02 -4.689133167266845703e-02 -2.673030830919742584e-02 4.697471857070922852e-03 4.773414134979248047e-02 9.499494731426239014e-02 1.326145082712173462e-01 1.454614251852035522e-01 1.239674836397171021e-01 6.898979842662811279e-02 -8.285455405712127686e-03 -9.239015728235244751e-02
-1.517383158206939697e-01 -1.188856214284896851e-01 -9.684573858976364136e-02 -9.130340069532394409e-02 -9.772297739982604980e-02 -1.084265261888504028e-01 -1.168817505240440369e-01 -1.197873726487159729e-01 -1.174206510186195374e-01 -1.125272735953330994e-01 -1.082396730780601501e-01 -1.059769392013549805e-01 -1.044847220182418823e-01 -1.007015183568000793e-01 -9.209054708480834961e-02 -7.905898988246917725e-02 -6.580822914838790894e-02 -5.872838199138641357e-02 -6.290931254625320435e-02 -7.863239943981170654e-02 -1.000008881092071533e-01 -1.168700978159904480e-01 -1.194390505552291870e-01 -1.032679155468940735e-01 -7.204811275005340576e-02 -3.649619221687316895e-02 -9.750702418386936188e-03 -1.522769220173358917e-03 -1.393444556742906570e-02 -4.107644036412239075e-02 -7.232528924942016602e-02 -9.749594330787658691e-02 -1.110640466213226318e-01 -1.134155318140983582e-01 -1.089045405387878418e-01 -1.023262664675712585e-01 -9.616488218307495117e-02 -9.023946523666381836e-02 -8.363832533359527588e-02 -7.721558958292007446e-02 -7.447195798158645630e-02 -7.969196140766143799e-02 -9.415082633495330811e-02 -1.128127425909042358e-01 -1.241224333643913269e-01 -1.139638945460319519e-01 -7.239590585231781006e-02 1.963249378604814410e-04 9.110615402460098267e-02 1.791699528694152832e-01 2.431302815675735474e-01 2.705452740192413330e-01 2.626963257789611816e-01 2.328332066535949707e-01 1.985673457384109497e-01 1.724196374416351318e-01 1.556509286165237427e-01 1.388181000947952271e-01 1.088265106081962585e-01 5.856551602482795715e-02 -6.419543176889419556e-03 -6.834264844655990601e-02 -1.049978807568550110e-01 -1.011414900422096252e-01 -5.738071724772453308e-02 8.442974649369716644e-03 6.855021417140960693e-02 9.775732457637786865e-02 8.491867780685424805e-02 3.741038218140602112e-02 -2.358440682291984558e-02 -7.436021417379379272e-02 -1.004448756575584412e-01 -1.025627478957176208e-01 -9.380225837230682373e-02 -8.989609032869338989e-02 -9.838054329156875610e-02 -1.130464747548103333e-01 -1.171215102076530457e-01 -9.363351017236709595e-02 -3.715335950255393982e-02 3.999173268675804138e-02 1.111887320876121521e-01 1.476303040981292725e-01 1.330837011337280273e-01 7.353688031435012817e-02 -3.791780211031436920e-03 -6.225834414362907410e-02 -7.295827567577362061e-02 -2.883165888488292694e-02 5.140636488795280457e-02 1.316660791635513306e-01 1.752745658159255981e-01 1.620868891477584839e-01 9.775029122829437256e-02 1.088310871273279190e-02 -6.017169356346130371e-02 -8.447501063346862793e-02 -5.145784467458724976e-02 2.587041817605495453e-02 1.181085556745529175e-01 1.928164362907409668e-01 2.274110615253448486e-01 2.160061299800872803e-01 1.681852638721466064e-01 1.017777174711227417e-01 3.416765108704566956e-02 -2.352994494140148163e-02 -6.746947020292282104e-02 -9.826463460922241211e-02 -1.172311902046203613e-01 -1.243963837623596191e-01 -1.192145496606826782e-01 -1.028211936354637146e-01 -7.958885282278060913e-02 -5.633248016238212585e-02 -3.928144276142120361e-02 -3.066527657210826874e-02 -2.728233672678470612e-02 -2.233847230672836304e-02 -9.807002730667591095e-03 1.114823110401630402e-02 3.441144153475761414e-02 4.912253096699714661e-02 4.486300796270370483e-02 1.700481213629245758e-02 -3.090180084109306335e-02 -8.959946036338806152e-02
-1.238965019583702087e-01 -9.292504936456680298e-02 -7.058131694793701172e-02 -6.301409006118774414e-02 -7.044737040996551514e-02 -8.774521201848983765e-02 -1.066601052880287170e-01 -1.190373599529266357e-01 -1.200227811932563782e-01 -1.099457815289497375e-01 -9.388383477926254272e-02 -7.902520149946212769e-02 -7.117626816034317017e-02 -7.227230817079544067e-02 -8.015708625316619873e-02 -9.053847938776016235e-02 -9.975254535675048828e-02 -1.065701693296432495e-01 -1.119978725910186768e-01 -1.173823773860931396e-01 -1.222627684473991394e-01 -1.235981509089469910e-01 -1.171124354004859924e-01 -1.000930517911911011e-01 -7.393895089626312256e-02 -4.474283754825592041e-02 -2.125549130141735077e-02 -1.110029313713312149e-02 -1.718082278966903687e-02 -3.620532900094985962e-02 -6.013532727956771851e-02 -7.979571074247360229e-02 -8.876445889472961426e-02 -8.561985194683074951e-02 -7.364398241043090820e-02 -5.852174386382102966e-02 -4.557397961616516113e-02 -3.805720433592796326e-02 -3.713235631585121155e-02 -4.290307685732841492e-02 -5.525813251733779907e-02 -7.356166094541549683e-02 -9.530118107795715332e-02 -1.148785054683685303e-01 -1.240116506814956665e-01 -1.143917664885520935e-01 -8.172652870416641235e-02 -2.904769219458103180e-02 3.293535485863685608e-02 8.932790160179138184e-02 1.271514147520065308e-01 1.410946249961853027e-01 1.357498466968536377e-01 1.227985471487045288e-01 1.143208220601081848e-01 1.157164350152015686e-01 1.222472488880157471e-01 1.214716807007789612e-01 1.006409600377082825e-01 5.518724396824836731e-02 -6.536989007145166397e-03 -6.539891660213470459e-02 -1.000075265765190125e-01 -9.749273210763931274e-02 -6.082884222269058228e-02 -8.473440073430538177e-03 3.398859128355979919e-02 4.618739709258079529e-02 2.293882705271244049e-02 -2.349433675408363342e-02 -7.020612061023712158e-02 -9.599331021308898926e-02 -9.260255098342895508e-02 -6.867150962352752686e-02 -4.404170811176300049e-02 -3.743591159582138062e-02 -5.434777587652206421e-02 -8.218138664960861206e-02 -9.593784809112548828e-02 -7.197164744138717651e-02 -2.626365050673484802e-03 9.644240140914916992e-02 1.910054385662078857e-01 2.435742616653442383e-01 2.320112437009811401e-01 1.619294732809066772e-01 6.605055928230285645e-02 -9.938954375684261322e-03 -2.862726338207721710e-02 2.102296613156795502e-02 1.176995784044265747e-01 2.170886695384979248e-01 2.722845077514648438e-01 2.556019425392150879e-01 1.714754700660705566e-01 5.449669808149337769e-02 -4.620020464062690735e-02 -8.862089365720748901e-02 -5.556153878569602966e-02 3.947022184729576111e-02 1.598627865314483643e-01 2.625020742416381836e-01 3.151553869247436523e-01 3.069690763950347900e-01 2.485212087631225586e-01 1.631840616464614868e-01 7.530837506055831909e-02 1.263298792764544487e-03 -5.320386588573455811e-02 -8.974053710699081421e-02 -1.117544546723365784e-01 -1.204242706298828125e-01 -1.145748272538185120e-01 -9.374030679464340210e-02 -6.161479651927947998e-02 -2.696299739181995392e-02 -8.706291555427014828e-04 8.279530331492424011e-03 -8.871784084476530552e-04 -2.185735851526260376e-02 -4.350184649229049683e-02 -5.579005554318428040e-02 -5.482992902398109436e-02 -4.456223547458648682e-02 -3.439814597368240356e-02 -3.432217240333557129e-02 -5.018236860632896423e-02 -8.159418404102325439e-02
-8.923085778951644897e-02 -6.301399320363998413e-02 -3.619446605443954468e-02 -1.973499543964862823e-02 -2.254879288375377655e-02 -4.477129504084587097e-02 -7.711406797170639038e-02 -1.049174293875694275e-01 -1.147673279047012329e-01 -1.006239801645278931e-01 -6.658184528350830078e-02 -2.497740089893341064e-02 9.134070947766304016e-03 2.435056120157241821e-02 1.710814796388149261e-02 -8.024030365049839020e-03 -4.153921455144882202e-02 -7.360740751028060913e-02 -9.766080230474472046e-02 -1.114815026521682739e-01 -1.159475669264793396e-01 -1.128606274724006653e-01 -1.034939065575599670e-01 -8.867279440164566040e-02 -6.995790451765060425e-02 -5.068084225058555603e-02 -3.568834066390991211e-02 -2.957252599298954010e-02 -3.427633270621299744e-02 -4.753257334232330322e-02 -6.324505060911178589e-02 -7.385534048080444336e-02 -7.360324263572692871e-02 -6.106377765536308289e-02 -3.973043709993362427e-02 -1.646451465785503387e-02 1.289569889195263386e-03 8.124069310724735260e-03 2.039195736870169640e-03 -1.566813513636589050e-02 -4.142459854483604431e-02 -7.046636193990707397e-02 -9.750922024250030518e-02 -1.171639412641525269e-01 -1.246430501341819763e-01 -1.170900464057922363e-01 -9.516845643520355225e-02 -6.389509141445159912e-02 -3.167636319994926453e-02 -7.319376338273286819e-03 3.923980984836816788e-03 3.257928648963570595e-03 -1.733300159685313702e-03 -7.148305885493755341e-04 1.363410800695419312e-02 4.066176339983940125e-02 7.057177275419235229e-02 8.830507844686508179e-02 8.103337138891220093e-02 4.556579887866973877e-02 -8.460539393126964569e-03 -6.187134236097335815e-02 -9.463953971862792969e-02 -9.578380733728408813e-02 -6.924584507942199707e-02 -3.227577731013298035e-02 -6.694691255688667297e-03 -7.340325042605400085e-03 -3.384055942296981812e-02 -7.041867077350616455e-02 -9.427956491708755493e-02 -8.838596194982528687e-02 -5.170975625514984131e-02 -9.926264174282550812e-04 3.760770708322525024e-02 4.305490851402282715e-02 1.245666202157735825e-02 -3.490176051855087280e-02 -6.562157720327377319e-02 -4.906354472041130066e-02 2.533711120486259460e-02 1.396061331033706665e-01 2.529170215129852295e-01 3.196557760238647461e-01 3.115015029907226562e-01 2.325450181961059570e-01 1.193872392177581787e-01 2.534316480159759521e-02 -4.189105238765478134e-03 4.652089625597000122e-02 1.553177982568740845e-01 2.717519700527191162e-01 3.401769995689392090e-01 3.255036473274230957e-01 2.294878214597702026e-01 9.002481400966644287e-02 -3.593177720904350281e-02 -9.754887223243713379e-02 -7.164069265127182007e-02 2.896582335233688354e-02 1.631174832582473755e-01 2.803902029991149902e-01 3.420127630233764648e-01 3.342275619506835938e-01 2.691909074783325195e-01 1.749092638492584229e-01 8.063781261444091797e-02 5.339618772268295288e-03 -4.596577584743499756e-02 -7.797583192586898804e-02 -9.715802967548370361e-02 -1.055612415075302124e-01 -9.995532780885696411e-02 -7.612939178943634033e-02 -3.490957245230674744e-02 1.448917388916015625e-02 5.638406798243522644e-02 7.511925697326660156e-02 6.261076033115386963e-02 2.271180972456932068e-02 -3.008981421589851379e-02 -7.704135030508041382e-02 -1.033360287547111511e-01 -1.041984483599662781e-01 -8.623373508453369141e-02 -6.385503709316253662e-02 -5.260473862290382385e-02 -6.186703965067863464e-02
-4.819208011031150818e-02 -2.976071834564208984e-02 5.355149973183870316e-03 3.690210729837417603e-02 4.396697878837585449e-02 1.880361698567867279e-02 -2.913332730531692505e-02 -7.774339616298675537e-02 -1.025261506438255310e-01 -8.780759572982788086e-02 -3.393447771668434143e-02 4.270250722765922546e-02 1.166015416383743286e-01 1.636319905519485474e-01 1.702273935079574585e-01 1.374173909425735474e-01 7.855211943387985229e-02 1.255940459668636322e-02 -4.368688166141510010e-02 -8.051761984825134277e-02 -9.655096381902694702e-02 -9.633422642946243286e-02 -8.661667257547378540e-02 -7.339294999837875366e-02 -6.078040227293968201e-02 -5.140724033117294312e-02 -4.715922847390174866e-02 -4.926176741719245911e-02 -5.751541256904602051e-02 -6.939164549112319946e-02 -8.000302314758300781e-02 -8.348995447158813477e-02 -7.544013857841491699e-02 -5.519192665815353394e-02 -2.676850557327270508e-02 2.172387903556227684e-03 2.298638597130775452e-02 2.911483123898506165e-02 1.826461218297481537e-02 -7.095471955835819244e-03 -4.087427631020545959e-02 -7.542577385902404785e-02 -1.036671996116638184e-01 -1.206589415669441223e-01 -1.244904473423957825e-01 -1.165606528520584106e-01 -1.012816429138183594e-01 -8.505436778068542480e-02 -7.438428699970245361e-02 -7.339453697204589844e-02 -8.160092681646347046e-02 -9.318523854017257690e-02 -9.870405495166778564e-02 -8.911078423261642456e-02 -6.059226021170616150e-02 -1.782476343214511871e-02 2.646060287952423096e-02 5.612821131944656372e-02 5.880604684352874756e-02 3.219766914844512939e-02 -1.389383617788553238e-02 -6.140652298927307129e-02 -9.231274574995040894e-02 -9.737435728311538696e-02 -8.071426302194595337e-02 -5.742073431611061096e-02 -4.500573128461837769e-02 -5.303813889622688293e-02 -7.667975127696990967e-02 -9.816801548004150391e-02 -9.616252034902572632e-02 -5.839212983846664429e-02 9.308326058089733124e-03 8.317776769399642944e-02 1.319572180509567261e-01 1.329903006553649902e-01 8.578331768512725830e-02 1.532529294490814209e-02 -3.778156265616416931e-02 -3.655287995934486389e-02 3.294069692492485046e-02 1.520078927278518677e-01 2.754229605197906494e-01 3.513243198394775391e-01 3.459050953388214111e-01 2.608765363693237305e-01 1.346344500780105591e-01 2.573305740952491760e-02 -1.402881182730197906e-02 3.577024862170219421e-02 1.537754833698272705e-01 2.859695851802825928e-01 3.702458143234252930e-01 3.649325668811798096e-01 2.678681910037994385e-01 1.172094643115997314e-01 -2.607908472418785095e-02 -1.054949089884757996e-01 -9.318544715642929077e-02 -2.031500625889748335e-04 1.309643536806106567e-01 2.469034940004348755e-01 3.064282536506652832e-01 2.956494688987731934e-01 2.290737628936767578e-01 1.380979269742965698e-01 5.414243414998054504e-02 -4.651787225157022476e-03 -3.723126277327537537e-02 -5.371271073818206787e-02 -6.469978392124176025e-02 -7.277046889066696167e-02 -7.104602456092834473e-02 -4.914947599172592163e-02 -2.411965513601899147e-03 6.163348257541656494e-02 1.237386986613273621e-01 1.605859249830245972e-01 1.556721478700637817e-01 1.076833084225654602e-01 3.195044770836830139e-02 -4.579591006040573120e-02 -1.003304496407508850e-01 -1.174180954694747925e-01 -9.935387223958969116e-02 -6.343382596969604492e-02 -3.387125581502914429e-02 -2.925948798656463623e-02
-6.921836640685796738e-03 1.742637250572443008e-03 4.738396406173706055e-02 9.801822900772094727e-02 1.190655902028083801e-01 9.357005357742309570e-02 2.991605363786220551e-02 -4.268736392259597778e-02 -8.779402077198028564e-02 -7.825597375631332397e-02 -8.529221639037132263e-03 1.025123298168182373e-01 2.192263901233673096e-01 3.036073446273803711e-01 3.299151062965393066e-01 2.933238148689270020e-01 2.095273882150650024e-01 1.064886450767517090e-01 1.277346443384885788e-02 -5.226355791091918945e-02 -8.283852785825729370e-02 -8.506003022193908691e-02 -7.135068625211715698e-02 -5.428198724985122681e-02 -4.249886795878410339e-02 -3.965940326452255249e-02 -4.559108242392539978e-02 -5.806972831487655640e-02 -7.396970689296722412e-02 -8.953388035297393799e-02 -1.003897786140441895e-01 -1.021272689104080200e-01 -9.171500056982040405e-02 -6.921625882387161255e-02 -3.877134621143341064e-02 -8.002619259059429169e-03 1.422823965549468994e-02 2.088774740695953369e-02 9.355598129332065582e-03 -1.758763939142227173e-02 -5.274733528494834900e-02 -8.699287474155426025e-02 -1.121996194124221802e-01 -1.236046180129051208e-01 -1.209195554256439209e-01 -1.080604493618011475e-01 -9.173284471035003662e-02 -7.927960902452468872e-02 -7.626501470804214478e-02 -8.436580002307891846e-02 -1.002630889415740967e-01 -1.162016615271568298e-01 -1.224868446588516235e-01 -1.113990992307662964e-01 -8.111585676670074463e-02 -3.777039796113967896e-02 5.792794749140739441e-03 3.464393317699432373e-02 3.809955343604087830e-02 1.486166659742593765e-02 -2.579741925001144409e-02 -6.788248568773269653e-02 -9.608295559883117676e-02 -1.031627357006072998e-01 -9.335659444332122803e-02 -7.957631349563598633e-02 -7.546617090702056885e-02 -8.638753741979598999e-02 -1.044981926679611206e-01 -1.113606989383697510e-01 -8.760549873113632202e-02 -2.504191733896732330e-02 6.543433666229248047e-02 1.553403735160827637e-01 2.101719379425048828e-01 2.062181979417800903e-01 1.443101912736892700e-01 5.279527232050895691e-02 -2.315345592796802521e-02 -4.192792251706123352e-02 1.383214816451072693e-02 1.267017126083374023e-01 2.502307891845703125e-01 3.293807804584503174e-01 3.265195488929748535e-01 2.405052185058593750e-01 1.091242805123329163e-01 -7.104200776666402817e-03 -5.267125368118286133e-02 -3.380384761840105057e-03 1.214553341269493103e-01 2.670381665229797363e-01 3.677976429462432861e-01 3.772206902503967285e-01 2.887813150882720947e-01 1.382819414138793945e-01 -1.311286631971597672e-02 -1.067273020744323730e-01 -1.118117123842239380e-01 -3.694903850555419922e-02 7.699228078126907349e-02 1.777971535921096802e-01 2.258851975202560425e-01 2.098522484302520752e-01 1.471118628978729248e-01 7.101250439882278442e-02 1.234568841755390167e-02 -1.482159178704023361e-02 -1.628203690052032471e-02 -9.525231085717678070e-03 -1.008406467735767365e-02 -2.071435190737247467e-02 -2.956240810453891754e-02 -1.805011741816997528e-02 2.636880427598953247e-02 1.001105830073356628e-01 1.819926649332046509e-01 2.415719926357269287e-01 2.531414926052093506e-01 2.082499116659164429e-01 1.204367652535438538e-01 1.987335085868835449e-02 -5.948516726493835449e-02 -9.432643651962280273e-02 -8.172742277383804321e-02 -4.015564918518066406e-02 -7.247678004205226898e-04 9.983328171074390411e-03
2.504899539053440094e-02 2.299650013446807861e-02 7.874161750078201294e-02 1.493264883756637573e-01 1.869636029005050659e-01 1.648016273975372314e-01 8.851662278175354004e-02 -7.407450582832098007e-03 -7.576804608106613159e-02 -7.795598357915878296e-02 -1.349694677628576756e-03 1.346231400966644287e-01 2.861449420452117920e-01 4.026930332183837891e-01 4.467873573303222656e-01 4.073548316955566406e-01 3.016251623630523682e-01 1.658544093370437622e-01 3.993279486894607544e-02 -4.708921909332275391e-02 -8.489634841680526733e-02 -8.125469088554382324e-02 -5.480043590068817139e-02 -2.562852203845977783e-02 -7.987314835190773010e-03 -7.401412352919578552e-03 -2.196955494582653046e-02 -4.580286145210266113e-02 -7.228188961744308472e-02 -9.579779952764511108e-02 -1.120414063334465027e-01 -1.178057342767715454e-01 -1.112389191985130310e-01 -9.273824840784072876e-02 -6.584680080413818359e-02 -3.720505908131599426e-02 -1.502807438373565674e-02 -6.442588753998279572e-03 -1.477048639208078384e-02 -3.802196308970451355e-02 -6.935831904411315918e-02 -9.939157962799072266e-02 -1.193897798657417297e-01 -1.241360530257225037e-01 -1.134357303380966187e-01 -9.187255799770355225e-02 -6.705448776483535767e-02 -4.701124131679534912e-02 -3.754858672618865967e-02 -4.030679166316986084e-02 -5.210804194211959839e-02 -6.591694802045822144e-02 -7.332843542098999023e-02 -6.793677061796188354e-02 -4.839883372187614441e-02 -1.979938894510269165e-02 7.652329280972480774e-03 2.250002697110176086e-02 1.707727462053298950e-02 -8.600277826189994812e-03 -4.622280597686767578e-02 -8.260858803987503052e-02 -1.058545187115669250e-01 -1.112215667963027954e-01 -1.034875586628913879e-01 -9.404215216636657715e-02 -9.376582503318786621e-02 -1.053253486752510071e-01 -1.194048598408699036e-01 -1.178050488233566284e-01 -8.281730860471725464e-02 -8.548907935619354248e-03 9.197195619344711304e-02 1.887293457984924316e-01 2.462669610977172852e-01 2.402558028697967529e-01 1.711106151342391968e-01 6.715682893991470337e-02 -2.562834881246089935e-02 -6.367173790931701660e-02 -2.661909535527229309e-02 7.138776779174804688e-02 1.863541454076766968e-01 2.638912200927734375e-01 2.649095952510833740e-01 1.853189468383789062e-01 5.978062376379966736e-02 -5.307805165648460388e-02 -9.758832305669784546e-02 -4.753104969859123230e-02 8.055087924003601074e-02 2.338745743036270142e-01 3.469601869583129883e-01 3.711632788181304932e-01 2.962731719017028809e-01 1.541331857442855835e-01 2.969798166304826736e-03 -9.964539110660552979e-02 -1.220818608999252319e-01 -7.040102034807205200e-02 1.817586831748485565e-02 9.575026482343673706e-02 1.273114085197448730e-01 1.056910082697868347e-01 5.127311125397682190e-02 -2.057008445262908936e-03 -2.634389884769916534e-02 -1.379819400608539581e-02 2.131195180118083954e-02 5.326597765088081360e-02 6.140731275081634521e-02 4.306204617023468018e-02 1.565137878060340881e-02 6.907491013407707214e-03 3.864836320281028748e-02 1.130337715148925781e-01 2.088489681482315063e-01 2.900122106075286865e-01 3.221152722835540771e-01 2.887457013130187988e-01 1.995957046747207642e-01 8.656626939773559570e-02 -1.014985889196395874e-02 -5.959750339388847351e-02 -5.357038974761962891e-02 -1.033496018499135971e-02 3.393857926130294800e-02 4.575602710247039795e-02
4.096145182847976685e-02 2.683652378618717194e-02 8.885647356510162354e-02 1.767465025186538696e-01 2.319019734859466553e-01 2.178067713975906372e-01 1.355415135622024536e-01 2.172064967453479767e-02 -6.881659477949142456e-02 -8.788199722766876221e-02 -1.570073515176773071e-02 1.297879070043563843e-01 2.999431490898132324e-01 4.353449046611785889e-01 4.896219074726104736e-01 4.468452930450439453e-01 3.255510628223419189e-01 1.687627136707305908e-01 2.547948434948921204e-02 -6.782141327857971191e-02 -9.815327078104019165e-02 -7.617806643247604370e-02 -2.736276201903820038e-02 2.056134305894374847e-02 4.798908904194831848e-02 4.800461977720260620e-02 2.482006326317787170e-02 -1.144885364919900894e-02 -5.027015134692192078e-02 -8.398623019456863403e-02 -1.083602756261825562e-01 -1.214777305722236633e-01 -1.226431503891944885e-01 -1.122901886701583862e-01 -9.276261180639266968e-02 -6.896530836820602417e-02 -4.785485565662384033e-02 -3.648710623383522034e-02 -3.932963311672210693e-02 -5.614190548658370972e-02 -8.156765252351760864e-02 -1.067821830511093140e-01 -1.225604116916656494e-01 -1.224994435906410217e-01 -1.051282882690429688e-01 -7.418985664844512939e-02 -3.715271875262260437e-02 -2.633643336594104767e-03 2.232474088668823242e-02 3.426425158977508545e-02 3.405397385358810425e-02 2.618712000548839569e-02 1.684287749230861664e-02 1.130568888038396835e-02 1.164186466485261917e-02 1.561484578996896744e-02 1.750634238123893738e-02 1.077121775597333908e-02 -8.476564660668373108e-03 -3.880598396062850952e-02 -7.320868223905563354e-02 -1.018082872033119202e-01 -1.165555268526077271e-01 -1.155996099114418030e-01 -1.047669500112533569e-01 -9.477355331182479858e-02 -9.503563493490219116e-02 -1.071113646030426025e-01 -1.216157078742980957e-01 -1.211693584918975830e-01 -8.893767744302749634e-02 -1.901551894843578339e-02 7.684714347124099731e-02 1.706526428461074829e-01 2.284835278987884521e-01 2.258402556180953979e-01 1.608003228902816772e-01 5.792703479528427124e-02 -4.026547446846961975e-02 -9.146408736705780029e-02 -7.328372448682785034e-02 5.063670687377452850e-03 1.055873930454254150e-01 1.784981191158294678e-01 1.859172135591506958e-01 1.210409030318260193e-01 1.308142580091953278e-02 -8.514853566884994507e-02 -1.217096745967864990e-01 -7.061479240655899048e-02 5.462963506579399109e-02 2.058550268411636353e-01 3.214622735977172852e-01 3.540905416011810303e-01 2.915894091129302979e-01 1.614262014627456665e-01 1.677099429070949554e-02 -8.860716968774795532e-02 -1.242544874548912048e-01 -9.436418861150741577e-02 -3.174630180001258850e-02 2.154956385493278503e-02 3.646450117230415344e-02 1.059100776910781860e-02 -3.322076797485351562e-02 -6.170105934143066406e-02 -5.086361244320869446e-02 2.507194585632532835e-04 6.908499449491500854e-02 1.223215088248252869e-01 1.347312927246093750e-01 1.037675812840461731e-01 5.191867426037788391e-02 1.541915070265531540e-02 2.517624013125896454e-02 8.986806124448776245e-02 1.900194287300109863e-01 2.861728072166442871e-01 3.371057808399200439e-01 3.191152513027191162e-01 2.370959222316741943e-01 1.223612427711486816e-01 1.850598677992820740e-02 -3.813505172729492188e-02 -3.492148965597152710e-02 1.079033222049474716e-02 5.924652144312858582e-02 7.059389352798461914e-02
4.200494289398193359e-02 1.234254520386457443e-02 7.337939739227294922e-02 1.726290136575698853e-01 2.443054914474487305e-01 2.432912439107894897e-01 1.642976701259613037e-01 4.221102595329284668e-02 -6.494718790054321289e-02 -1.027745902538299561e-01 -4.533325508236885071e-02 9.275263547897338867e-02 2.621250152587890625e-01 3.995518088340759277e-01 4.542525708675384521e-01 4.080076217651367188e-01 2.806837558746337891e-01 1.197612658143043518e-01 -2.042052149772644043e-02 -1.000034660100936890e-01 -1.065777614712715149e-01 -5.549216642975807190e-02 2.075378037989139557e-02 8.785914629697799683e-02 1.226214915513992310e-01 1.185764297842979431e-01 8.370075374841690063e-02 3.315126523375511169e-02 -1.847717352211475372e-02 -6.183968111872673035e-02 -9.339100122451782227e-02 -1.131111308932304382e-01 -1.218269988894462585e-01 -1.200343668460845947e-01 -1.086026355624198914e-01 -9.029010683298110962e-02 -7.047314941883087158e-02 -5.609399825334548950e-02 -5.306947603821754456e-02 -6.346177309751510620e-02 -8.397128432989120483e-02 -1.066645905375480652e-01 -1.217190697789192200e-01 -1.209934726357460022e-01 -1.009130552411079407e-01 -6.357198208570480347e-02 -1.580712012946605682e-02 3.318040072917938232e-02 7.464180141687393188e-02 1.025580540299415588e-01 1.147661060094833374e-01 1.127814427018165588e-01 1.005505621433258057e-01 8.262740820646286011e-02 6.241369992494583130e-02 4.111460968852043152e-02 1.787223294377326965e-02 -8.896131068468093872e-03 -3.951957449316978455e-02 -7.150036096572875977e-02 -9.942499548196792603e-02 -1.168388575315475464e-01 -1.194914132356643677e-01 -1.083408445119857788e-01 -9.039656072854995728e-02 -7.626481354236602783e-02 -7.495258003473281860e-02 -8.826737105846405029e-02 -1.079740300774574280e-01 -1.180180236697196960e-01 -1.017413735389709473e-01 -5.117143318057060242e-02 2.629491500556468964e-02 1.079604029655456543e-01 1.638807952404022217e-01 1.700584143400192261e-01 1.207616850733757019e-01 3.354991972446441650e-02 -5.647317320108413696e-02 -1.115193814039230347e-01 -1.085818707942962646e-01 -5.102924630045890808e-02 3.192490711808204651e-02 9.849298000335693359e-02 1.145402193069458008e-01 7.107786089181900024e-02 -9.887752123177051544e-03 -8.470029383897781372e-02 -1.086922138929367065e-01 -5.837756767868995667e-02 5.571320280432701111e-02 1.921931058168411255e-01 2.968696951866149902e-01 3.272081017494201660e-01 2.714523971080780029e-01 1.532127708196640015e-01 1.949043758213520050e-02 -8.171106129884719849e-02 -1.229978129267692566e-01 -1.078767701983451843e-01 -6.515520811080932617e-02 -3.106724657118320465e-02 -2.891719527542591095e-02 -5.701042339205741882e-02 -9.099175035953521729e-02 -9.892794489860534668e-02 -6.067812442779541016e-02 1.913269981741905212e-02 1.117415800690650940e-01 1.783683449029922485e-01 1.904626786708831787e-01 1.453550457954406738e-01 6.889464706182479858e-02 3.400877350941300392e-03 -1.312276162207126617e-02 3.396127372980117798e-02 1.281944662332534790e-01 2.294398099184036255e-01 2.927051186561584473e-01 2.891347408294677734e-01 2.191747128963470459e-01 1.119975224137306213e-01 1.184744201600551605e-02 -4.230904206633567810e-02 -3.499860316514968872e-02 1.736280135810375214e-02 7.249531149864196777e-02 8.443310111761093140e-02
3.725294396281242371e-02 -1.376634277403354645e-02 3.679040074348449707e-02 1.390069872140884399e-01 2.239935696125030518e-01 2.398584187030792236e-01 1.737858951091766357e-01 5.521253496408462524e-02 -5.953459814190864563e-02 -1.140062883496284485e-01 -7.793347537517547607e-02 3.865849971771240234e-02 1.897370964288711548e-01 3.137027919292449951e-01 3.603644371032714844e-01 3.121063411235809326e-01 1.900349706411361694e-01 4.316985607147216797e-02 -7.347924262285232544e-02 -1.215510964393615723e-01 -9.285250306129455566e-02 -8.936776779592037201e-03 9.137968719005584717e-02 1.696011871099472046e-01 2.020027190446853638e-01 1.853753924369812012e-01 1.333131045103073120e-01 6.666500866413116455e-02 3.690266516059637070e-03 -4.562408477067947388e-02 -7.965049147605895996e-02 -1.012995764613151550e-01 -1.135734692215919495e-01 -1.172893941402435303e-01 -1.118261143565177917e-01 -9.767003357410430908e-02 -7.852141559123992920e-02 -6.120738014578819275e-02 -5.316853523254394531e-02 -5.884803086519241333e-02 -7.700842618942260742e-02 -1.005076020956039429e-01 -1.187533512711524963e-01 -1.217065528035163879e-01 -1.036278828978538513e-01 -6.503010541200637817e-02 -1.225007232278585434e-02 4.487791284918785095e-02 9.610359370708465576e-02 1.334131360054016113e-01 1.525110602378845215e-01 1.529850065708160400e-01 1.374566406011581421e-01 1.102163642644882202e-01 7.583440095186233521e-02 3.814854845404624939e-02 -1.040358547470532358e-04 -3.694578260183334351e-02 -7.033995538949966431e-02 -9.743446111679077148e-02 -1.145307794213294983e-01 -1.181859672069549561e-01 -1.072166636586189270e-01 -8.462881296873092651e-02 -5.811822786927223206e-02 -3.816540911793708801e-02 -3.389881551265716553e-02 -4.832519590854644775e-02 -7.540986686944961548e-02 -1.011349782347679138e-01 -1.089672893285751343e-01 -8.781228959560394287e-02 -3.874894604086875916e-02 2.323522605001926422e-02 7.428874820470809937e-02 9.198748320341110229e-02 6.633640080690383911e-02 5.946986842900514603e-03 -6.432189792394638062e-02 -1.139580011367797852e-01 -1.210232824087142944e-01 -8.309829235076904297e-02 -1.912652328610420227e-02 3.941284120082855225e-02 6.416955590248107910e-02 4.478536173701286316e-02 -4.760971758514642715e-03 -5.210402607917785645e-02 -6.237198412418365479e-02 -1.637773960828781128e-02 7.807261496782302856e-02 1.878425627946853638e-01 2.688165009021759033e-01 2.861996293067932129e-01 2.308298051357269287e-01 1.233739182353019714e-01 4.287744406610727310e-03 -8.541098237037658691e-02 -1.228627488017082214e-01 -1.122118383646011353e-01 -7.937733829021453857e-02 -5.589274689555168152e-02 -6.063625589013099670e-02 -8.929628878831863403e-02 -1.172213628888130188e-01 -1.140890046954154968e-01 -6.241299957036972046e-02 3.028731793165206909e-02 1.325973570346832275e-01 2.035406380891799927e-01 2.129969447851181030e-01 1.576530933380126953e-01 6.402582675218582153e-02 -2.336253970861434937e-02 -6.298284232616424561e-02 -3.609780594706535339e-02 4.441050812602043152e-02 1.404244899749755859e-01 2.068799883127212524e-01 2.129627913236618042e-01 1.561388522386550903e-01 6.274567544460296631e-02 -2.467826195061206818e-02 -6.736565381288528442e-02 -4.900578036904335022e-02 1.454574707895517349e-02 7.941946387290954590e-02 9.410833567380905151e-02
3.778659179806709290e-02 -4.051799699664115906e-02 -9.703602641820907593e-03 8.613696694374084473e-02 1.789528280496597290e-01 2.126483321189880371e-01 1.668306887149810791e-01 6.276232004165649414e-02 -4.924661293625831604e-02 -1.148785874247550964e-01 -1.018618941307067871e-01 -1.511644385755062103e-02 1.058576032519340515e-01 2.057953029870986938e-01 2.394963353872299194e-01 1.923746019601821899e-01 8.631706237792968750e-02 -3.127510100603103638e-02 -1.094146966934204102e-01 -1.158096641302108765e-01 -4.942426085472106934e-02 6.150731444358825684e-02 1.737686693668365479e-01 2.481317520141601562e-01 2.641283869743347168e-01 2.247654944658279419e-01 1.507192552089691162e-01 6.842178106307983398e-02 -1.467788824811577797e-03 -5.007845163345336914e-02 -7.933256030082702637e-02 -9.620045125484466553e-02 -1.064100041985511780e-01 -1.112258061766624451e-01 -1.084783598780632019e-01 -9.632830321788787842e-02 -7.680840045213699341e-02 -5.663817748427391052e-02 -4.467722401022911072e-02 -4.746916145086288452e-02 -6.543249636888504028e-02 -9.185034036636352539e-02 -1.152499839663505554e-01 -1.239927336573600769e-01 -1.108729615807533264e-01 -7.570429146289825439e-02 -2.501174062490463257e-02 3.065196052193641663e-02 8.032357692718505859e-02 1.156489700078964233e-01 1.323893666267395020e-01 1.303518265485763550e-01 1.123027056455612183e-01 8.258553594350814819e-02 4.596205055713653564e-02 6.876617204397916794e-03 -3.086931258440017700e-02 -6.411928683519363403e-02 -9.015258401632308960e-02 -1.064531952142715454e-01 -1.107493042945861816e-01 -1.015970930457115173e-01 -7.951532304286956787e-02 -4.820513725280761719e-02 -1.498802192509174347e-02 1.037828251719474792e-02 1.870385929942131042e-02 5.322356708347797394e-03 -2.679711394011974335e-02 -6.671500205993652344e-02 -9.891637414693832397e-02 -1.095840558409690857e-01 -9.314052760601043701e-02 -5.577658861875534058e-02 -1.369931735098361969e-02 1.373856142163276672e-02 1.315059699118137360e-02 -1.594027876853942871e-02 -6.008725613355636597e-02 -9.785062819719314575e-02 -1.101245209574699402e-01 -8.978064358234405518e-02 -4.553417116403579712e-02 2.339998492971062660e-03 3.260675817728042603e-02 3.463913872838020325e-02 1.474760379642248154e-02 -6.493824999779462814e-03 -5.049479659646749496e-03 3.298032656311988831e-02 1.021469905972480774e-01 1.780959218740463257e-01 2.280832976102828979e-01 2.266556024551391602e-01 1.686039119958877563e-01 7.238431274890899658e-02 -2.807723917067050934e-02 -9.928299486637115479e-02 -1.237408891320228577e-01 -1.072159111499786377e-01 -7.390350103378295898e-02 -5.210311710834503174e-02 -5.804703384637832642e-02 -8.662171661853790283e-02 -1.141378358006477356e-01 -1.118793115019798279e-01 -6.327610462903976440e-02 2.463328838348388672e-02 1.220006123185157776e-01 1.894160360097885132e-01 1.971617788076400757e-01 1.406467556953430176e-01 4.391008615493774414e-02 -5.093840137124061584e-02 -1.033152267336845398e-01 -9.315034002065658569e-02 -2.992522716522216797e-02 5.254863947629928589e-02 1.128257364034652710e-01 1.217042952775955200e-01 7.577463239431381226e-02 -1.455926802009344101e-03 -7.094925642013549805e-02 -9.667389094829559326e-02 -6.343396753072738647e-02 1.308022998273372650e-02 8.861920237541198730e-02 1.076734662055969238e-01
4.866991192102432251e-02 -5.881030485033988953e-02 -5.363990366458892822e-02 2.745240926742553711e-02 1.208434179425239563e-01 1.695086807012557983e-01 1.468210518360137939e-01 6.474732607603073120e-02 -3.541273251175880432e-02 -1.049604266881942749e-01 -1.120573207736015320e-01 -5.685994774103164673e-02 2.951099164783954620e-02 1.012779325246810913e-01 1.212233453989028931e-01 7.921830564737319946e-02 -2.936638426035642624e-03 -8.236727863550186157e-02 -1.159387081861495972e-01 -8.067124336957931519e-02 1.592817530035972595e-02 1.399547606706619263e-01 2.468268126249313354e-01 3.005629777908325195e-01 2.875454723834991455e-01 2.191407382488250732e-01 1.233533471822738647e-01 3.079623728990554810e-02 -3.777772188186645508e-02 -7.693611085414886475e-02 -9.380897879600524902e-02 -1.001478433609008789e-01 -1.043337658047676086e-01 -1.076042130589485168e-01 -1.057734787464141846e-01 -9.445104748010635376e-02 -7.401084154844284058e-02 -5.111721530556678772e-02 -3.592349216341972351e-02 -3.667214140295982361e-02 -5.486840754747390747e-02 -8.376945555210113525e-02 -1.110183745622634888e-01 -1.240181028842926025e-01 -1.153105273842811584e-01 -8.542332798242568970e-02 -4.211575165390968323e-02 3.213217249140143394e-03 3.997631371021270752e-02 6.167004629969596863e-02 6.686499714851379395e-02 5.809586867690086365e-02 3.974004834890365601e-02 1.612016372382640839e-02 -9.441252797842025757e-03 -3.460712358355522156e-02 -5.752376094460487366e-02 -7.635252922773361206e-02 -8.910095691680908203e-02 -9.374559670686721802e-02 -8.855202794075012207e-02 -7.257534563541412354e-02 -4.637727141380310059e-02 -1.285027526319026947e-02 2.226991392672061920e-02 5.083828791975975037e-02 6.413852423429489136e-02 5.592057481408119202e-02 2.556106820702552795e-02 -2.027365937829017639e-02 -6.880690902471542358e-02 -1.053435504436492920e-01 -1.190530285239219666e-01 -1.077712103724479675e-01 -7.930834591388702393e-02 -4.820302873849868774e-02 -2.910616435110569000e-02 -2.985950186848640442e-02 -4.775621742010116577e-02 -7.104459404945373535e-02 -8.507589995861053467e-02 -7.997862249612808228e-02 -5.577429383993148804e-02 -2.208635769784450531e-02 7.516562473028898239e-03 2.347912639379501343e-02 2.600163407623767853e-02 2.508495561778545380e-02 3.449023887515068054e-02 6.274349987506866455e-02 1.062781438231468201e-01 1.489923149347305298e-01 1.691754609346389771e-01 1.506399363279342651e-01 9.224716573953628540e-02 1.042931806296110153e-02 -6.725266575813293457e-02 -1.147238686680793762e-01 -1.198766380548477173e-01 -9.033232927322387695e-02 -4.917871206998825073e-02 -2.260483801364898682e-02 -2.577559649944305420e-02 -5.446596071124076843e-02 -8.714243769645690918e-02 -9.671379625797271729e-02 -6.593145430088043213e-02 1.763915643095970154e-03 8.200716972351074219e-02 1.404867470264434814e-01 1.498002409934997559e-01 1.035874709486961365e-01 2.053969725966453552e-02 -6.400936096906661987e-02 -1.148378774523735046e-01 -1.135639622807502747e-01 -6.699964404106140137e-02 -3.080553840845823288e-03 4.339851811528205872e-02 4.803470894694328308e-02 8.655420504510402679e-03 -5.368295684456825256e-02 -1.046566888689994812e-01 -1.129333376884460449e-01 -6.596263498067855835e-02 2.064744196832180023e-02 1.039768606424331665e-01 1.272735148668289185e-01
6.429530680179595947e-02 -6.628809869289398193e-02 -8.674350380897521973e-02 -2.594287134706974030e-02 6.016144901514053345e-02 1.174109727144241333e-01 1.156007349491119385e-01 5.804538726806640625e-02 -2.425019443035125732e-02 -9.054350852966308594e-02 -1.116164475679397583e-01 -8.393684774637222290e-02 -2.991526201367378235e-02 1.542402617633342743e-02 2.408898621797561646e-02 -9.311855770647525787e-03 -6.417447328567504883e-02 -1.043299958109855652e-01 -9.679572284221649170e-02 -2.918360754847526550e-02 8.300640434026718140e-02 2.026679366827011108e-01 2.875474691390991211e-01 3.086220920085906982e-01 2.616238296031951904e-01 1.667884439229965210e-01 5.792711675167083740e-02 -3.306569531559944153e-02 -8.856774866580963135e-02 -1.091138198971748352e-01 -1.082512289285659790e-01 -1.023448184132575989e-01 -1.013125702738761902e-01 -1.049606651067733765e-01 -1.059803515672683716e-01 -9.690682590007781982e-02 -7.644714415073394775e-02 -5.140664428472518921e-02 -3.328742459416389465e-02 -3.176796063780784607e-02 -4.894977807998657227e-02 -7.765829563140869141e-02 -1.047014445066452026e-01 -1.172484382987022400e-01 -1.089082062244415283e-01 -8.243606239557266235e-02 -4.794031381607055664e-02 -1.783638447523117065e-02 -1.306715537793934345e-03 -9.627544786781072617e-04 -1.297396514564752579e-02 -3.003954142332077026e-02 -4.527929425239562988e-02 -5.500738322734832764e-02 -5.930161103606224060e-02 -6.061047315597534180e-02 -6.157113239169120789e-02 -6.332068145275115967e-02 -6.498963385820388794e-02 -6.427212059497833252e-02 -5.848406255245208740e-02 -4.555181413888931274e-02 -2.472980134189128876e-02 2.856945386156439781e-03 3.378090634942054749e-02 6.223044544458389282e-02 8.076458424329757690e-02 8.223055303096771240e-02 6.253997981548309326e-02 2.322442084550857544e-02 -2.767680585384368896e-02 -7.739750295877456665e-02 -1.126892343163490295e-01 -1.249354556202888489e-01 -1.137775555253028870e-01 -8.732312172651290894e-02 -5.855531990528106689e-02 -3.949024155735969543e-02 -3.588584065437316895e-02 -4.513116925954818726e-02 -5.833756923675537109e-02 -6.543409824371337891e-02 -6.045822426676750183e-02 -4.416426271200180054e-02 -2.263232506811618805e-02 -2.895230893045663834e-03 1.163226645439863205e-02 2.300469949841499329e-02 3.660307824611663818e-02 5.623283609747886658e-02 7.959155738353729248e-02 9.731455147266387939e-02 9.688111394643783569e-02 6.973851472139358521e-02 1.775759272277355194e-02 -4.501798376441001892e-02 -9.713119268417358398e-02 -1.192448213696479797e-01 -1.038009673357009888e-01 -5.959586426615715027e-02 -8.359807543456554413e-03 2.546940185129642487e-02 2.684311941266059875e-02 -2.174602588638663292e-03 -4.330449551343917847e-02 -7.143165171146392822e-02 -6.781744956970214844e-02 -3.029588982462882996e-02 2.500561997294425964e-02 7.153394818305969238e-02 8.582645654678344727e-02 5.967303365468978882e-02 4.531151149421930313e-03 -5.418354272842407227e-02 -8.999928086996078491e-02 -8.877354115247726440e-02 -5.562649294734001160e-02 -1.190633978694677353e-02 1.612860336899757385e-02 1.103485375642776489e-02 -2.658137865364551544e-02 -7.771773636341094971e-02 -1.134759038686752319e-01 -1.084692925214767456e-01 -5.368468165397644043e-02 3.570356965065002441e-02 1.202207207679748535e-01 1.455413550138473511e-01
7.073117792606353760e-02 -6.775400042533874512e-02 -1.071665436029434204e-01 -6.819417327642440796e-02 3.748449264094233513e-03 6.125024706125259399e-02 7.401172071695327759e-02 3.878004103899002075e-02 -2.338390238583087921e-02 -8.073434233665466309e-02 -1.083448529243469238e-01 -1.005267202854156494e-01 -7.195114344358444214e-02 -4.735842347145080566e-02 -4.588068276643753052e-02 -6.884284317493438721e-02 -9.790994226932525635e-02 -1.047390550374984741e-01 -6.699669361114501953e-02 1.788920350372791290e-02 1.287210732698440552e-01 2.286306917667388916e-01 2.813385426998138428e-01 2.674608230590820312e-01 1.928472518920898438e-01 8.512573689222335815e-02 -1.938667148351669312e-02 -9.161254018545150757e-02 -1.207165718078613281e-01 -1.154116168618202209e-01 -9.599266201257705688e-02 -8.211190253496170044e-02 -8.296014368534088135e-02 -9.459248930215835571e-02 -1.049028933048248291e-01 -1.026201099157333374e-01 -8.485784381628036499e-02 -5.902372300624847412e-02 -3.836329281330108643e-02 -3.404897451400756836e-02 -4.851946979761123657e-02 -7.385655492544174194e-02 -9.601298719644546509e-02 -1.024220362305641174e-01 -8.874228596687316895e-02 -6.111557409167289734e-02 -3.287275508046150208e-02 -1.762482337653636932e-02 -2.248141542077064514e-02 -4.485404118895530701e-02 -7.422102242708206177e-02 -9.759048372507095337e-02 -1.056367158889770508e-01 -9.645136445760726929e-02 -7.538954168558120728e-02 -5.162275955080986023e-02 -3.354425728321075439e-02 -2.537958323955535889e-02 -2.632241137325763702e-02 -3.199691697955131531e-02 -3.695654869079589844e-02 -3.679135814309120178e-02 -2.911072038114070892e-02 -1.358861569315195084e-02 8.249367587268352509e-03 3.302195668220520020e-02 5.543272569775581360e-02 6.881007552146911621e-02 6.678162515163421631e-02 4.587129130959510803e-02 7.911025546491146088e-03 -3.922205045819282532e-02 -8.349381387233734131e-02 -1.128875613212585449e-01 -1.201748475432395935e-01 -1.060046032071113586e-01 -7.865566760301589966e-02 -5.039456114172935486e-02 -3.211753070354461670e-02 -2.886604703962802887e-02 -3.834640234708786011e-02 -5.298589169979095459e-02 -6.420090049505233765e-02 -6.648071110248565674e-02 -5.919564142823219299e-02 -4.551068320870399475e-02 -2.952864766120910645e-02 -1.374785881489515305e-02 1.476636738516390324e-03 1.627049408853054047e-02 2.881110832095146179e-02 3.426666930317878723e-02 2.648004516959190369e-02 1.943663693964481354e-03 -3.618259727954864502e-02 -7.682800292968750000e-02 -1.041735336184501648e-01 -1.044239997863769531e-01 -7.305952161550521851e-02 -1.861990243196487427e-02 3.955730795860290527e-02 7.922571152448654175e-02 8.524429053068161011e-02 5.677506327629089355e-02 7.852433249354362488e-03 -3.923557326197624207e-02 -6.459537148475646973e-02 -6.006176769733428955e-02 -3.246710821986198425e-02 7.688891491852700710e-04 2.129929326474666595e-02 1.955841295421123505e-02 -6.607710383832454681e-04 -2.510990388691425323e-02 -3.771845996379852295e-02 -3.008576855063438416e-02 -6.539300549775362015e-03 1.804279163479804993e-02 2.645547129213809967e-02 8.986944332718849182e-03 -3.037497028708457947e-02 -7.453015446662902832e-02 -1.003229394555091858e-01 -8.883053064346313477e-02 -3.479847684502601624e-02 4.771597683429718018e-02 1.248225122690200806e-01 1.484449505805969238e-01
5.420252308249473572e-02 -7.086568325757980347e-02 -1.176263317465782166e-01 -9.798263013362884521e-02 -4.459670558571815491e-02 5.174291320145130157e-03 2.446339465677738190e-02 6.290530785918235779e-03 -3.668117895722389221e-02 -8.158010989427566528e-02 -1.087749078869819641e-01 -1.120459064841270447e-01 -1.001144573092460632e-01 -8.912259340286254883e-02 -9.082724153995513916e-02 -1.037032231688499451e-01 -1.124519184231758118e-01 -9.654838591814041138e-02 -4.317975044250488281e-02 4.279609397053718567e-02 1.378535926342010498e-01 2.089848071336746216e-01 2.287430912256240845e-01 1.885204166173934937e-01 1.031754463911056519e-01 4.526412580162286758e-03 -7.307218760251998901e-02 -1.078611165285110474e-01 -9.910503774881362915e-02 -6.502112746238708496e-02 -3.185698017477989197e-02 -2.015094272792339325e-02 -3.528185188770294189e-02 -6.675428897142410278e-02 -9.583552181720733643e-02 -1.068097501993179321e-01 -9.552674740552902222e-02 -7.080283015966415405e-02 -4.839926585555076599e-02 -4.139339923858642578e-02 -5.255737900733947754e-02 -7.298822700977325439e-02 -8.757644891738891602e-02 -8.405465632677078247e-02 -6.044917181134223938e-02 -2.675272151827812195e-02 9.884995233733206987e-05 5.182358436286449432e-03 -1.636824384331703186e-02 -5.648732557892799377e-02 -9.789465367794036865e-02 -1.223473697900772095e-01 -1.191262900829315186e-01 -8.956436067819595337e-02 -4.568560421466827393e-02 -4.102087579667568207e-03 2.145596779882907867e-02 2.531304955482482910e-02 1.066879555583000183e-02 -1.353962626308202744e-02 -3.744925931096076965e-02 -5.408744513988494873e-02 -6.064154207706451416e-02 -5.740434676408767700e-02 -4.591486975550651550e-02 -2.791580371558666229e-02 -5.743793211877346039e-03 1.656568050384521484e-02 3.289808705449104309e-02 3.645093739032745361e-02 2.268601208925247192e-02 -7.656471338123083115e-03 -4.741878435015678406e-02 -8.491341769695281982e-02 -1.083697602152824402e-01 -1.109482422471046448e-01 -9.382410347461700439e-02 -6.570546329021453857e-02 -3.894364461302757263e-02 -2.413568086922168732e-02 -2.584306709468364716e-02 -4.137700051069259644e-02 -6.293353438377380371e-02 -8.165925741195678711e-02 -9.142223745584487915e-02 -9.053649753332138062e-02 -8.106130361557006836e-02 -6.669376790523529053e-02 -5.086012557148933411e-02 -3.610434755682945251e-02 -2.469360455870628357e-02 -1.935023814439773560e-02 -2.289291657507419586e-02 -3.644336387515068054e-02 -5.715572088956832886e-02 -7.723807543516159058e-02 -8.569224178791046143e-02 -7.273863255977630615e-02 -3.511026129126548767e-02 2.060085907578468323e-02 7.882548123598098755e-02 1.204364970326423645e-01 1.305890232324600220e-01 1.053318530321121216e-01 5.365435406565666199e-02 -6.235512439161539078e-03 -5.472011119127273560e-02 -7.888287305831909180e-02 -7.699238508939743042e-02 -5.736678466200828552e-02 -3.260871395468711853e-02 -1.259681023657321930e-02 -1.036799003486521542e-04 8.769879117608070374e-03 2.002374641597270966e-02 3.612906485795974731e-02 5.296501144766807556e-02 6.133929640054702759e-02 5.232021212577819824e-02 2.330051548779010773e-02 -1.875360310077667236e-02 -5.882589891552925110e-02 -7.951021194458007812e-02 -6.821455061435699463e-02 -2.311079762876033783e-02 4.363466799259185791e-02 1.053828597068786621e-01 1.234085708856582642e-01
1.063149608671665192e-02 -8.006928116083145142e-02 -1.213087514042854309e-01 -1.156295761466026306e-01 -8.188994228839874268e-02 -4.538215696811676025e-02 -2.680794522166252136e-02 -3.408371284604072571e-02 -6.081753224134445190e-02 -9.203581511974334717e-02 -1.136975809931755066e-01 -1.204126998782157898e-01 -1.169767081737518311e-01 -1.131575554609298706e-01 -1.153137162327766418e-01 -1.203909963369369507e-01 -1.164406239986419678e-01 -8.982193470001220703e-02 -3.503660485148429871e-02 3.881070017814636230e-02 1.093827858567237854e-01 1.504935175180435181e-01 1.450448036193847656e-01 9.468469768762588501e-02 2.068218030035495758e-02 -4.505398869514465332e-02 -7.468231767416000366e-02 -5.756723880767822266e-02 -5.180604755878448486e-03 5.475860834121704102e-02 9.193242341279983521e-02 8.793413639068603516e-02 4.438560828566551208e-02 -1.915894821286201477e-02 -7.599978148937225342e-02 -1.058423891663551331e-01 -1.040160134434700012e-01 -8.186289668083190918e-02 -5.867898836731910706e-02 -5.007157474756240845e-02 -5.930053815245628357e-02 -7.625484466552734375e-02 -8.433087915182113647e-02 -7.107602059841156006e-02 -3.644483536481857300e-02 6.068003829568624496e-03 3.614551201462745667e-02 3.758595138788223267e-02 7.499786559492349625e-03 -4.126225784420967102e-02 -8.584532886743545532e-02 -1.043576076626777649e-01 -8.643705397844314575e-02 -3.810763359069824219e-02 2.131379209458827972e-02 6.839583069086074829e-02 8.605211973190307617e-02 7.017321139574050903e-02 2.964942716062068939e-02 -1.943601854145526886e-02 -6.183443218469619751e-02 -8.910640329122543335e-02 -1.009336635470390320e-01 -1.020292863249778748e-01 -9.729360044002532959e-02 -8.847238868474960327e-02 -7.421564310789108276e-02 -5.306088179349899292e-02 -2.695323526859283447e-02 -2.593526616692543030e-03 1.068698707967996597e-02 5.585513543337583542e-03 -1.862690038979053497e-02 -5.446469411253929138e-02 -8.876582980155944824e-02 -1.083752810955047607e-01 -1.061616912484169006e-01 -8.430836349725723267e-02 -5.322778224945068359e-02 -2.671233192086219788e-02 -1.580249704420566559e-02 -2.434868924319744110e-02 -4.817851260304450989e-02 -7.783497124910354614e-02 -1.031256094574928284e-01 -1.171092092990875244e-01 -1.178414300084114075e-01 -1.076516732573509216e-01 -9.101658314466476440e-02 -7.252109795808792114e-02 -5.584922432899475098e-02 -4.373314231634140015e-02 -3.806401789188385010e-02 -3.942073136568069458e-02 -4.602206870913505554e-02 -5.296280235052108765e-02 -5.286243557929992676e-02 -3.841993957757949829e-02 -6.132323294878005981e-03 4.063169285655021667e-02 9.114747494459152222e-02 1.303341090679168701e-01 1.443618834018707275e-01 1.264648735523223877e-01 8.018543571233749390e-02 1.837291568517684937e-02 -4.169540852308273315e-02 -8.479184657335281372e-02 -1.028039455413818359e-01 -9.623099118471145630e-02 -7.190406322479248047e-02 -3.866378962993621826e-02 -3.573745954781770706e-03 2.943543531000614166e-02 5.833014845848083496e-02 8.066912740468978882e-02 9.234529733657836914e-02 8.863986283540725708e-02 6.713984161615371704e-02 3.062965162098407745e-02 -1.212955266237258911e-02 -4.862362891435623169e-02 -6.692150980234146118e-02 -6.010115146636962891e-02 -2.905977144837379456e-02 1.653442531824111938e-02 5.809249728918075562e-02 6.797019392251968384e-02
-4.993334785103797913e-02 -9.298030287027359009e-02 -1.187796145677566528e-01 -1.207593232393264771e-01 -1.045962199568748474e-01 -8.332180231809616089e-02 -7.014793157577514648e-02 -7.184199243783950806e-02 -8.614964783191680908e-02 -1.045234128832817078e-01 -1.181535348296165466e-01 -1.233116835355758667e-01 -1.226166859269142151e-01 -1.216055676341056824e-01 -1.231481134891510010e-01 -1.237542256712913513e-01 -1.146968081593513489e-01 -8.775655925273895264e-02 -4.219376668334007263e-02 1.170674618333578110e-02 5.556495487689971924e-02 7.166486233472824097e-02 5.320240184664726257e-02 1.019563525915145874e-02 -3.298381716012954712e-02 -4.821289330720901489e-02 -1.756898872554302216e-02 5.641658604145050049e-02 1.498449146747589111e-01 2.269966453313827515e-01 2.561128735542297363e-01 2.238269746303558350e-01 1.411439031362533569e-01 3.802252188324928284e-02 -5.067289993166923523e-02 -1.007802560925483704e-01 -1.082982495427131653e-01 -8.832925558090209961e-02 -6.467394530773162842e-02 -5.603267252445220947e-02 -6.629359722137451172e-02 -8.389772474765777588e-02 -9.017791599035263062e-02 -7.165446877479553223e-02 -2.919240109622478485e-02 2.123227715492248535e-02 5.669444799423217773e-02 5.996022373437881470e-02 2.961879596114158630e-02 -1.799564994871616364e-02 -5.639767646789550781e-02 -6.224745884537696838e-02 -2.745677344501018524e-02 3.619823232293128967e-02 1.023452877998352051e-01 1.424323618412017822e-01 1.389551162719726562e-01 9.292667359113693237e-02 2.218705788254737854e-02 -4.805938154458999634e-02 -9.724372625350952148e-02 -1.178026795387268066e-01 -1.160810664296150208e-01 -1.061141490936279297e-01 -1.003535985946655273e-01 -1.026911661028862000e-01 -1.074437722563743591e-01 -1.043760702013969421e-01 -8.642043173313140869e-02 -5.537239834666252136e-02 -2.216821536421775818e-02 -1.535739633254706860e-03 -4.020914901047945023e-03 -2.985305525362491608e-02 -6.807795166969299316e-02 -1.015043184161186218e-01 -1.149009913206100464e-01 -1.022293567657470703e-01 -6.931311637163162231e-02 -3.080537170171737671e-02 -3.215562319383025169e-03 2.422668272629380226e-03 -1.521128695458173752e-02 -4.820140823721885681e-02 -8.376584947109222412e-02 -1.099757030606269836e-01 -1.200530305504798889e-01 -1.136629730463027954e-01 -9.537041187286376953e-02 -7.173208892345428467e-02 -4.872781038284301758e-02 -3.048472106456756592e-02 -1.917065493762493134e-02 -1.526726502925157547e-02 -1.754893735051155090e-02 -2.277692779898643494e-02 -2.577123790979385376e-02 -2.058815769851207733e-02 -2.883568406105041504e-03 2.741788141429424286e-02 6.462777405977249146e-02 9.819390624761581421e-02 1.161198914051055908e-01 1.096615120768547058e-01 7.721337676048278809e-02 2.551434934139251709e-02 -3.247738257050514221e-02 -8.210060000419616699e-02 -1.118651479482650757e-01 -1.166291013360023499e-01 -9.804002195596694946e-02 -6.263054907321929932e-02 -1.897541061043739319e-02 2.460665442049503326e-02 6.110614165663719177e-02 8.496772497892379761e-02 9.222445636987686157e-02 8.124744147062301636e-02 5.388780683279037476e-02 1.605080999433994293e-02 -2.324580959975719452e-02 -5.442013591527938843e-02 -7.044851779937744141e-02 -6.902767717838287354e-02 -5.290181934833526611e-02 -2.897434122860431671e-02 -8.015461266040802002e-03 -6.472931243479251862e-03
-1.072940453886985779e-01 -1.018475592136383057e-01 -1.082208007574081421e-01 -1.125079840421676636e-01 -1.096858009696006775e-01 -1.022306606173515320e-01 -9.613469988107681274e-02 -9.595397114753723145e-02 -1.018037125468254089e-01 -1.098993420600891113e-01 -1.157753542065620422e-01 -1.175665482878684998e-01 -1.168847531080245972e-01 -1.166958063840866089e-01 -1.178719401359558105e-01 -1.171958744525909424e-01 -1.087295487523078918e-01 -8.812658488750457764e-02 -5.716796591877937317e-02 -2.510227076709270477e-02 -4.932684823870658875e-03 -5.860357079654932022e-03 -2.588889375329017639e-02 -4.932035133242607117e-02 -5.180428922176361084e-02 -1.161796320229768753e-02 7.794107496738433838e-02 2.015718370676040649e-01 3.248781561851501465e-01 4.069564342498779297e-01 4.174247980117797852e-01 3.499747216701507568e-01 2.257583588361740112e-01 8.465098589658737183e-02 -3.167224302887916565e-02 -9.684120863676071167e-02 -1.089944317936897278e-01 -8.800420910120010376e-02 -6.270255893468856812e-02 -5.505451560020446777e-02 -6.952564418315887451e-02 -9.286828339099884033e-02 -1.038464754819869995e-01 -8.709175139665603638e-02 -4.317675530910491943e-02 1.078144740313291550e-02 5.035587772727012634e-02 5.773743242025375366e-02 3.251828253269195557e-02 -6.898783147335052490e-03 -3.243319690227508545e-02 -2.138568274676799774e-02 3.056395798921585083e-02 1.055145338177680969e-01 1.710297614336013794e-01 1.956715434789657593e-01 1.645252704620361328e-01 8.678702265024185181e-02 -8.455776609480381012e-03 -8.606547862291336060e-02 -1.212648674845695496e-01 -1.103999763727188110e-01 -7.091356813907623291e-02 -3.101836889982223511e-02 -1.476195920258760452e-02 -3.027314320206642151e-02 -6.698945909738540649e-02 -1.027703061699867249e-01 -1.166526675224304199e-01 -1.002904698252677917e-01 -6.214217096567153931e-02 -2.253335528075695038e-02 -2.567093353718519211e-03 -1.292637642472982407e-02 -4.839834570884704590e-02 -9.073001146316528320e-02 -1.180256307125091553e-01 -1.156547069549560547e-01 -8.315282315015792847e-02 -3.393815085291862488e-02 1.155708823353052139e-02 3.555489331483840942e-02 3.057987242937088013e-02 1.712605822831392288e-03 -3.697759658098220825e-02 -6.943443417549133301e-02 -8.438334614038467407e-02 -7.889025658369064331e-02 -5.776315182447433472e-02 -2.998031117022037506e-02 -4.450779408216476440e-03 1.286830939352512360e-02 1.972837001085281372e-02 1.677993126213550568e-02 6.381937302649021149e-03 -8.089080452919006348e-03 -2.238589525222778320e-02 -3.163385018706321716e-02 -3.133628517389297485e-02 -1.917060092091560364e-02 3.222451312467455864e-03 2.964706905186176300e-02 5.076191946864128113e-02 5.728665366768836975e-02 4.375065863132476807e-02 1.107472553849220276e-02 -3.327896073460578918e-02 -7.772830873727798462e-02 -1.105116754770278931e-01 -1.234704256057739258e-01 -1.142319813370704651e-01 -8.623857796192169189e-02 -4.705759137868881226e-02 -5.967858713120222092e-03 2.825930155813694000e-02 4.895674064755439758e-02 5.257342010736465454e-02 3.924572840332984924e-02 1.283889170736074448e-02 -1.986359618604183197e-02 -5.100269615650177002e-02 -7.411958277225494385e-02 -8.622718602418899536e-02 -8.834576606750488281e-02 -8.417596668004989624e-02 -7.799172401428222656e-02 -7.392377406358718872e-02 -7.858223468065261841e-02
-1.416212171316146851e-01 -9.930323064327239990e-02 -8.873017132282257080e-02 -9.205234795808792114e-02 -9.752844274044036865e-02 -1.002623811364173889e-01 -1.006076857447624207e-01 -1.008041650056838989e-01 -1.020542755722999573e-01 -1.036909595131874084e-01 -1.043623089790344238e-01 -1.037140712141990662e-01 -1.028946936130523682e-01 -1.033523678779602051e-01 -1.049274206161499023e-01 -1.050071492791175842e-01 -9.988149255514144897e-02 -8.777666836977005005e-02 -7.148103415966033936e-02 -5.818883329629898071e-02 -5.561302602291107178e-02 -6.587610393762588501e-02 -8.070079982280731201e-02 -8.157744258642196655e-02 -4.642043635249137878e-02 3.933953493833541870e-02 1.723482608795166016e-01 3.274138867855072021e-01 4.634487628936767578e-01 5.379853844642639160e-01 5.244093537330627441e-01 4.240154027938842773e-01 2.668153345584869385e-01 1.000676676630973816e-01 -3.062342479825019836e-02 -9.906465560197830200e-02 -1.069282516837120056e-01 -7.923458516597747803e-02 -4.955510795116424561e-02 -4.262785986065864563e-02 -6.313829869031906128e-02 -9.597684442996978760e-02 -1.171477586030960083e-01 -1.089059486985206604e-01 -7.060924917459487915e-02 -1.929488964378833771e-02 2.024157159030437469e-02 3.020020760595798492e-02 1.090848073363304138e-02 -1.825257763266563416e-02 -2.913482487201690674e-02 -1.042101648636162281e-03 6.596001237630844116e-02 1.483012288808822632e-01 2.089680731296539307e-01 2.157666385173797607e-01 1.585585325956344604e-01 5.636730790138244629e-02 -4.982380196452140808e-02 -1.155222207307815552e-01 -1.135435253381729126e-01 -4.694938287138938904e-02 5.231450870633125305e-02 1.384251415729522705e-01 1.729576736688613892e-01 1.420878469944000244e-01 6.160286441445350647e-02 -3.220429643988609314e-02 -1.007335782051086426e-01 -1.211346909403800964e-01 -9.552322328090667725e-02 -4.746602475643157959e-02 -8.329102769494056702e-03 -9.084903867915272713e-04 -2.861483022570610046e-02 -7.516293972730636597e-02 -1.141536161303520203e-01 -1.230643019080162048e-01 -9.438329190015792847e-02 -3.859725221991539001e-02 2.180550247430801392e-02 6.365559995174407959e-02 7.380051165819168091e-02 5.410385504364967346e-02 1.895711198449134827e-02 -1.266829203814268112e-02 -2.622097916901111603e-02 -1.729094423353672028e-02 8.089441806077957153e-03 3.778617829084396362e-02 5.969261750578880310e-02 6.648660451173782349e-02 5.718503147363662720e-02 3.565553203225135803e-02 7.719831541180610657e-03 -2.125848270952701569e-02 -4.727528616786003113e-02 -6.731545925140380859e-02 -7.876664400100708008e-02 -7.959112524986267090e-02 -6.941963732242584229e-02 -5.081712454557418823e-02 -2.959904260933399200e-02 -1.350776292383670807e-02 -9.520614519715309143e-03 -2.095151506364345551e-02 -4.577090963721275330e-02 -7.703963667154312134e-02 -1.053354069590568542e-01 -1.221168339252471924e-01 -1.226091831922531128e-01 -1.071381792426109314e-01 -8.061963319778442383e-02 -5.067776143550872803e-02 -2.524505555629730225e-02 -1.043080724775791168e-02 -9.126381017267704010e-03 -2.052101679146289825e-02 -4.056164249777793884e-02 -6.331393122673034668e-02 -8.298768103122711182e-02 -9.602725505828857422e-02 -1.023500114679336548e-01 -1.049227491021156311e-01 -1.076342314481735229e-01 -1.126382648944854736e-01 -1.193111017346382141e-01 -1.268950998783111572e-01
-1.444223523139953613e-01 -8.455873280763626099e-02 -6.398563832044601440e-02 -6.515963375568389893e-02 -7.423825562000274658e-02 -8.279563486576080322e-02 -8.781748265027999878e-02 -8.973201364278793335e-02 -8.995777368545532227e-02 -8.944529294967651367e-02 -8.860913664102554321e-02 -8.793075382709503174e-02 -8.818911761045455933e-02 -8.987902104854583740e-02 -9.233931452035903931e-02 -9.361746162176132202e-02 -9.166817367076873779e-02 -8.635844290256500244e-02 -8.074305951595306396e-02 -8.004161715507507324e-02 -8.797618746757507324e-02 -1.020397469401359558e-01 -1.106688231229782104e-01 -9.509652853012084961e-02 -3.658365830779075623e-02 7.335950434207916260e-02 2.245766222476959229e-01 3.867053389549255371e-01 5.168892741203308105e-01 5.748231410980224609e-01 5.391365885734558105e-01 4.176186323165893555e-01 2.459268271923065186e-01 7.448932528495788574e-02 -5.107609555125236511e-02 -1.073508709669113159e-01 -1.004129424691200256e-01 -5.984190478920936584e-02 -2.262158319354057312e-02 -1.500195078551769257e-02 -4.121960699558258057e-02 -8.429493755102157593e-02 -1.177969649434089661e-01 -1.217888370156288147e-01 -9.413522481918334961e-02 -5.106074362993240356e-02 -1.686337590217590332e-02 -8.767819032073020935e-03 -2.572618238627910614e-02 -4.792265221476554871e-02 -4.783189669251441956e-02 -7.076815236359834671e-03 7.033528387546539307e-02 1.564020514488220215e-01 2.112001776695251465e-01 2.032717764377593994e-01 1.279940456151962280e-01 1.390779670327901840e-02 -8.737750351428985596e-02 -1.238428577780723572e-01 -6.778705865144729614e-02 6.942928582429885864e-02 2.402037978172302246e-01 3.802932798862457275e-01 4.362957775592803955e-01 3.882857859134674072e-01 2.572382092475891113e-01 9.420754015445709229e-02 -4.312297701835632324e-02 -1.152076423168182373e-01 -1.153283491730690002e-01 -6.819117814302444458e-02 -1.438272371888160706e-02 1.080821175128221512e-02 -6.327060982584953308e-03 -5.384575203061103821e-02 -1.030804067850112915e-01 -1.249534860253334045e-01 -1.049500629305839539e-01 -4.946736618876457214e-02 1.881210692226886749e-02 7.321443408727645874e-02 9.622299671173095703e-02 8.688851445913314819e-02 5.939848348498344421e-02 3.440510109066963196e-02 2.813732624053955078e-02 4.487693682312965393e-02 7.608553022146224976e-02 1.057972535490989685e-01 1.188591867685317993e-01 1.076656728982925415e-01 7.440629601478576660e-02 2.851889654994010925e-02 -1.854094117879867554e-02 -5.815498530864715576e-02 -8.675833791494369507e-02 -1.049973890185356140e-01 -1.151421815156936646e-01 -1.187488287687301636e-01 -1.159839779138565063e-01 -1.066999435424804688e-01 -9.216579794883728027e-02 -7.600858062505722046e-02 -6.351687014102935791e-02 -5.955800786614418030e-02 -6.625395268201828003e-02 -8.173487335443496704e-02 -1.006930842995643616e-01 -1.164905726909637451e-01 -1.237998455762863159e-01 -1.205748766660690308e-01 -1.085766181349754333e-01 -9.240925312042236328e-02 -7.764037698507308960e-02 -6.882248818874359131e-02 -6.809654086828231812e-02 -7.473143935203552246e-02 -8.563802391290664673e-02 -9.666953235864639282e-02 -1.043305620551109314e-01 -1.073172464966773987e-01 -1.071799919009208679e-01 -1.075490489602088928e-01 -1.119584292173385620e-01 -1.212433502078056335e-01 -1.323106288909912109e-01 -1.401876509189605713e-01
-1.233004629611968994e-01 -6.561635434627532959e-02 -4.300389438867568970e-02 -4.205724969506263733e-02 -5.098965018987655640e-02 -6.141120567917823792e-02 -6.918276846408843994e-02 -7.359637320041656494e-02 -7.567560672760009766e-02 -7.672628760337829590e-02 -7.771401852369308472e-02 -7.926804572343826294e-02 -8.174110203981399536e-02 -8.499760925769805908e-02 -8.815441280603408813e-02 -8.981419354677200317e-02 -8.905895799398422241e-02 -8.673458546400070190e-02 -8.592469245195388794e-02 -9.059262275695800781e-02 -1.023690626025199890e-01 -1.169212311506271362e-01 -1.223290413618087769e-01 -1.015642583370208740e-01 -3.933317214250564575e-02 6.904167681932449341e-02 2.109570801258087158e-01 3.562999069690704346e-01 4.654507935047149658e-01 5.034087896347045898e-01 4.544101357460021973e-01 3.302726149559020996e-01 1.678442806005477905e-01 1.569622568786144257e-02 -8.465227484703063965e-02 -1.147271990776062012e-01 -8.499299734830856323e-02 -2.791691198945045471e-02 1.841072179377079010e-02 2.813115157186985016e-02 -1.685679773800075054e-03 -5.243364721536636353e-02 -9.615232795476913452e-02 -1.116491258144378662e-01 -9.578116983175277710e-02 -6.387885659933090210e-02 -3.932416066527366638e-02 -3.837777674198150635e-02 -5.914148315787315369e-02 -8.141574263572692871e-02 -7.818125188350677490e-02 -3.270220756530761719e-02 4.845840483903884888e-02 1.346805840730667114e-01 1.847137957811355591e-01 1.684239953756332397e-01 8.581188321113586426e-02 -2.735485881567001343e-02 -1.118393912911415100e-01 -1.107611209154129028e-01 2.723807701840996742e-03 2.093189954757690430e-01 4.476006627082824707e-01 6.373568177223205566e-01 7.122162580490112305e-01 6.469323635101318359e-01 4.670425057411193848e-01 2.368100136518478394e-01 3.138723596930503845e-02 -9.383451193571090698e-02 -1.229972392320632935e-01 -8.069117367267608643e-02 -1.519634760916233063e-02 2.670511044561862946e-02 2.094733156263828278e-02 -2.600344270467758179e-02 -8.492822200059890747e-02 -1.217331737279891968e-01 -1.155806630849838257e-01 -6.829290837049484253e-02 -1.267677173018455505e-03 5.723967775702476501e-02 8.703705668449401855e-02 8.527795970439910889e-02 6.586724519729614258e-02 5.019256845116615295e-02 5.473040044307708740e-02 8.220024406909942627e-02 1.205531135201454163e-01 1.497080773115158081e-01 1.520111262798309326e-01 1.208587139844894409e-01 6.335977464914321899e-02 -3.712808247655630112e-03 -6.202480569481849670e-02 -9.948367625474929810e-02 -1.140718683600425720e-01 -1.124801784753799438e-01 -1.050469055771827698e-01 -1.001049578189849854e-01 -1.006281524896621704e-01 -1.044099628925323486e-01 -1.069719418883323669e-01 -1.051084324717521667e-01 -9.899692237377166748e-02 -9.192992746829986572e-02 -8.818133175373077393e-02 -9.046991914510726929e-02 -9.849121421575546265e-02 -1.091965883970260620e-01 -1.184636354446411133e-01 -1.231211572885513306e-01 -1.222691535949707031e-01 -1.173623055219650269e-01 -1.112172082066535950e-01 -1.065747141838073730e-01 -1.049169749021530151e-01 -1.059841513633728027e-01 -1.080804318189620972e-01 -1.089789941906929016e-01 -1.070791184902191162e-01 -1.023880615830421448e-01 -9.686890244483947754e-02 -9.379194676876068115e-02 -9.607354551553726196e-02 -1.041973456740379333e-01 -1.149625703692436218e-01 -1.225823387503623962e-01
-9.740970283746719360e-02 -5.543932691216468811e-02 -3.652700409293174744e-02 -3.359287232160568237e-02 -3.966379910707473755e-02 -4.891521856188774109e-02 -5.772965773940086365e-02 -6.476520746946334839e-02 -7.019059360027313232e-02 -7.473530620336532593e-02 -7.906359434127807617e-02 -8.354537189006805420e-02 -8.819068968296051025e-02 -9.256123751401901245e-02 -9.575392305850982666e-02 -9.673893451690673828e-02 -9.516076743602752686e-02 -9.222815185785293579e-02 -9.089495986700057983e-02 -9.461580216884613037e-02 -1.047170162200927734e-01 -1.175347790122032166e-01 -1.232340708374977112e-01 -1.079567745327949524e-01 -5.947751924395561218e-02 2.554816938936710358e-02 1.362449377775192261e-01 2.475674897432327271e-01 3.272075057029724121e-01 3.475378453731536865e-01 2.977932691574096680e-01 1.907040923833847046e-01 5.966906994581222534e-02 -5.331175401806831360e-02 -1.142027899622917175e-01 -1.106699332594871521e-01 -5.652470886707305908e-02 1.542982272803783417e-02 6.891279667615890503e-02 8.064188063144683838e-02 4.981654509902000427e-02 -3.865982173010706902e-03 -5.228892713785171509e-02 -7.450101524591445923e-02 -6.742258369922637939e-02 -4.595591127872467041e-02 -3.259959816932678223e-02 -4.255035147070884705e-02 -7.299119234085083008e-02 -1.031815856695175171e-01 -1.060277521610260010e-01 -6.513950973749160767e-02 1.233027968555688858e-02 9.525181353092193604e-02 1.424121260643005371e-01 1.247580051422119141e-01 4.468146711587905884e-02 -5.862592533230781555e-02 -1.224816292524337769e-01 -8.813718706369400024e-02 6.989863514900207520e-02 3.268644809722900391e-01 6.123068928718566895e-01 8.355917930603027344e-01 9.217835664749145508e-01 8.420942425727844238e-01 6.252841949462890625e-01 3.450271785259246826e-01 8.918804675340652466e-02 -7.501084357500076294e-02 -1.246246248483657837e-01 -8.391045033931732178e-02 -6.969584152102470398e-03 5.028497800230979919e-02 5.513244122266769409e-02 8.958115242421627045e-03 -5.931270867586135864e-02 -1.120102182030677795e-01 -1.231584995985031128e-01 -9.029381722211837769e-02 -3.276354447007179260e-02 2.107984758913516998e-02 4.995106533169746399e-02 5.019111186265945435e-02 3.569629415869712830e-02 2.811998501420021057e-02 4.333788529038429260e-02 8.175185322761535645e-02 1.275133341550827026e-01 1.567510813474655151e-01 1.501503735780715942e-01 1.031894981861114502e-01 2.886647544801235199e-02 -4.817993193864822388e-02 -1.028874814510345459e-01 -1.206378042697906494e-01 -1.026678904891014099e-01 -6.396444886922836304e-02 -2.534600533545017242e-02 -3.996100276708602905e-03 -6.929625291377305984e-03 -2.991754002869129181e-02 -6.149036064743995667e-02 -8.933603018522262573e-02 -1.057444885373115540e-01 -1.098042279481887817e-01 -1.060288995504379272e-01 -1.008514463901519775e-01 -9.913313388824462891e-02 -1.023418530821800232e-01 -1.088464632630348206e-01 -1.156205236911773682e-01 -1.201268956065177917e-01 -1.213920935988426208e-01 -1.199649572372436523e-01 -1.171104907989501953e-01 -1.138785257935523987e-01 -1.105583980679512024e-01 -1.066889911890029907e-01 -1.014957726001739502e-01 -9.449820965528488159e-02 -8.604171872138977051e-02 -7.754413783550262451e-02 -7.126615196466445923e-02 -6.949784606695175171e-02 -7.331397384405136108e-02 -8.149012178182601929e-02 -9.059294313192367554e-02
-8.609779179096221924e-02 -6.393761187791824341e-02 -5.063648894429206848e-02 -4.535519331693649292e-02 -4.680715128779411316e-02 -5.284084007143974304e-02 -6.113843247294425964e-02 -6.991344690322875977e-02 -7.816397398710250854e-02 -8.554238080978393555e-02 -9.208530932664871216e-02 -9.795781970024108887e-02 -1.032171994447708130e-01 -1.075881719589233398e-01 -1.103646084666252136e-01 -1.106450259685516357e-01 -1.079828962683677673e-01 -1.031816825270652771e-01 -9.862394630908966064e-02 -9.752089530229568481e-02 -1.019880622625350952e-01 -1.107076257467269897e-01 -1.176195070147514343e-01 -1.130294501781463623e-01 -8.750424534082412720e-02 -3.730400651693344116e-02 3.126268461346626282e-02 1.013612076640129089e-01 1.504191756248474121e-01 1.590144783258438110e-01 1.202249303460121155e-01 4.482692107558250427e-02 -4.093258082866668701e-02 -1.049776822328567505e-01 -1.226962953805923462e-01 -8.786311745643615723e-02 -1.577963493764400482e-02 6.333211064338684082e-02 1.179100498557090759e-01 1.292053163051605225e-01 9.907245635986328125e-02 4.750056937336921692e-02 1.193274627439677715e-03 -2.079080417752265930e-02 -1.666932553052902222e-02 -1.598852104507386684e-03 2.495590830221772194e-03 -1.872400194406509399e-02 -6.172453239560127258e-02 -1.052404195070266724e-01 -1.215637400746345520e-01 -9.328246116638183594e-02 -2.606923691928386688e-02 5.055961385369300842e-02 9.660102427005767822e-02 8.337974548339843750e-02 1.277241669595241547e-02 -7.711604237556457520e-02 -1.247968971729278564e-01 -7.255563139915466309e-02 1.040955781936645508e-01 3.789988160133361816e-01 6.795601248741149902e-01 9.123956561088562012e-01 1.000000000000000000e+00 9.123956561088562012e-01 6.795601248741149902e-01 3.789988160133361816e-01 1.040955781936645508e-01 -7.255563139915466309e-02 -1.247968971729278564e-01 -7.711604237556457520e-02 1.277241669595241547e-02 8.337974548339843750e-02 9.660102427005767822e-02 5.055961385369300842e-02 -2.606923691928386688e-02 -9.328246116638183594e-02 -1.215637400746345520e-01 -1.052404195070266724e-01 -6.172453239560127258e-02 -1.872400194406509399e-02 2.495590830221772194e-03 -1.598852104507386684e-03 -1.666932553052902222e-02 -2.079080417752265930e-02 1.193274627439677715e-03 4.750056937336921692e-02 9.907245635986328125e-02 1.292053163051605225e-01 1.179100498557090759e-01 6.333211064338684082e-02 -1.577963493764400482e-02 -8.786311745643615723e-02 -1.226962953805923462e-01 -1.049776822328567505e-01 -4.093258082866668701e-02 4.482692107558250427e-02 1.202249303460121155e-01 1.590144783258438110e-01 1.504191756248474121e-01 1.013612076640129089e-01 3.126268461346626282e-02 -3.730400651693344116e-02 -8.750424534082412720e-02 -1.130294501781463623e-01 -1.176195070147514343e-01 -1.107076257467269897e-01 -1.019880622625350952e-01 -9.752089530229568481e-02 -9.862394630908966064e-02 -1.031816825270652771e-01 -1.079828962683677673e-01 -1.106450259685516357e-01 -1.103646084666252136e-01 -1.075881719589233398e-01 -1.032171994447708130e-01 -9.795781970024108887e-02 -9.208530932664871216e-02 -8.554238080978393555e-02 -7.816397398710250854e-02 -6.991344690322875977e-02 -6.113843247294425964e-02 -5.284084007143974304e-02 -4.680715128779411316e-02 -4.535519331693649292e-02 -5.063648894429206848e-02 -6.393761187791824341e-02
-9.740970283746719360e-02 -9.059294313192367554e-02 -8.149012178182601929e-02 -7.331397384405136108e-02 -6.949784606695175171e-02 -7.126615196466445923e-02 -7.754413783550262451e-02 -8.604171872138977051e-02 -9.449820965528488159e-02 -1.014957726001739502e-01 -1.066889911890029907e-01 -1.105583980679512024e-01 -1.138785257935523987e-01 -1.171104907989501953e-01 -1.199649572372436523e-01 -1.213920935988426208e-01 -1.201268956065177917e-01 -1.156205236911773682e-01 -1.088464632630348206e-01 -1.023418530821800232e-01 -9.913313388824462891e-02 -1.008514463901519775e-01 -1.060288995504379272e-01 -1.098042279481887817e-01 -1.057444885373115540e-01 -8.933603018522262573e-02 -6.149036064743995667e-02 -2.991754002869129181e-02 -6.929625291377305984e-03 -3.996100276708602905e-03 -2.534600533545017242e-02 -6.396444886922836304e-02 -1.026678904891014099e-01 -1.206378042697906494e-01 -1.028874814510345459e-01 -4.817993193864822388e-02 2.886647544801235199e-02 1.031894981861114502e-01 1.501503735780715942e-01 1.567510813474655151e-01 1.275133341550827026e-01 8.175185322761535645e-02 4.333788529038429260e-02 2.811998501420021057e-02 3.569629415869712830e-02 5.019111186265945435e-02 4.995106533169746399e-02 2.107984758913516998e-02 -3.276354447007179260e-02 -9.029381722211837769e-02 -1.231584995985031128e-01 -1.120102182030677795e-01 -5.931270867586135864e-02 8.958115242421627045e-03 5.513244122266769409e-02 5.028497800230979919e-02 -6.969584152102470398e-03 -8.391045033931732178e-02 -1.246246248483657837e-01 -7.501084357500076294e-02 8.918804675340652466e-02 3.450271785259246826e-01 6.252841949462890625e-01 8.420942425727844238e-01 9.217835664749145508e-01 8.355917930603027344e-01 6.123068928718566895e-01 3.268644809722900391e-01 6.989863514900207520e-02 -8.813718706369400024e-02 -1.224816292524337769e-01 -5.862592533230781555e-02 4.468146711587905884e-02 1.247580051422119141e-01 1.424121260643005371e-01 9.525181353092193604e-02 1.233027968555688858e-02 -6.513950973749160767e-02 -1.060277521610260010e-01 -1.031815856695175171e-01 -7.299119234085083008e-02 -4.255035147070884705e-02 -3.259959816932678223e-02 -4.595591127872467041e-02 -6.742258369922637939e-02 -7.450101524591445923e-02 -5.228892713785171509e-02 -3.865982173010706902e-03 4.981654509902000427e-02 8.064188063144683838e-02 6.891279667615890503e-02 1.542982272803783417e-02 -5.652470886707305908e-02 -1.106699332594871521e-01 -1.142027899622917175e-01 -5.331175401806831360e-02 5.966906994581222534e-02 1.907040923833847046e-01 2.977932691574096680e-01 3.475378453731536865e-01 3.272075057029724121e-01 2.475674897432327271e-01 1.362449377775192261e-01 2.554816938936710358e-02 -5.947751924395561218e-02 -1.079567745327949524e-01 -1.232340708374977112e-01 -1.175347790122032166e-01 -1.047170162200927734e-01 -9.461580216884613037e-02 -9.089495986700057983e-02 -9.222815185785293579e-02 -9.516076743602752686e-02 -9.673893451690673828e-02 -9.575392305850982666e-02 -9.256123751401901245e-02 -8.819068968296051025e-02 -8.354537189006805420e-02 -7.906359434127807617e-02 -7.473530620336532593e-02 -7.019059360027313232e-02 -6.476520746946334839e-02 -5.772965773940086365e-02 -4.891521856188774109e-02 -3.966379910707473755e-02 -3.359287232160568237e-02 -3.652700409293174744e-02 -5.543932691216468811e-02
-1.233004629611968994e-01 -1.225823387503623962e-01 -1.149625703692436218e-01 -1.041973456740379333e-01 -9.607354551553726196e-02 -9.379194676876068115e-02 -9.686890244483947754e-02 -1.023880615830421448e-01 -1.070791184902191162e-01 -1.089789941906929016e-01 -1.080804318189620972e-01 -1.059841513633728027e-01 -1.049169749021530151e-01 -1.065747141838073730e-01 -1.112172082066535950e-01 -1.173623055219650269e-01 -1.222691535949707031e-01 -1.231211572885513306e-01 -1.184636354446411133e-01 -1.091965883970260620e-01 -9.849121421575546265e-02 -9.046991914510726929e-02 -8.818133175373077393e-02 -9.192992746829986572e-02 -9.899692237377166748e-02 -1.051084324717521667e-01 -1.069719418883323669e-01 -1.044099628925323486e-01 -1.006281524896621704e-01 -1.001049578189849854e-01 -1.050469055771827698e-01 -1.124801784753799438e-01 -1.140718683600425720e-01 -9.948367625474929810e-02 -6.202480569481849670e-02 -3.712808247655630112e-03 6.335977464914321899e-02 1.208587139844894409e-01 1.520111262798309326e-01 1.497080773115158081e-01 1.205531135201454163e-01 8.220024406909942627e-02 5.473040044307708740e-02 5.019256845116615295e-02 6.586724519729614258e-02 8.527795970439910889e-02 8.703705668449401855e-02 5.723967775702476501e-02 -1.267677173018455505e-03 -6.829290837049484253e-02 -1.155806630849838257e-01 -1.217331737279891968e-01 -8.492822200059890747e-02 -2.600344270467758179e-02 2.094733156263828278e-02 2.670511044561862946e-02 -1.519634760916233063e-02 -8.069117367267608643e-02 -1.229972392320632935e-01 -9.383451193571090698e-02 3.138723596930503845e-02 2.368100136518478394e-01 4.670425057411193848e-01 6.469323635101318359e-01 7.122162580490112305e-01 6.373568177223205566e-01 4.476006627082824707e-01 2.093189954757690430e-01 2.723807701840996742e-03 -1.107611209154129028e-01 -1.118393912911415100e-01 -2.735485881567001343e-02 8.581188321113586426e-02 1.684239953756332397e-01 1.847137957811355591e-01 1.346805840730667114e-01 4.845840483903884888e-02 -3.270220756530761719e-02 -7.818125188350677490e-02 -8.141574263572692871e-02 -5.914148315787315369e-02 -3.837777674198150635e-02 -3.932416066527366638e-02 -6.387885659933090210e-02 -9.578116983175277710e-02 -1.116491258144378662e-01 -9.615232795476913452e-02 -5.243364721536636353e-02 -1.685679773800075054e-03 2.813115157186985016e-02 1.841072179377079010e-02 -2.791691198945045471e-02 -8.499299734830856323e-02 -1.147271990776062012e-01 -8.465227484703063965e-02 1.569622568786144257e-02 1.678442806005477905e-01 3.302726149559020996e-01 4.544101357460021973e-01 5.034087896347045898e-01 4.654507935047149658e-01 3.562999069690704346e-01 2.109570801258087158e-01 6.904167681932449341e-02 -3.933317214250564575e-02 -1.015642583370208740e-01 -1.223290413618087769e-01 -1.169212311506271362e-01 -1.023690626025199890e-01 -9.059262275695800781e-02 -8.592469245195388794e-02 -8.673458546400070190e-02 -8.905895799398422241e-02 -8.981419354677200317e-02 -8.815441280603408813e-02 -8.499760925769805908e-02 -8.174110203981399536e-02 -7.926804572343826294e-02 -7.771401852369308472e-02 -7.672628760337829590e-02 -7.567560672760009766e-02 -7.359637320041656494e-02 -6.918276846408843994e-02 -6.141120567917823792e-02 -5.098965018987655640e-02 -4.205724969506263733e-02 -4.300389438867568970e-02 -6.561635434627532959e-02
-1.444223523139953613e-01 -1.401876509189605713e-01 -1.323106288909912109e-01 -1.212433502078056335e-01 -1.119584292173385620e-01 -1.075490489602088928e-01 -1.071799919009208679e-01 -1.073172464966773987e-01 -1.043305620551109314e-01 -9.666953235864639282e-02 -8.563802391290664673e-02 -7.473143935203552246e-02 -6.809654086828231812e-02 -6.882248818874359131e-02 -7.764037698507308960e-02 -9.240925312042236328e-02 -1.085766181349754333e-01 -1.205748766660690308e-01 -1.237998455762863159e-01 -1.164905726909637451e-01 -1.006930842995643616e-01 -8.173487335443496704e-02 -6.625395268201828003e-02 -5.955800786614418030e-02 -6.351687014102935791e-02 -7.600858062505722046e-02 -9.216579794883728027e-02 -1.066999435424804688e-01 -1.159839779138565063e-01 -1.187488287687301636e-01 -1.151421815156936646e-01 -1.049973890185356140e-01 -8.675833791494369507e-02 -5.815498530864715576e-02 -1.854094117879867554e-02 2.851889654994010925e-02 7.440629601478576660e-02 1.076656728982925415e-01 1.188591867685317993e-01 1.057972535490989685e-01 7.608553022146224976e-02 4.487693682312965393e-02 2.813732624053955078e-02 3.440510109066963196e-02 5.939848348498344421e-02 8.688851445913314819e-02 9.622299671173095703e-02 7.321443408727645874e-02 1.881210692226886749e-02 -4.946736618876457214e-02 -1.049500629305839539e-01 -1.249534860253334045e-01 -1.030804067850112915e-01 -5.384575203061103821e-02 -6.327060982584953308e-03 1.080821175128221512e-02 -1.438272371888160706e-02 -6.819117814302444458e-02 -1.153283491730690002e-01 -1.152076423168182373e-01 -4.312297701835632324e-02 9.420754015445709229e-02 2.572382092475891113e-01 3.882857859134674072e-01 4.362957775592803955e-01 3.802932798862457275e-01 2.402037978172302246e-01 6.942928582429885864e-02 -6.778705865144729614e-02 -1.238428577780723572e-01 -8.737750351428985596e-02 1.390779670327901840e-02 1.279940456151962280e-01 2.032717764377593994e-01 2.112001776695251465e-01 1.564020514488220215e-01 7.033528387546539307e-02 -7.076815236359834671e-03 -4.783189669251441956e-02 -4.792265221476554871e-02 -2.572618238627910614e-02 -8.767819032073020935e-03 -1.686337590217590332e-02 -5.106074362993240356e-02 -9.413522481918334961e-02 -1.217888370156288147e-01 -1.177969649434089661e-01 -8.429493755102157593e-02 -4.121960699558258057e-02 -1.500195078551769257e-02 -2.262158319354057312e-02 -5.984190478920936584e-02 -1.004129424691200256e-01 -1.073508709669113159e-01 -5.107609555125236511e-02 7.448932528495788574e-02 2.459268271923065186e-01 4.176186323165893555e-01 5.391365885734558105e-01 5.748231410980224609e-01 5.168892741203308105e-01 3.867053389549255371e-01 2.245766222476959229e-01 7.335950434207916260e-02 -3.658365830779075623e-02 -9.509652853012084961e-02 -1.106688231229782104e-01 -1.020397469401359558e-01 -8.797618746757507324e-02 -8.004161715507507324e-02 -8.074305951595306396e-02 -8.635844290256500244e-02 -9.166817367076873779e-02 -9.361746162176132202e-02 -9.233931452035903931e-02 -8.987902104854583740e-02 -8.818911761045455933e-02 -8.793075382709503174e-02 -8.860913664102554321e-02 -8.944529294967651367e-02 -8.995777368545532227e-02 -8.973201364278793335e-02 -8.781748265027999878e-02 -8.279563486576080322e-02 -7.423825562000274658e-02 -6.515963375568389893e-02 -6.398563832044601440e-02 -8.455873280763626099e-02
-1.416212171316146851e-01 -1.268950998783111572e-01 -1.193111017346382141e-01 -1.126382648944854736e-01 -1.076342314481735229e-01 -1.049227491021156311e-01 -1.023500114679336548e-01 -9.602725505828857422e-02 -8.298768103122711182e-02 -6.331393122673034668e-02 -4.056164249777793884e-02 -2.052101679146289825e-02 -9.126381017267704010e-03 -1.043080724775791168e-02 -2.524505555629730225e-02 -5.067776143550872803e-02 -8.061963319778442383e-02 -1.071381792426109314e-01 -1.226091831922531128e-01 -1.221168339252471924e-01 -1.053354069590568542e-01 -7.703963667154312134e-02 -4.577090963721275330e-02 -2.095151506364345551e-02 -9.520614519715309143e-03 -1.350776292383670807e-02 -2.959904260933399200e-02 -5.081712454557418823e-02 -6.941963732242584229e-02 -7.959112524986267090e-02 -7.876664400100708008e-02 -6.731545925140380859e-02 -4.727528616786003113e-02 -2.125848270952701569e-02 7.719831541180610657e-03 3.565553203225135803e-02 5.718503147363662720e-02 6.648660451173782349e-02 5.969261750578880310e-02 3.778617829084396362e-02 8.089441806077957153e-03 -1.729094423353672028e-02 -2.622097916901111603e-02 -1.266829203814268112e-02 1.895711198449134827e-02 5.410385504364967346e-02 7.380051165819168091e-02 6.365559995174407959e-02 2.180550247430801392e-02 -3.859725221991539001e-02 -9.438329190015792847e-02 -1.230643019080162048e-01 -1.141536161303520203e-01 -7.516293972730636597e-02 -2.861483022570610046e-02 -9.084903867915272713e-04 -8.329102769494056702e-03 -4.746602475643157959e-02 -9.552322328090667725e-02 -1.211346909403800964e-01 -1.007335782051086426e-01 -3.220429643988609314e-02 6.160286441445350647e-02 1.420878469944000244e-01 1.729576736688613892e-01 1.384251415729522705e-01 5.231450870633125305e-02 -4.694938287138938904e-02 -1.135435253381729126e-01 -1.155222207307815552e-01 -4.982380196452140808e-02 5.636730790138244629e-02 1.585585325956344604e-01 2.157666385173797607e-01 2.089680731296539307e-01 1.483012288808822632e-01 6.596001237630844116e-02 -1.042101648636162281e-03 -2.913482487201690674e-02 -1.825257763266563416e-02 1.090848073363304138e-02 3.020020760595798492e-02 2.024157159030437469e-02 -1.929488964378833771e-02 -7.060924917459487915e-02 -1.089059486985206604e-01 -1.171477586030960083e-01 -9.597684442996978760e-02 -6.313829869031906128e-02 -4.262785986065864563e-02 -4.955510795116424561e-02 -7.923458516597747803e-02 -1.069282516837120056e-01 -9.906465560197830200e-02 -3.062342479825019836e-02 1.000676676630973816e-01 2.668153345584869385e-01 4.240154027938842773e-01 5.244093537330627441e-01 5.379853844642639160e-01 4.634487628936767578e-01 3.274138867855072021e-01 1.723482608795166016e-01 3.933953493833541870e-02 -4.642043635249137878e-02 -8.157744258642196655e-02 -8.070079982280731201e-02 -6.587610393762588501e-02 -5.561302602291107178e-02 -5.818883329629898071e-02 -7.148103415966033936e-02 -8.777666836977005005e-02 -9.988149255514144897e-02 -1.050071492791175842e-01 -1.049274206161499023e-01 -1.033523678779602051e-01 -1.028946936130523682e-01 -1.037140712141990662e-01 -1.043623089790344238e-01 -1.036909595131874084e-01 -1.020542755722999573e-01 -1.008041650056838989e-01 -1.006076857447624207e-01 -1.002623811364173889e-01 -9.752844274044036865e-02 -9.205234795808792114e-02 -8.873017132282257080e-02 -9.930323064327239990e-02
-1.072940453886985779e-01 -7.858223468065261841e-02 -7.392377406358718872e-02 -7.799172401428222656e-02 -8.417596668004989624e-02 -8.834576606750488281e-02 -8.622718602418899536e-02 -7.411958277225494385e-02 -5.100269615650177002e-02 -1.986359618604183197e-02 1.283889170736074448e-02 3.924572840332984924e-02 5.257342010736465454e-02 4.895674064755439758e-02 2.825930155813694000e-02 -5.967858713120222092e-03 -4.705759137868881226e-02 -8.623857796192169189e-02 -1.142319813370704651e-01 -1.234704256057739258e-01 -1.105116754770278931e-01 -7.772830873727798462e-02 -3.327896073460578918e-02 1.107472553849220276e-02 4.375065863132476807e-02 5.728665366768836975e-02 5.076191946864128113e-02 2.964706905186176300e-02 3.222451312467455864e-03 -1.917060092091560364e-02 -3.133628517389297485e-02 -3.163385018706321716e-02 -2.238589525222778320e-02 -8.089080452919006348e-03 6.381937302649021149e-03 1.677993126213550568e-02 1.972837001085281372e-02 1.286830939352512360e-02 -4.450779408216476440e-03 -2.998031117022037506e-02 -5.776315182447433472e-02 -7.889025658369064331e-02 -8.438334614038467407e-02 -6.943443417549133301e-02 -3.697759658098220825e-02 1.712605822831392288e-03 3.057987242937088013e-02 3.555489331483840942e-02 1.155708823353052139e-02 -3.393815085291862488e-02 -8.315282315015792847e-02 -1.156547069549560547e-01 -1.180256307125091553e-01 -9.073001146316528320e-02 -4.839834570884704590e-02 -1.292637642472982407e-02 -2.567093353718519211e-03 -2.253335528075695038e-02 -6.214217096567153931e-02 -1.002904698252677917e-01 -1.166526675224304199e-01 -1.027703061699867249e-01 -6.698945909738540649e-02 -3.027314320206642151e-02 -1.476195920258760452e-02 -3.101836889982223511e-02 -7.091356813907623291e-02 -1.103999763727188110e-01 -1.212648674845695496e-01 -8.606547862291336060e-02 -8.455776609480381012e-03 8.678702265024185181e-02 1.645252704620361328e-01 1.956715434789657593e-01 1.710297614336013794e-01 1.055145338177680969e-01 3.056395798921585083e-02 -2.138568274676799774e-02 -3.243319690227508545e-02 -6.898783147335052490e-03 3.251828253269195557e-02 5.773743242025375366e-02 5.035587772727012634e-02 1.078144740313291550e-02 -4.317675530910491943e-02 -8.709175139665603638e-02 -1.038464754819869995e-01 -9.286828339099884033e-02 -6.952564418315887451e-02 -5.505451560020446777e-02 -6.270255893468856812e-02 -8.800420910120010376e-02 -1.089944317936897278e-01 -9.684120863676071167e-02 -3.167224302887916565e-02 8.465098589658737183e-02 2.257583588361740112e-01 3.499747216701507568e-01 4.174247980117797852e-01 4.069564342498779297e-01 3.248781561851501465e-01 2.015718370676040649e-01 7.794107496738433838e-02 -1.161796320229768753e-02 -5.180428922176361084e-02 -4.932035133242607117e-02 -2.588889375329017639e-02 -5.860357079654932022e-03 -4.932684823870658875e-03 -2.510227076709270477e-02 -5.716796591877937317e-02 -8.812658488750457764e-02 -1.087295487523078918e-01 -1.171958744525909424e-01 -1.178719401359558105e-01 -1.166958063840866089e-01 -1.168847531080245972e-01 -1.175665482878684998e-01 -1.157753542065620422e-01 -1.098993420600891113e-01 -1.018037125468254089e-01 -9.595397114753723145e-02 -9.613469988107681274e-02 -1.022306606173515320e-01 -1.096858009696006775e-01 -1.125079840421676636e-01 -1.082208007574081421e-01 -1.018475592136383057e-01
-4.993334785103797913e-02 -6.472931243479251862e-03 -8.015461266040802002e-03 -2.897434122860431671e-02 -5.290181934833526611e-02 -6.902767717838287354e-02 -7.044851779937744141e-02 -5.442013591527938843e-02 -2.324580959975719452e-02 1.605080999433994293e-02 5.388780683279037476e-02 8.124744147062301636e-02 9.222445636987686157e-02 8.496772497892379761e-02 6.110614165663719177e-02 2.460665442049503326e-02 -1.897541061043739319e-02 -6.263054907321929932e-02 -9.804002195596694946e-02 -1.166291013360023499e-01 -1.118651479482650757e-01 -8.210060000419616699e-02 -3.247738257050514221e-02 2.551434934139251709e-02 7.721337676048278809e-02 1.096615120768547058e-01 1.161198914051055908e-01 9.819390624761581421e-02 6.462777405977249146e-02 2.741788141429424286e-02 -2.883568406105041504e-03 -2.058815769851207733e-02 -2.577123790979385376e-02 -2.277692779898643494e-02 -1.754893735051155090e-02 -1.526726502925157547e-02 -1.917065493762493134e-02 -3.048472106456756592e-02 -4.872781038284301758e-02 -7.173208892345428467e-02 -9.537041187286376953e-02 -1.136629730463027954e-01 -1.200530305504798889e-01 -1.099757030606269836e-01 -8.376584947109222412e-02 -4.820140823721885681e-02 -1.521128695458173752e-02 2.422668272629380226e-03 -3.215562319383025169e-03 -3.080537170171737671e-02 -6.931311637163162231e-02 -1.022293567657470703e-01 -1.149009913206100464e-01 -1.015043184161186218e-01 -6.807795166969299316e-02 -2.985305525362491608e-02 -4.020914901047945023e-03 -1.535739633254706860e-03 -2.216821536421775818e-02 -5.537239834666252136e-02 -8.642043173313140869e-02 -1.043760702013969421e-01 -1.074437722563743591e-01 -1.026911661028862000e-01 -1.003535985946655273e-01 -1.061141490936279297e-01 -1.160810664296150208e-01 -1.178026795387268066e-01 -9.724372625350952148e-02 -4.805938154458999634e-02 2.218705788254737854e-02 9.292667359113693237e-02 1.389551162719726562e-01 1.424323618412017822e-01 1.023452877998352051e-01 3.619823232293128967e-02 -2.745677344501018524e-02 -6.224745884537696838e-02 -5.639767646789550781e-02 -1.799564994871616364e-02 2.961879596114158630e-02 5.996022373437881470e-02 5.669444799423217773e-02 2.123227715492248535e-02 -2.919240109622478485e-02 -7.165446877479553223e-02 -9.017791599035263062e-02 -8.389772474765777588e-02 -6.629359722137451172e-02 -5.603267252445220947e-02 -6.467394530773162842e-02 -8.832925558090209961e-02 -1.082982495427131653e-01 -1.007802560925483704e-01 -5.067289993166923523e-02 3.802252188324928284e-02 1.411439031362533569e-01 2.238269746303558350e-01 2.561128735542297363e-01 2.269966453313827515e-01 1.498449146747589111e-01 5.641658604145050049e-02 -1.756898872554302216e-02 -4.821289330720901489e-02 -3.298381716012954712e-02 1.019563525915145874e-02 5.320240184664726257e-02 7.166486233472824097e-02 5.556495487689971924e-02 1.170674618333578110e-02 -4.219376668334007263e-02 -8.775655925273895264e-02 -1.146968081593513489e-01 -1.237542256712913513e-01 -1.231481134891510010e-01 -1.216055676341056824e-01 -1.226166859269142151e-01 -1.233116835355758667e-01 -1.181535348296165466e-01 -1.045234128832817078e-01 -8.614964783191680908e-02 -7.184199243783950806e-02 -7.014793157577514648e-02 -8.332180231809616089e-02 -1.045962199568748474e-01 -1.207593232393264771e-01 -1.187796145677566528e-01 -9.298030287027359009e-02
1.063149608671665192e-02 6.797019392251968384e-02 5.809249728918075562e-02 1.653442531824111938e-02 -2.905977144837379456e-02 -6.010115146636962891e-02 -6.692150980234146118e-02 -4.862362891435623169e-02 -1.212955266237258911e-02 3.062965162098407745e-02 6.713984161615371704e-02 8.863986283540725708e-02 9.234529733657836914e-02 8.066912740468978882e-02 5.833014845848083496e-02 2.943543531000614166e-02 -3.573745954781770706e-03 -3.866378962993621826e-02 -7.190406322479248047e-02 -9.623099118471145630e-02 -1.028039455413818359e-01 -8.479184657335281372e-02 -4.169540852308273315e-02 1.837291568517684937e-02 8.018543571233749390e-02 1.264648735523223877e-01 1.443618834018707275e-01 1.303341090679168701e-01 9.114747494459152222e-02 4.063169285655021667e-02 -6.132323294878005981e-03 -3.841993957757949829e-02 -5.286243557929992676e-02 -5.296280235052108765e-02 -4.602206870913505554e-02 -3.942073136568069458e-02 -3.806401789188385010e-02 -4.373314231634140015e-02 -5.584922432899475098e-02 -7.252109795808792114e-02 -9.101658314466476440e-02 -1.076516732573509216e-01 -1.178414300084114075e-01 -1.171092092990875244e-01 -1.031256094574928284e-01 -7.783497124910354614e-02 -4.817851260304450989e-02 -2.434868924319744110e-02 -1.580249704420566559e-02 -2.671233192086219788e-02 -5.322778224945068359e-02 -8.430836349725723267e-02 -1.061616912484169006e-01 -1.083752810955047607e-01 -8.876582980155944824e-02 -5.446469411253929138e-02 -1.862690038979053497e-02 5.585513543337583542e-03 1.068698707967996597e-02 -2.593526616692543030e-03 -2.695323526859283447e-02 -5.306088179349899292e-02 -7.421564310789108276e-02 -8.847238868474960327e-02 -9.729360044002532959e-02 -1.020292863249778748e-01 -1.009336635470390320e-01 -8.910640329122543335e-02 -6.183443218469619751e-02 -1.943601854145526886e-02 2.964942716062068939e-02 7.017321139574050903e-02 8.605211973190307617e-02 6.839583069086074829e-02 2.131379209458827972e-02 -3.810763359069824219e-02 -8.643705397844314575e-02 -1.043576076626777649e-01 -8.584532886743545532e-02 -4.126225784420967102e-02 7.499786559492349625e-03 3.758595138788223267e-02 3.614551201462745667e-02 6.068003829568624496e-03 -3.644483536481857300e-02 -7.107602059841156006e-02 -8.433087915182113647e-02 -7.625484466552734375e-02 -5.930053815245628357e-02 -5.007157474756240845e-02 -5.867898836731910706e-02 -8.186289668083190918e-02 -1.040160134434700012e-01 -1.058423891663551331e-01 -7.599978148937225342e-02 -1.915894821286201477e-02 4.438560828566551208e-02 8.793413639068603516e-02 9.193242341279983521e-02 5.475860834121704102e-02 -5.180604755878448486e-03 -5.756723880767822266e-02 -7.468231767416000366e-02 -4.505398869514465332e-02 2.068218030035495758e-02 9.468469768762588501e-02 1.450448036193847656e-01 1.504935175180435181e-01 1.093827858567237854e-01 3.881070017814636230e-02 -3.503660485148429871e-02 -8.982193470001220703e-02 -1.164406239986419678e-01 -1.203909963369369507e-01 -1.153137162327766418e-01 -1.131575554609298706e-01 -1.169767081737518311e-01 -1.204126998782157898e-01 -1.136975809931755066e-01 -9.203581511974334717e-02 -6.081753224134445190e-02 -3.408371284604072571e-02 -2.680794522166252136e-02 -4.538215696811676025e-02 -8.188994228839874268e-02 -1.156295761466026306e-01 -1.213087514042854309e-01 -8.006928116083145142e-02
5.420252308249473572e-02 1.234085708856582642e-01 1.053828597068786621e-01 4.363466799259185791e-02 -2.311079762876033783e-02 -6.821455061435699463e-02 -7.951021194458007812e-02 -5.882589891552925110e-02 -1.875360310077667236e-02 2.330051548779010773e-02 5.232021212577819824e-02 6.133929640054702759e-02 5.296501144766807556e-02 3.612906485795974731e-02 2.002374641597270966e-02 8.769879117608070374e-03 -1.036799003486521542e-04 -1.259681023657321930e-02 -3.260871395468711853e-02 -5.736678466200828552e-02 -7.699238508939743042e-02 -7.888287305831909180e-02 -5.472011119127273560e-02 -6.235512439161539078e-03 5.365435406565666199e-02 1.053318530321121216e-01 1.305890232324600220e-01 1.204364970326423645e-01 7.882548123598098755e-02 2.060085907578468323e-02 -3.511026129126548767e-02 -7.273863255977630615e-02 -8.569224178791046143e-02 -7.723807543516159058e-02 -5.715572088956832886e-02 -3.644336387515068054e-02 -2.289291657507419586e-02 -1.935023814439773560e-02 -2.469360455870628357e-02 -3.610434755682945251e-02 -5.086012557148933411e-02 -6.669376790523529053e-02 -8.106130361557006836e-02 -9.053649753332138062e-02 -9.142223745584487915e-02 -8.165925741195678711e-02 -6.293353438377380371e-02 -4.137700051069259644e-02 -2.584306709468364716e-02 -2.413568086922168732e-02 -3.894364461302757263e-02 -6.570546329021453857e-02 -9.382410347461700439e-02 -1.109482422471046448e-01 -1.083697602152824402e-01 -8.491341769695281982e-02 -4.741878435015678406e-02 -7.656471338123083115e-03 2.268601208925247192e-02 3.645093739032745361e-02 3.289808705449104309e-02 1.656568050384521484e-02 -5.743793211877346039e-03 -2.791580371558666229e-02 -4.591486975550651550e-02 -5.740434676408767700e-02 -6.064154207706451416e-02 -5.408744513988494873e-02 -3.744925931096076965e-02 -1.353962626308202744e-02 1.066879555583000183e-02 2.531304955482482910e-02 2.145596779882907867e-02 -4.102087579667568207e-03 -4.568560421466827393e-02 -8.956436067819595337e-02 -1.191262900829315186e-01 -1.223473697900772095e-01 -9.789465367794036865e-02 -5.648732557892799377e-02 -1.636824384331703186e-02 5.182358436286449432e-03 9.884995233733206987e-05 -2.675272151827812195e-02 -6.044917181134223938e-02 -8.405465632677078247e-02 -8.757644891738891602e-02 -7.298822700977325439e-02 -5.255737900733947754e-02 -4.139339923858642578e-02 -4.839926585555076599e-02 -7.080283015966415405e-02 -9.552674740552902222e-02 -1.068097501993179321e-01 -9.583552181720733643e-02 -6.675428897142410278e-02 -3.528185188770294189e-02 -2.015094272792339325e-02 -3.185698017477989197e-02 -6.502112746238708496e-02 -9.910503774881362915e-02 -1.078611165285110474e-01 -7.307218760251998901e-02 4.526412580162286758e-03 1.031754463911056519e-01 1.885204166173934937e-01 2.287430912256240845e-01 2.089848071336746216e-01 1.378535926342010498e-01 4.279609397053718567e-02 -4.317975044250488281e-02 -9.654838591814041138e-02 -1.124519184231758118e-01 -1.037032231688499451e-01 -9.082724153995513916e-02 -8.912259340286254883e-02 -1.001144573092460632e-01 -1.120459064841270447e-01 -1.087749078869819641e-01 -8.158010989427566528e-02 -3.668117895722389221e-02 6.290530785918235779e-03 2.446339465677738190e-02 5.174291320145130157e-03 -4.459670558571815491e-02 -9.798263013362884521e-02 -1.176263317465782166e-01 -7.086568325757980347e-02
7.073117792606353760e-02 1.484449505805969238e-01 1.248225122690200806e-01 4.771597683429718018e-02 -3.479847684502601624e-02 -8.883053064346313477e-02 -1.003229394555091858e-01 -7.453015446662902832e-02 -3.037497028708457947e-02 8.986944332718849182e-03 2.645547129213809967e-02 1.804279163479804993e-02 -6.539300549775362015e-03 -3.008576855063438416e-02 -3.771845996379852295e-02 -2.510990388691425323e-02 -6.607710383832454681e-04 1.955841295421123505e-02 2.129929326474666595e-02 7.688891491852700710e-04 -3.246710821986198425e-02 -6.006176769733428955e-02 -6.459537148475646973e-02 -3.923557326197624207e-02 7.852433249354362488e-03 5.677506327629089355e-02 8.524429053068161011e-02 7.922571152448654175e-02 3.955730795860290527e-02 -1.861990243196487427e-02 -7.305952161550521851e-02 -1.044239997863769531e-01 -1.041735336184501648e-01 -7.682800292968750000e-02 -3.618259727954864502e-02 1.943663693964481354e-03 2.648004516959190369e-02 3.426666930317878723e-02 2.881110832095146179e-02 1.627049408853054047e-02 1.476636738516390324e-03 -1.374785881489515305e-02 -2.952864766120910645e-02 -4.551068320870399475e-02 -5.919564142823219299e-02 -6.648071110248565674e-02 -6.420090049505233765e-02 -5.298589169979095459e-02 -3.834640234708786011e-02 -2.886604703962802887e-02 -3.211753070354461670e-02 -5.039456114172935486e-02 -7.865566760301589966e-02 -1.060046032071113586e-01 -1.201748475432395935e-01 -1.128875613212585449e-01 -8.349381387233734131e-02 -3.922205045819282532e-02 7.911025546491146088e-03 4.587129130959510803e-02 6.678162515163421631e-02 6.881007552146911621e-02 5.543272569775581360e-02 3.302195668220520020e-02 8.249367587268352509e-03 -1.358861569315195084e-02 -2.911072038114070892e-02 -3.679135814309120178e-02 -3.695654869079589844e-02 -3.199691697955131531e-02 -2.632241137325763702e-02 -2.537958323955535889e-02 -3.354425728321075439e-02 -5.162275955080986023e-02 -7.538954168558120728e-02 -9.645136445760726929e-02 -1.056367158889770508e-01 -9.759048372507095337e-02 -7.422102242708206177e-02 -4.485404118895530701e-02 -2.248141542077064514e-02 -1.762482337653636932e-02 -3.287275508046150208e-02 -6.111557409167289734e-02 -8.874228596687316895e-02 -1.024220362305641174e-01 -9.601298719644546509e-02 -7.385655492544174194e-02 -4.851946979761123657e-02 -3.404897451400756836e-02 -3.836329281330108643e-02 -5.902372300624847412e-02 -8.485784381628036499e-02 -1.026201099157333374e-01 -1.049028933048248291e-01 -9.459248930215835571e-02 -8.296014368534088135e-02 -8.211190253496170044e-02 -9.599266201257705688e-02 -1.154116168618202209e-01 -1.207165718078613281e-01 -9.161254018545150757e-02 -1.938667148351669312e-02 8.512573689222335815e-02 1.928472518920898438e-01 2.674608230590820312e-01 2.813385426998138428e-01 2.286306917667388916e-01 1.287210732698440552e-01 1.788920350372791290e-02 -6.699669361114501953e-02 -1.047390550374984741e-01 -9.790994226932525635e-02 -6.884284317493438721e-02 -4.588068276643753052e-02 -4.735842347145080566e-02 -7.195114344358444214e-02 -1.005267202854156494e-01 -1.083448529243469238e-01 -8.073434233665466309e-02 -2.338390238583087921e-02 3.878004103899002075e-02 7.401172071695327759e-02 6.125024706125259399e-02 3.748449264094233513e-03 -6.819417327642440796e-02 -1.071665436029434204e-01 -6.775400042533874512e-02
6.429530680179595947e-02 1.455413550138473511e-01 1.202207207679748535e-01 3.570356965065002441e-02 -5.368468165397644043e-02 -1.084692925214767456e-01 -1.134759038686752319e-01 -7.771773636341094971e-02 -2.658137865364551544e-02 1.103485375642776489e-02 1.612860336899757385e-02 -1.190633978694677353e-02 -5.562649294734001160e-02 -8.877354115247726440e-02 -8.999928086996078491e-02 -5.418354272842407227e-02 4.531151149421930313e-03 5.967303365468978882e-02 8.582645654678344727e-02 7.153394818305969238e-02 2.500561997294425964e-02 -3.029588982462882996e-02 -6.781744956970214844e-02 -7.143165171146392822e-02 -4.330449551343917847e-02 -2.174602588638663292e-03 2.684311941266059875e-02 2.546940185129642487e-02 -8.359807543456554413e-03 -5.959586426615715027e-02 -1.038009673357009888e-01 -1.192448213696479797e-01 -9.713119268417358398e-02 -4.501798376441001892e-02 1.775759272277355194e-02 6.973851472139358521e-02 9.688111394643783569e-02 9.731455147266387939e-02 7.959155738353729248e-02 5.623283609747886658e-02 3.660307824611663818e-02 2.300469949841499329e-02 1.163226645439863205e-02 -2.895230893045663834e-03 -2.263232506811618805e-02 -4.416426271200180054e-02 -6.045822426676750183e-02 -6.543409824371337891e-02 -5.833756923675537109e-02 -4.513116925954818726e-02 -3.588584065437316895e-02 -3.949024155735969543e-02 -5.855531990528106689e-02 -8.732312172651290894e-02 -1.137775555253028870e-01 -1.249354556202888489e-01 -1.126892343163490295e-01 -7.739750295877456665e-02 -2.767680585384368896e-02 2.322442084550857544e-02 6.253997981548309326e-02 8.223055303096771240e-02 8.076458424329757690e-02 6.223044544458389282e-02 3.378090634942054749e-02 2.856945386156439781e-03 -2.472980134189128876e-02 -4.555181413888931274e-02 -5.848406255245208740e-02 -6.427212059497833252e-02 -6.498963385820388794e-02 -6.332068145275115967e-02 -6.157113239169120789e-02 -6.061047315597534180e-02 -5.930161103606224060e-02 -5.500738322734832764e-02 -4.527929425239562988e-02 -3.003954142332077026e-02 -1.297396514564752579e-02 -9.627544786781072617e-04 -1.306715537793934345e-03 -1.783638447523117065e-02 -4.794031381607055664e-02 -8.243606239557266235e-02 -1.089082062244415283e-01 -1.172484382987022400e-01 -1.047014445066452026e-01 -7.765829563140869141e-02 -4.894977807998657227e-02 -3.176796063780784607e-02 -3.328742459416389465e-02 -5.140664428472518921e-02 -7.644714415073394775e-02 -9.690682590007781982e-02 -1.059803515672683716e-01 -1.049606651067733765e-01 -1.013125702738761902e-01 -1.023448184132575989e-01 -1.082512289285659790e-01 -1.091138198971748352e-01 -8.856774866580963135e-02 -3.306569531559944153e-02 5.792711675167083740e-02 1.667884439229965210e-01 2.616238296031951904e-01 3.086220920085906982e-01 2.875474691390991211e-01 2.026679366827011108e-01 8.300640434026718140e-02 -2.918360754847526550e-02 -9.679572284221649170e-02 -1.043299958109855652e-01 -6.417447328567504883e-02 -9.311855770647525787e-03 2.408898621797561646e-02 1.542402617633342743e-02 -2.991526201367378235e-02 -8.393684774637222290e-02 -1.116164475679397583e-01 -9.054350852966308594e-02 -2.425019443035125732e-02 5.804538726806640625e-02 1.156007349491119385e-01 1.174109727144241333e-01 6.016144901514053345e-02 -2.594287134706974030e-02 -8.674350380897521973e-02 -6.628809869289398193e-02
4.866991192102432251e-02 1.272735148668289185e-01 1.039768606424331665e-01 2.064744196832180023e-02 -6.596263498067855835e-02 -1.129333376884460449e-01 -1.046566888689994812e-01 -5.368295684456825256e-02 8.655420504510402679e-03 4.803470894694328308e-02 4.339851811528205872e-02 -3.080553840845823288e-03 -6.699964404106140137e-02 -1.135639622807502747e-01 -1.148378774523735046e-01 -6.400936096906661987e-02 2.053969725966453552e-02 1.035874709486961365e-01 1.498002409934997559e-01 1.404867470264434814e-01 8.200716972351074219e-02 1.763915643095970154e-03 -6.593145430088043213e-02 -9.671379625797271729e-02 -8.714243769645690918e-02 -5.446596071124076843e-02 -2.577559649944305420e-02 -2.260483801364898682e-02 -4.917871206998825073e-02 -9.033232927322387695e-02 -1.198766380548477173e-01 -1.147238686680793762e-01 -6.725266575813293457e-02 1.042931806296110153e-02 9.224716573953628540e-02 1.506399363279342651e-01 1.691754609346389771e-01 1.489923149347305298e-01 1.062781438231468201e-01 6.274349987506866455e-02 3.449023887515068054e-02 2.508495561778545380e-02 2.600163407623767853e-02 2.347912639379501343e-02 7.516562473028898239e-03 -2.208635769784450531e-02 -5.577429383993148804e-02 -7.997862249612808228e-02 -8.507589995861053467e-02 -7.104459404945373535e-02 -4.775621742010116577e-02 -2.985950186848640442e-02 -2.910616435110569000e-02 -4.820302873849868774e-02 -7.930834591388702393e-02 -1.077712103724479675e-01 -1.190530285239219666e-01 -1.053435504436492920e-01 -6.880690902471542358e-02 -2.027365937829017639e-02 2.556106820702552795e-02 5.592057481408119202e-02 6.413852423429489136e-02 5.083828791975975037e-02 2.226991392672061920e-02 -1.285027526319026947e-02 -4.637727141380310059e-02 -7.257534563541412354e-02 -8.855202794075012207e-02 -9.374559670686721802e-02 -8.910095691680908203e-02 -7.635252922773361206e-02 -5.752376094460487366e-02 -3.460712358355522156e-02 -9.441252797842025757e-03 1.612016372382640839e-02 3.974004834890365601e-02 5.809586867690086365e-02 6.686499714851379395e-02 6.167004629969596863e-02 3.997631371021270752e-02 3.213217249140143394e-03 -4.211575165390968323e-02 -8.542332798242568970e-02 -1.153105273842811584e-01 -1.240181028842926025e-01 -1.110183745622634888e-01 -8.376945555210113525e-02 -5.486840754747390747e-02 -3.667214140295982361e-02 -3.592349216341972351e-02 -5.111721530556678772e-02 -7.401084154844284058e-02 -9.445104748010635376e-02 -1.057734787464141846e-01 -1.076042130589485168e-01 -1.043337658047676086e-01 -1.001478433609008789e-01 -9.380897879600524902e-02 -7.693611085414886475e-02 -3.777772188186645508e-02 3.079623728990554810e-02 1.233533471822738647e-01 2.191407382488250732e-01 2.875454723834991455e-01 3.005629777908325195e-01 2.468268126249313354e-01 1.399547606706619263e-01 1.592817530035972595e-02 -8.067124336957931519e-02 -1.159387081861495972e-01 -8.236727863550186157e-02 -2.936638426035642624e-03 7.921830564737319946e-02 1.212233453989028931e-01 1.012779325246810913e-01 2.951099164783954620e-02 -5.685994774103164673e-02 -1.120573207736015320e-01 -1.049604266881942749e-01 -3.541273251175880432e-02 6.474732607603073120e-02 1.468210518360137939e-01 1.695086807012557983e-01 1.208434179425239563e-01 2.745240926742553711e-02 -5.363990366458892822e-02 -5.881030485033988953e-02
3.778659179806709290e-02 1.076734662055969238e-01 8.861920237541198730e-02 1.308022998273372650e-02 -6.343396753072738647e-02 -9.667389094829559326e-02 -7.094925642013549805e-02 -1.455926802009344101e-03 7.577463239431381226e-02 1.217042952775955200e-01 1.128257364034652710e-01 5.254863947629928589e-02 -2.992522716522216797e-02 -9.315034002065658569e-02 -1.033152267336845398e-01 -5.093840137124061584e-02 4.391008615493774414e-02 1.406467556953430176e-01 1.971617788076400757e-01 1.894160360097885132e-01 1.220006123185157776e-01 2.463328838348388672e-02 -6.327610462903976440e-02 -1.118793115019798279e-01 -1.141378358006477356e-01 -8.662171661853790283e-02 -5.804703384637832642e-02 -5.210311710834503174e-02 -7.390350103378295898e-02 -1.072159111499786377e-01 -1.237408891320228577e-01 -9.928299486637115479e-02 -2.807723917067050934e-02 7.238431274890899658e-02 1.686039119958877563e-01 2.266556024551391602e-01 2.280832976102828979e-01 1.780959218740463257e-01 1.021469905972480774e-01 3.298032656311988831e-02 -5.049479659646749496e-03 -6.493824999779462814e-03 1.474760379642248154e-02 3.463913872838020325e-02 3.260675817728042603e-02 2.339998492971062660e-03 -4.553417116403579712e-02 -8.978064358234405518e-02 -1.101245209574699402e-01 -9.785062819719314575e-02 -6.008725613355636597e-02 -1.594027876853942871e-02 1.315059699118137360e-02 1.373856142163276672e-02 -1.369931735098361969e-02 -5.577658861875534058e-02 -9.314052760601043701e-02 -1.095840558409690857e-01 -9.891637414693832397e-02 -6.671500205993652344e-02 -2.679711394011974335e-02 5.322356708347797394e-03 1.870385929942131042e-02 1.037828251719474792e-02 -1.498802192509174347e-02 -4.820513725280761719e-02 -7.951532304286956787e-02 -1.015970930457115173e-01 -1.107493042945861816e-01 -1.064531952142715454e-01 -9.015258401632308960e-02 -6.411928683519363403e-02 -3.086931258440017700e-02 6.876617204397916794e-03 4.596205055713653564e-02 8.258553594350814819e-02 1.123027056455612183e-01 1.303518265485763550e-01 1.323893666267395020e-01 1.156489700078964233e-01 8.032357692718505859e-02 3.065196052193641663e-02 -2.501174062490463257e-02 -7.570429146289825439e-02 -1.108729615807533264e-01 -1.239927336573600769e-01 -1.152499839663505554e-01 -9.185034036636352539e-02 -6.543249636888504028e-02 -4.746916145086288452e-02 -4.467722401022911072e-02 -5.663817748427391052e-02 -7.680840045213699341e-02 -9.632830321788787842e-02 -1.084783598780632019e-01 -1.112258061766624451e-01 -1.064100041985511780e-01 -9.620045125484466553e-02 -7.933256030082702637e-02 -5.007845163345336914e-02 -1.467788824811577797e-03 6.842178106307983398e-02 1.507192552089691162e-01 2.247654944658279419e-01 2.641283869743347168e-01 2.481317520141601562e-01 1.737686693668365479e-01 6.150731444358825684e-02 -4.942426085472106934e-02 -1.158096641302108765e-01 -1.094146966934204102e-01 -3.127510100603103638e-02 8.631706237792968750e-02 1.923746019601821899e-01 2.394963353872299194e-01 2.057953029870986938e-01 1.058576032519340515e-01 -1.511644385755062103e-02 -1.018618941307067871e-01 -1.148785874247550964e-01 -4.924661293625831604e-02 6.276232004165649414e-02 1.668306887149810791e-01 2.126483321189880371e-01 1.789528280496597290e-01 8.613696694374084473e-02 -9.703602641820907593e-03 -4.051799699664115906e-02
3.725294396281242371e-02 9.410833567380905151e-02 7.941946387290954590e-02 1.454574707895517349e-02 -4.900578036904335022e-02 -6.736565381288528442e-02 -2.467826195061206818e-02 6.274567544460296631e-02 1.561388522386550903e-01 2.129627913236618042e-01 2.068799883127212524e-01 1.404244899749755859e-01 4.441050812602043152e-02 -3.609780594706535339e-02 -6.298284232616424561e-02 -2.336253970861434937e-02 6.402582675218582153e-02 1.576530933380126953e-01 2.129969447851181030e-01 2.035406380891799927e-01 1.325973570346832275e-01 3.028731793165206909e-02 -6.241299957036972046e-02 -1.140890046954154968e-01 -1.172213628888130188e-01 -8.929628878831863403e-02 -6.063625589013099670e-02 -5.589274689555168152e-02 -7.937733829021453857e-02 -1.122118383646011353e-01 -1.228627488017082214e-01 -8.541098237037658691e-02 4.287744406610727310e-03 1.233739182353019714e-01 2.308298051357269287e-01 2.861996293067932129e-01 2.688165009021759033e-01 1.878425627946853638e-01 7.807261496782302856e-02 -1.637773960828781128e-02 -6.237198412418365479e-02 -5.210402607917785645e-02 -4.760971758514642715e-03 4.478536173701286316e-02 6.416955590248107910e-02 3.941284120082855225e-02 -1.912652328610420227e-02 -8.309829235076904297e-02 -1.210232824087142944e-01 -1.139580011367797852e-01 -6.432189792394638062e-02 5.946986842900514603e-03 6.633640080690383911e-02 9.198748320341110229e-02 7.428874820470809937e-02 2.323522605001926422e-02 -3.874894604086875916e-02 -8.781228959560394287e-02 -1.089672893285751343e-01 -1.011349782347679138e-01 -7.540986686944961548e-02 -4.832519590854644775e-02 -3.389881551265716553e-02 -3.816540911793708801e-02 -5.811822786927223206e-02 -8.462881296873092651e-02 -1.072166636586189270e-01 -1.181859672069549561e-01 -1.145307794213294983e-01 -9.743446111679077148e-02 -7.033995538949966431e-02 -3.694578260183334351e-02 -1.040358547470532358e-04 3.814854845404624939e-02 7.583440095186233521e-02 1.102163642644882202e-01 1.374566406011581421e-01 1.529850065708160400e-01 1.525110602378845215e-01 1.334131360054016113e-01 9.610359370708465576e-02 4.487791284918785095e-02 -1.225007232278585434e-02 -6.503010541200637817e-02 -1.036278828978538513e-01 -1.217065528035163879e-01 -1.187533512711524963e-01 -1.005076020956039429e-01 -7.700842618942260742e-02 -5.884803086519241333e-02 -5.316853523254394531e-02 -6.120738014578819275e-02 -7.852141559123992920e-02 -9.767003357410430908e-02 -1.118261143565177917e-01 -1.172893941402435303e-01 -1.135734692215919495e-01 -1.012995764613151550e-01 -7.965049147605895996e-02 -4.562408477067947388e-02 3.690266516059637070e-03 6.666500866413116455e-02 1.333131045103073120e-01 1.853753924369812012e-01 2.020027190446853638e-01 1.696011871099472046e-01 9.137968719005584717e-02 -8.936776779592037201e-03 -9.285250306129455566e-02 -1.215510964393615723e-01 -7.347924262285232544e-02 4.316985607147216797e-02 1.900349706411361694e-01 3.121063411235809326e-01 3.603644371032714844e-01 3.137027919292449951e-01 1.897370964288711548e-01 3.865849971771240234e-02 -7.793347537517547607e-02 -1.140062883496284485e-01 -5.953459814190864563e-02 5.521253496408462524e-02 1.737858951091766357e-01 2.398584187030792236e-01 2.239935696125030518e-01 1.390069872140884399e-01 3.679040074348449707e-02 -1.376634277403354645e-02
4.200494289398193359e-02 8.443310111761093140e-02 7.249531149864196777e-02 1.736280135810375214e-02 -3.499860316514968872e-02 -4.230904206633567810e-02 1.184744201600551605e-02 1.119975224137306213e-01 2.191747128963470459e-01 2.891347408294677734e-01 2.927051186561584473e-01 2.294398099184036255e-01 1.281944662332534790e-01 3.396127372980117798e-02 -1.312276162207126617e-02 3.400877350941300392e-03 6.889464706182479858e-02 1.453550457954406738e-01 1.904626786708831787e-01 1.783683449029922485e-01 1.117415800690650940e-01 1.913269981741905212e-02 -6.067812442779541016e-02 -9.892794489860534668e-02 -9.099175035953521729e-02 -5.701042339205741882e-02 -2.891719527542591095e-02 -3.106724657118320465e-02 -6.515520811080932617e-02 -1.078767701983451843e-01 -1.229978129267692566e-01 -8.171106129884719849e-02 1.949043758213520050e-02 1.532127708196640015e-01 2.714523971080780029e-01 3.272081017494201660e-01 2.968696951866149902e-01 1.921931058168411255e-01 5.571320280432701111e-02 -5.837756767868995667e-02 -1.086922138929367065e-01 -8.470029383897781372e-02 -9.887752123177051544e-03 7.107786089181900024e-02 1.145402193069458008e-01 9.849298000335693359e-02 3.192490711808204651e-02 -5.102924630045890808e-02 -1.085818707942962646e-01 -1.115193814039230347e-01 -5.647317320108413696e-02 3.354991972446441650e-02 1.207616850733757019e-01 1.700584143400192261e-01 1.638807952404022217e-01 1.079604029655456543e-01 2.629491500556468964e-02 -5.117143318057060242e-02 -1.017413735389709473e-01 -1.180180236697196960e-01 -1.079740300774574280e-01 -8.826737105846405029e-02 -7.495258003473281860e-02 -7.626481354236602783e-02 -9.039656072854995728e-02 -1.083408445119857788e-01 -1.194914132356643677e-01 -1.168388575315475464e-01 -9.942499548196792603e-02 -7.150036096572875977e-02 -3.951957449316978455e-02 -8.896131068468093872e-03 1.787223294377326965e-02 4.111460968852043152e-02 6.241369992494583130e-02 8.262740820646286011e-02 1.005505621433258057e-01 1.127814427018165588e-01 1.147661060094833374e-01 1.025580540299415588e-01 7.464180141687393188e-02 3.318040072917938232e-02 -1.580712012946605682e-02 -6.357198208570480347e-02 -1.009130552411079407e-01 -1.209934726357460022e-01 -1.217190697789192200e-01 -1.066645905375480652e-01 -8.397128432989120483e-02 -6.346177309751510620e-02 -5.306947603821754456e-02 -5.609399825334548950e-02 -7.047314941883087158e-02 -9.029010683298110962e-02 -1.086026355624198914e-01 -1.200343668460845947e-01 -1.218269988894462585e-01 -1.131111308932304382e-01 -9.339100122451782227e-02 -6.183968111872673035e-02 -1.847717352211475372e-02 3.315126523375511169e-02 8.370075374841690063e-02 1.185764297842979431e-01 1.226214915513992310e-01 8.785914629697799683e-02 2.075378037989139557e-02 -5.549216642975807190e-02 -1.065777614712715149e-01 -1.000034660100936890e-01 -2.042052149772644043e-02 1.197612658143043518e-01 2.806837558746337891e-01 4.080076217651367188e-01 4.542525708675384521e-01 3.995518088340759277e-01 2.621250152587890625e-01 9.275263547897338867e-02 -4.533325508236885071e-02 -1.027745902538299561e-01 -6.494718790054321289e-02 4.221102595329284668e-02 1.642976701259613037e-01 2.432912439107894897e-01 2.443054914474487305e-01 1.726290136575698853e-01 7.337939739227294922e-02 1.234254520386457443e-02
4.096145182847976685e-02 7.059389352798461914e-02 5.924652144312858582e-02 1.079033222049474716e-02 -3.492148965597152710e-02 -3.813505172729492188e-02 1.850598677992820740e-02 1.223612427711486816e-01 2.370959222316741943e-01 3.191152513027191162e-01 3.371057808399200439e-01 2.861728072166442871e-01 1.900194287300109863e-01 8.986806124448776245e-02 2.517624013125896454e-02 1.541915070265531540e-02 5.191867426037788391e-02 1.037675812840461731e-01 1.347312927246093750e-01 1.223215088248252869e-01 6.908499449491500854e-02 2.507194585632532835e-04 -5.086361244320869446e-02 -6.170105934143066406e-02 -3.322076797485351562e-02 1.059100776910781860e-02 3.646450117230415344e-02 2.154956385493278503e-02 -3.174630180001258850e-02 -9.436418861150741577e-02 -1.242544874548912048e-01 -8.860716968774795532e-02 1.677099429070949554e-02 1.614262014627456665e-01 2.915894091129302979e-01 3.540905416011810303e-01 3.214622735977172852e-01 2.058550268411636353e-01 5.462963506579399109e-02 -7.061479240655899048e-02 -1.217096745967864990e-01 -8.514853566884994507e-02 1.308142580091953278e-02 1.210409030318260193e-01 1.859172135591506958e-01 1.784981191158294678e-01 1.055873930454254150e-01 5.063670687377452850e-03 -7.328372448682785034e-02 -9.146408736705780029e-02 -4.026547446846961975e-02 5.792703479528427124e-02 1.608003228902816772e-01 2.258402556180953979e-01 2.284835278987884521e-01 1.706526428461074829e-01 7.684714347124099731e-02 -1.901551894843578339e-02 -8.893767744302749634e-02 -1.211693584918975830e-01 -1.216157078742980957e-01 -1.071113646030426025e-01 -9.503563493490219116e-02 -9.477355331182479858e-02 -1.047669500112533569e-01 -1.155996099114418030e-01 -1.165555268526077271e-01 -1.018082872033119202e-01 -7.320868223905563354e-02 -3.880598396062850952e-02 -8.476564660668373108e-03 1.077121775597333908e-02 1.750634238123893738e-02 1.561484578996896744e-02 1.164186466485261917e-02 1.130568888038396835e-02 1.684287749230861664e-02 2.618712000548839569e-02 3.405397385358810425e-02 3.426425158977508545e-02 2.232474088668823242e-02 -2.633643336594104767e-03 -3.715271875262260437e-02 -7.418985664844512939e-02 -1.051282882690429688e-01 -1.224994435906410217e-01 -1.225604116916656494e-01 -1.067821830511093140e-01 -8.156765252351760864e-02 -5.614190548658370972e-02 -3.932963311672210693e-02 -3.648710623383522034e-02 -4.785485565662384033e-02 -6.896530836820602417e-02 -9.276261180639266968e-02 -1.122901886701583862e-01 -1.226431503891944885e-01 -1.214777305722236633e-01 -1.083602756261825562e-01 -8.398623019456863403e-02 -5.027015134692192078e-02 -1.144885364919900894e-02 2.482006326317787170e-02 4.800461977720260620e-02 4.798908904194831848e-02 2.056134305894374847e-02 -2.736276201903820038e-02 -7.617806643247604370e-02 -9.815327078104019165e-02 -6.782141327857971191e-02 2.547948434948921204e-02 1.687627136707305908e-01 3.255510628223419189e-01 4.468452930450439453e-01 4.896219074726104736e-01 4.353449046611785889e-01 2.999431490898132324e-01 1.297879070043563843e-01 -1.570073515176773071e-02 -8.788199722766876221e-02 -6.881659477949142456e-02 2.172064967453479767e-02 1.355415135622024536e-01 2.178067713975906372e-01 2.319019734859466553e-01 1.767465025186538696e-01 8.885647356510162354e-02 2.683652378618717194e-02
2.504899539053440094e-02 4.575602710247039795e-02 3.393857926130294800e-02 -1.033496018499135971e-02 -5.357038974761962891e-02 -5.959750339388847351e-02 -1.014985889196395874e-02 8.656626939773559570e-02 1.995957046747207642e-01 2.887457013130187988e-01 3.221152722835540771e-01 2.900122106075286865e-01 2.088489681482315063e-01 1.130337715148925781e-01 3.864836320281028748e-02 6.907491013407707214e-03 1.565137878060340881e-02 4.306204617023468018e-02 6.140731275081634521e-02 5.326597765088081360e-02 2.131195180118083954e-02 -1.379819400608539581e-02 -2.634389884769916534e-02 -2.057008445262908936e-03 5.127311125397682190e-02 1.056910082697868347e-01 1.273114085197448730e-01 9.575026482343673706e-02 1.817586831748485565e-02 -7.040102034807205200e-02 -1.220818608999252319e-01 -9.964539110660552979e-02 2.969798166304826736e-03 1.541331857442855835e-01 2.962731719017028809e-01 3.711632788181304932e-01 3.469601869583129883e-01 2.338745743036270142e-01 8.055087924003601074e-02 -4.753104969859123230e-02 -9.758832305669784546e-02 -5.307805165648460388e-02 5.978062376379966736e-02 1.853189468383789062e-01 2.649095952510833740e-01 2.638912200927734375e-01 1.863541454076766968e-01 7.138776779174804688e-02 -2.661909535527229309e-02 -6.367173790931701660e-02 -2.562834881246089935e-02 6.715682893991470337e-02 1.711106151342391968e-01 2.402558028697967529e-01 2.462669610977172852e-01 1.887293457984924316e-01 9.197195619344711304e-02 -8.548907935619354248e-03 -8.281730860471725464e-02 -1.178050488233566284e-01 -1.194048598408699036e-01 -1.053253486752510071e-01 -9.376582503318786621e-02 -9.404215216636657715e-02 -1.034875586628913879e-01 -1.112215667963027954e-01 -1.058545187115669250e-01 -8.260858803987503052e-02 -4.622280597686767578e-02 -8.600277826189994812e-03 1.707727462053298950e-02 2.250002697110176086e-02 7.652329280972480774e-03 -1.979938894510269165e-02 -4.839883372187614441e-02 -6.793677061796188354e-02 -7.332843542098999023e-02 -6.591694802045822144e-02 -5.210804194211959839e-02 -4.030679166316986084e-02 -3.754858672618865967e-02 -4.701124131679534912e-02 -6.705448776483535767e-02 -9.187255799770355225e-02 -1.134357303380966187e-01 -1.241360530257225037e-01 -1.193897798657417297e-01 -9.939157962799072266e-02 -6.935831904411315918e-02 -3.802196308970451355e-02 -1.477048639208078384e-02 -6.442588753998279572e-03 -1.502807438373565674e-02 -3.720505908131599426e-02 -6.584680080413818359e-02 -9.273824840784072876e-02 -1.112389191985130310e-01 -1.178057342767715454e-01 -1.120414063334465027e-01 -9.579779952764511108e-02 -7.228188961744308472e-02 -4.580286145210266113e-02 -2.196955494582653046e-02 -7.401412352919578552e-03 -7.987314835190773010e-03 -2.562852203845977783e-02 -5.480043590068817139e-02 -8.125469088554382324e-02 -8.489634841680526733e-02 -4.708921909332275391e-02 3.993279486894607544e-02 1.658544093370437622e-01 3.016251623630523682e-01 4.073548316955566406e-01 4.467873573303222656e-01 4.026930332183837891e-01 2.861449420452117920e-01 1.346231400966644287e-01 -1.349694677628576756e-03 -7.795598357915878296e-02 -7.576804608106613159e-02 -7.407450582832098007e-03 8.851662278175354004e-02 1.648016273975372314e-01 1.869636029005050659e-01 1.493264883756637573e-01 7.874161750078201294e-02 2.299650013446807861e-02
-6.921836640685796738e-03 9.983328171074390411e-03 -7.247678004205226898e-04 -4.015564918518066406e-02 -8.172742277383804321e-02 -9.432643651962280273e-02 -5.948516726493835449e-02 1.987335085868835449e-02 1.204367652535438538e-01 2.082499116659164429e-01 2.531414926052093506e-01 2.415719926357269287e-01 1.819926649332046509e-01 1.001105830073356628e-01 2.636880427598953247e-02 -1.805011741816997528e-02 -2.956240810453891754e-02 -2.071435190737247467e-02 -1.008406467735767365e-02 -9.525231085717678070e-03 -1.628203690052032471e-02 -1.482159178704023361e-02 1.234568841755390167e-02 7.101250439882278442e-02 1.471118628978729248e-01 2.098522484302520752e-01 2.258851975202560425e-01 1.777971535921096802e-01 7.699228078126907349e-02 -3.694903850555419922e-02 -1.118117123842239380e-01 -1.067273020744323730e-01 -1.311286631971597672e-02 1.382819414138793945e-01 2.887813150882720947e-01 3.772206902503967285e-01 3.677976429462432861e-01 2.670381665229797363e-01 1.214553341269493103e-01 -3.380384761840105057e-03 -5.267125368118286133e-02 -7.104200776666402817e-03 1.091242805123329163e-01 2.405052185058593750e-01 3.265195488929748535e-01 3.293807804584503174e-01 2.502307891845703125e-01 1.267017126083374023e-01 1.383214816451072693e-02 -4.192792251706123352e-02 -2.315345592796802521e-02 5.279527232050895691e-02 1.443101912736892700e-01 2.062181979417800903e-01 2.101719379425048828e-01 1.553403735160827637e-01 6.543433666229248047e-02 -2.504191733896732330e-02 -8.760549873113632202e-02 -1.113606989383697510e-01 -1.044981926679611206e-01 -8.638753741979598999e-02 -7.546617090702056885e-02 -7.957631349563598633e-02 -9.335659444332122803e-02 -1.031627357006072998e-01 -9.608295559883117676e-02 -6.788248568773269653e-02 -2.579741925001144409e-02 1.486166659742593765e-02 3.809955343604087830e-02 3.464393317699432373e-02 5.792794749140739441e-03 -3.777039796113967896e-02 -8.111585676670074463e-02 -1.113990992307662964e-01 -1.224868446588516235e-01 -1.162016615271568298e-01 -1.002630889415740967e-01 -8.436580002307891846e-02 -7.626501470804214478e-02 -7.927960902452468872e-02 -9.173284471035003662e-02 -1.080604493618011475e-01 -1.209195554256439209e-01 -1.236046180129051208e-01 -1.121996194124221802e-01 -8.699287474155426025e-02 -5.274733528494834900e-02 -1.758763939142227173e-02 9.355598129332065582e-03 2.088774740695953369e-02 1.422823965549468994e-02 -8.002619259059429169e-03 -3.877134621143341064e-02 -6.921625882387161255e-02 -9.171500056982040405e-02 -1.021272689104080200e-01 -1.003897786140441895e-01 -8.953388035297393799e-02 -7.396970689296722412e-02 -5.806972831487655640e-02 -4.559108242392539978e-02 -3.965940326452255249e-02 -4.249886795878410339e-02 -5.428198724985122681e-02 -7.135068625211715698e-02 -8.506003022193908691e-02 -8.283852785825729370e-02 -5.226355791091918945e-02 1.277346443384885788e-02 1.064886450767517090e-01 2.095273882150650024e-01 2.933238148689270020e-01 3.299151062965393066e-01 3.036073446273803711e-01 2.192263901233673096e-01 1.025123298168182373e-01 -8.529221639037132263e-03 -7.825597375631332397e-02 -8.779402077198028564e-02 -4.268736392259597778e-02 2.991605363786220551e-02 9.357005357742309570e-02 1.190655902028083801e-01 9.801822900772094727e-02 4.738396406173706055e-02 1.742637250572443008e-03
-4.819208011031150818e-02 -2.925948798656463623e-02 -3.387125581502914429e-02 -6.343382596969604492e-02 -9.935387223958969116e-02 -1.174180954694747925e-01 -1.003304496407508850e-01 -4.579591006040573120e-02 3.195044770836830139e-02 1.076833084225654602e-01 1.556721478700637817e-01 1.605859249830245972e-01 1.237386986613273621e-01 6.163348257541656494e-02 -2.411965513601899147e-03 -4.914947599172592163e-02 -7.104602456092834473e-02 -7.277046889066696167e-02 -6.469978392124176025e-02 -5.371271073818206787e-02 -3.723126277327537537e-02 -4.651787225157022476e-03 5.414243414998054504e-02 1.380979269742965698e-01 2.290737628936767578e-01 2.956494688987731934e-01 3.064282536506652832e-01 2.469034940004348755e-01 1.309643536806106567e-01 -2.031500625889748335e-04 -9.318544715642929077e-02 -1.054949089884757996e-01 -2.607908472418785095e-02 1.172094643115997314e-01 2.678681910037994385e-01 3.649325668811798096e-01 3.702458143234252930e-01 2.859695851802825928e-01 1.537754833698272705e-01 3.577024862170219421e-02 -1.402881182730197906e-02 2.573305740952491760e-02 1.346344500780105591e-01 2.608765363693237305e-01 3.459050953388214111e-01 3.513243198394775391e-01 2.754229605197906494e-01 1.520078927278518677e-01 3.294069692492485046e-02 -3.655287995934486389e-02 -3.778156265616416931e-02 1.532529294490814209e-02 8.578331768512725830e-02 1.329903006553649902e-01 1.319572180509567261e-01 8.317776769399642944e-02 9.308326058089733124e-03 -5.839212983846664429e-02 -9.616252034902572632e-02 -9.816801548004150391e-02 -7.667975127696990967e-02 -5.303813889622688293e-02 -4.500573128461837769e-02 -5.742073431611061096e-02 -8.071426302194595337e-02 -9.737435728311538696e-02 -9.231274574995040894e-02 -6.140652298927307129e-02 -1.389383617788553238e-02 3.219766914844512939e-02 5.880604684352874756e-02 5.612821131944656372e-02 2.646060287952423096e-02 -1.782476343214511871e-02 -6.059226021170616150e-02 -8.911078423261642456e-02 -9.870405495166778564e-02 -9.318523854017257690e-02 -8.160092681646347046e-02 -7.339453697204589844e-02 -7.438428699970245361e-02 -8.505436778068542480e-02 -1.012816429138183594e-01 -1.165606528520584106e-01 -1.244904473423957825e-01 -1.206589415669441223e-01 -1.036671996116638184e-01 -7.542577385902404785e-02 -4.087427631020545959e-02 -7.095471955835819244e-03 1.826461218297481537e-02 2.911483123898506165e-02 2.298638597130775452e-02 2.172387903556227684e-03 -2.676850557327270508e-02 -5.519192665815353394e-02 -7.544013857841491699e-02 -8.348995447158813477e-02 -8.000302314758300781e-02 -6.939164549112319946e-02 -5.751541256904602051e-02 -4.926176741719245911e-02 -4.715922847390174866e-02 -5.140724033117294312e-02 -6.078040227293968201e-02 -7.339294999837875366e-02 -8.661667257547378540e-02 -9.633422642946243286e-02 -9.655096381902694702e-02 -8.051761984825134277e-02 -4.368688166141510010e-02 1.255940459668636322e-02 7.855211943387985229e-02 1.374173909425735474e-01 1.702273935079574585e-01 1.636319905519485474e-01 1.166015416383743286e-01 4.270250722765922546e-02 -3.393447771668434143e-02 -8.780759572982788086e-02 -1.025261506438255310e-01 -7.774339616298675537e-02 -2.913332730531692505e-02 1.880361698567867279e-02 4.396697878837585449e-02 3.690210729837417603e-02 5.355149973183870316e-03 -2.976071834564208984e-02
-8.923085778951644897e-02 -6.186703965067863464e-02 -5.260473862290382385e-02 -6.385503709316253662e-02 -8.623373508453369141e-02 -1.041984483599662781e-01 -1.033360287547111511e-01 -7.704135030508041382e-02 -3.008981421589851379e-02 2.271180972456932068e-02 6.261076033115386963e-02 7.511925697326660156e-02 5.638406798243522644e-02 1.448917388916015625e-02 -3.490957245230674744e-02 -7.612939178943634033e-02 -9.995532780885696411e-02 -1.055612415075302124e-01 -9.715802967548370361e-02 -7.797583192586898804e-02 -4.596577584743499756e-02 5.339618772268295288e-03 8.063781261444091797e-02 1.749092638492584229e-01 2.691909074783325195e-01 3.342275619506835938e-01 3.420127630233764648e-01 2.803902029991149902e-01 1.631174832582473755e-01 2.896582335233688354e-02 -7.164069265127182007e-02 -9.754887223243713379e-02 -3.593177720904350281e-02 9.002481400966644287e-02 2.294878214597702026e-01 3.255036473274230957e-01 3.401769995689392090e-01 2.717519700527191162e-01 1.553177982568740845e-01 4.652089625597000122e-02 -4.189105238765478134e-03 2.534316480159759521e-02 1.193872392177581787e-01 2.325450181961059570e-01 3.115015029907226562e-01 3.196557760238647461e-01 2.529170215129852295e-01 1.396061331033706665e-01 2.533711120486259460e-02 -4.906354472041130066e-02 -6.562157720327377319e-02 -3.490176051855087280e-02 1.245666202157735825e-02 4.305490851402282715e-02 3.760770708322525024e-02 -9.926264174282550812e-04 -5.170975625514984131e-02 -8.838596194982528687e-02 -9.427956491708755493e-02 -7.041867077350616455e-02 -3.384055942296981812e-02 -7.340325042605400085e-03 -6.694691255688667297e-03 -3.227577731013298035e-02 -6.924584507942199707e-02 -9.578380733728408813e-02 -9.463953971862792969e-02 -6.187134236097335815e-02 -8.460539393126964569e-03 4.556579887866973877e-02 8.103337138891220093e-02 8.830507844686508179e-02 7.057177275419235229e-02 4.066176339983940125e-02 1.363410800695419312e-02 -7.148305885493755341e-04 -1.733300159685313702e-03 3.257928648963570595e-03 3.923980984836816788e-03 -7.319376338273286819e-03 -3.167636319994926453e-02 -6.389509141445159912e-02 -9.516845643520355225e-02 -1.170900464057922363e-01 -1.246430501341819763e-01 -1.171639412641525269e-01 -9.750922024250030518e-02 -7.046636193990707397e-02 -4.142459854483604431e-02 -1.566813513636589050e-02 2.039195736870169640e-03 8.124069310724735260e-03 1.289569889195263386e-03 -1.646451465785503387e-02 -3.973043709993362427e-02 -6.106377765536308289e-02 -7.360324263572692871e-02 -7.385534048080444336e-02 -6.324505060911178589e-02 -4.753257334232330322e-02 -3.427633270621299744e-02 -2.957252599298954010e-02 -3.568834066390991211e-02 -5.068084225058555603e-02 -6.995790451765060425e-02 -8.867279440164566040e-02 -1.034939065575599670e-01 -1.128606274724006653e-01 -1.159475669264793396e-01 -1.114815026521682739e-01 -9.766080230474472046e-02 -7.360740751028060913e-02 -4.153921455144882202e-02 -8.024030365049839020e-03 1.710814796388149261e-02 2.435056120157241821e-02 9.134070947766304016e-03 -2.497740089893341064e-02 -6.658184528350830078e-02 -1.006239801645278931e-01 -1.147673279047012329e-01 -1.049174293875694275e-01 -7.711406797170639038e-02 -4.477129504084587097e-02 -2.254879288375377655e-02 -1.973499543964862823e-02 -3.619446605443954468e-02 -6.301399320363998413e-02
-1.238965019583702087e-01 -8.159418404102325439e-02 -5.018236860632896423e-02 -3.432217240333557129e-02 -3.439814597368240356e-02 -4.456223547458648682e-02 -5.482992902398109436e-02 -5.579005554318428040e-02 -4.350184649229049683e-02 -2.185735851526260376e-02 -8.871784084476530552e-04 8.279530331492424011e-03 -8.706291555427014828e-04 -2.696299739181995392e-02 -6.161479651927947998e-02 -9.374030679464340210e-02 -1.145748272538185120e-01 -1.204242706298828125e-01 -1.117544546723365784e-01 -8.974053710699081421e-02 -5.320386588573455811e-02 1.263298792764544487e-03 7.530837506055831909e-02 1.631840616464614868e-01 2.485212087631225586e-01 3.069690763950347900e-01 3.151553869247436523e-01 2.625020742416381836e-01 1.598627865314483643e-01 3.947022184729576111e-02 -5.556153878569602966e-02 -8.862089365720748901e-02 -4.620020464062690735e-02 5.449669808149337769e-02 1.714754700660705566e-01 2.556019425392150879e-01 2.722845077514648438e-01 2.170886695384979248e-01 1.176995784044265747e-01 2.102296613156795502e-02 -2.862726338207721710e-02 -9.938954375684261322e-03 6.605055928230285645e-02 1.619294732809066772e-01 2.320112437009811401e-01 2.435742616653442383e-01 1.910054385662078857e-01 9.644240140914916992e-02 -2.626365050673484802e-03 -7.197164744138717651e-02 -9.593784809112548828e-02 -8.218138664960861206e-02 -5.434777587652206421e-02 -3.743591159582138062e-02 -4.404170811176300049e-02 -6.867150962352752686e-02 -9.260255098342895508e-02 -9.599331021308898926e-02 -7.020612061023712158e-02 -2.349433675408363342e-02 2.293882705271244049e-02 4.618739709258079529e-02 3.398859128355979919e-02 -8.473440073430538177e-03 -6.082884222269058228e-02 -9.749273210763931274e-02 -1.000075265765190125e-01 -6.539891660213470459e-02 -6.536989007145166397e-03 5.518724396824836731e-02 1.006409600377082825e-01 1.214716807007789612e-01 1.222472488880157471e-01 1.157164350152015686e-01 1.143208220601081848e-01 1.227985471487045288e-01 1.357498466968536377e-01 1.410946249961853027e-01 1.271514147520065308e-01 8.932790160179138184e-02 3.293535485863685608e-02 -2.904769219458103180e-02 -8.172652870416641235e-02 -1.143917664885520935e-01 -1.240116506814956665e-01 -1.148785054683685303e-01 -9.530118107795715332e-02 -7.356166094541549683e-02 -5.525813251733779907e-02 -4.290307685732841492e-02 -3.713235631585121155e-02 -3.805720433592796326e-02 -4.557397961616516113e-02 -5.852174386382102966e-02 -7.364398241043090820e-02 -8.561985194683074951e-02 -8.876445889472961426e-02 -7.979571074247360229e-02 -6.013532727956771851e-02 -3.620532900094985962e-02 -1.718082278966903687e-02 -1.110029313713312149e-02 -2.125549130141735077e-02 -4.474283754825592041e-02 -7.393895089626312256e-02 -1.000930517911911011e-01 -1.171124354004859924e-01 -1.235981509089469910e-01 -1.222627684473991394e-01 -1.173823773860931396e-01 -1.119978725910186768e-01 -1.065701693296432495e-01 -9.975254535675048828e-02 -9.053847938776016235e-02 -8.015708625316619873e-02 -7.227230817079544067e-02 -7.117626816034317017e-02 -7.902520149946212769e-02 -9.388383477926254272e-02 -1.099457815289497375e-01 -1.200227811932563782e-01 -1.190373599529266357e-01 -1.066601052880287170e-01 -8.774521201848983765e-02 -7.044737040996551514e-02 -6.301409006118774414e-02 -7.058131694793701172e-02 -9.292504936456680298e-02
-1.517383158206939697e-01 -8.959946036338806152e-02 -3.090180084109306335e-02 1.700481213629245758e-02 4.486300796270370483e-02 4.912253096699714661e-02 3.441144153475761414e-02 1.114823110401630402e-02 -9.807002730667591095e-03 -2.233847230672836304e-02 -2.728233672678470612e-02 -3.066527657210826874e-02 -3.928144276142120361e-02 -5.633248016238212585e-02 -7.958885282278060913e-02 -1.028211936354637146e-01 -1.192145496606826782e-01 -1.243963837623596191e-01 -1.172311902046203613e-01 -9.826463460922241211e-02 -6.746947020292282104e-02 -2.352994494140148163e-02 3.416765108704566956e-02 1.017777174711227417e-01 1.681852638721466064e-01 2.160061299800872803e-01 2.274110615253448486e-01 1.928164362907409668e-01 1.181085556745529175e-01 2.587041817605495453e-02 -5.145784467458724976e-02 -8.447501063346862793e-02 -6.017169356346130371e-02 1.088310871273279190e-02 9.775029122829437256e-02 1.620868891477584839e-01 1.752745658159255981e-01 1.316660791635513306e-01 5.140636488795280457e-02 -2.883165888488292694e-02 -7.295827567577362061e-02 -6.225834414362907410e-02 -3.791780211031436920e-03 7.353688031435012817e-02 1.330837011337280273e-01 1.476303040981292725e-01 1.111887320876121521e-01 3.999173268675804138e-02 -3.715335950255393982e-02 -9.363351017236709595e-02 -1.171215102076530457e-01 -1.130464747548103333e-01 -9.838054329156875610e-02 -8.989609032869338989e-02 -9.380225837230682373e-02 -1.025627478957176208e-01 -1.004448756575584412e-01 -7.436021417379379272e-02 -2.358440682291984558e-02 3.741038218140602112e-02 8.491867780685424805e-02 9.775732457637786865e-02 6.855021417140960693e-02 8.442974649369716644e-03 -5.738071724772453308e-02 -1.011414900422096252e-01 -1.049978807568550110e-01 -6.834264844655990601e-02 -6.419543176889419556e-03 5.856551602482795715e-02 1.088265106081962585e-01 1.388181000947952271e-01 1.556509286165237427e-01 1.724196374416351318e-01 1.985673457384109497e-01 2.328332066535949707e-01 2.626963257789611816e-01 2.705452740192413330e-01 2.431302815675735474e-01 1.791699528694152832e-01 9.110615402460098267e-02 1.963249378604814410e-04 -7.239590585231781006e-02 -1.139638945460319519e-01 -1.241224333643913269e-01 -1.128127425909042358e-01 -9.415082633495330811e-02 -7.969196140766143799e-02 -7.447195798158645630e-02 -7.721558958292007446e-02 -8.363832533359527588e-02 -9.023946523666381836e-02 -9.616488218307495117e-02 -1.023262664675712585e-01 -1.089045405387878418e-01 -1.134155318140983582e-01 -1.110640466213226318e-01 -9.749594330787658691e-02 -7.232528924942016602e-02 -4.107644036412239075e-02 -1.393444556742906570e-02 -1.522769220173358917e-03 -9.750702418386936188e-03 -3.649619221687316895e-02 -7.204811275005340576e-02 -1.032679155468940735e-01 -1.194390505552291870e-01 -1.168700978159904480e-01 -1.000008881092071533e-01 -7.863239943981170654e-02 -6.290931254625320435e-02 -5.872838199138641357e-02 -6.580822914838790894e-02 -7.905898988246917725e-02 -9.209054708480834961e-02 -1.007015183568000793e-01 -1.044847220182418823e-01 -1.059769392013549805e-01 -1.082396730780601501e-01 -1.125272735953330994e-01 -1.174206510186195374e-01 -1.197873726487159729e-01 -1.168817505240440369e-01 -1.084265261888504028e-01 -9.772297739982604980e-02 -9.130340069532394409e-02 -9.684573858976364136e-02 -1.188856214284896851e-01
-1.745533496141433716e-01 -9.239015728235244751e-02 -8.285455405712127686e-03 6.898979842662811279e-02 1.239674836397171021e-01 1.454614251852035522e-01 1.326145082712173462e-01 9.499494731426239014e-02 4.773414134979248047e-02 4.697471857070922852e-03 -2.673030830919742584e-02 -4.689133167266845703e-02 -6.111900508403778076e-02 -7.511340826749801636e-02 -9.124280512332916260e-02 -1.076382324099540710e-01 -1.200378164649009705e-01 -1.246950626373291016e-01 -1.202715039253234863e-01 -1.076323837041854858e-01 -8.811134845018386841e-02 -6.196090206503868103e-02 -2.856364101171493530e-02 1.138900220394134521e-02 5.323237553238868713e-02 8.748310059309005737e-02 1.023737341165542603e-01 8.930058032274246216e-02 4.856919124722480774e-02 -8.052666671574115753e-03 -6.030581146478652954e-02 -8.747481554746627808e-02 -7.805186510086059570e-02 -3.615587204694747925e-02 1.905440352857112885e-02 6.142380833625793457e-02 6.987074017524719238e-02 3.868243470788002014e-02 -1.923162117600440979e-02 -7.806377112865447998e-02 -1.112455204129219055e-01 -1.041028350591659546e-01 -6.076638028025627136e-02 -1.932629267685115337e-03 4.529210180044174194e-02 6.024290993809700012e-02 3.777238354086875916e-02 -1.078187860548496246e-02 -6.472253799438476562e-02 -1.049839556217193604e-01 -1.229484081268310547e-01 -1.225560158491134644e-01 -1.151142790913581848e-01 -1.103526800870895386e-01 -1.092977374792098999e-01 -1.033465117216110229e-01 -8.019093424081802368e-02 -3.311783447861671448e-02 3.196128457784652710e-02 9.633295238018035889e-02 1.359842866659164429e-01 1.332326233386993408e-01 8.638176321983337402e-02 1.206424552947282791e-02 -6.134633347392082214e-02 -1.061604991555213928e-01 -1.074142083525657654e-01 -6.846783310174942017e-02 -7.497170474380254745e-03 5.298897996544837952e-02 9.785164147615432739e-02 1.259948164224624634e-01 1.486257612705230713e-01 1.803681254386901855e-01 2.283912301063537598e-01 2.857631444931030273e-01 3.328933417797088623e-01 3.465054929256439209e-01 3.114820122718811035e-01 2.293509095907211304e-01 1.189418509602546692e-01 8.829585276544094086e-03 -7.461243867874145508e-02 -1.176255568861961365e-01 -1.230560839176177979e-01 -1.065237298607826233e-01 -8.737085014581680298e-02 -7.937672734260559082e-02 -8.582964539527893066e-02 -1.007870584726333618e-01 -1.148736029863357544e-01 -1.217143982648849487e-01 -1.212220042943954468e-01 -1.182081177830696106e-01 -1.177465617656707764e-01 -1.206227988004684448e-01 -1.219993233680725098e-01 -1.143072098493576050e-01 -9.265182912349700928e-02 -5.933420360088348389e-02 -2.444440685212612152e-02 -1.693530590273439884e-03 -1.443816698156297207e-03 -2.466585114598274231e-02 -6.126111745834350586e-02 -9.396576136350631714e-02 -1.061034128069877625e-01 -8.938966691493988037e-02 -4.792017489671707153e-02 3.583984682336449623e-03 4.630974307656288147e-02 6.539810448884963989e-02 5.568710342049598694e-02 2.272067591547966003e-02 -2.092931419610977173e-02 -6.176349148154258728e-02 -9.075858443975448608e-02 -1.057461202144622803e-01 -1.102607622742652893e-01 -1.101322621107101440e-01 -1.099368557333946228e-01 -1.110792458057403564e-01 -1.121683418750762939e-01 -1.111927106976509094e-01 -1.082843393087387085e-01 -1.075940579175949097e-01 -1.166621893644332886e-01 -1.414078325033187866e-01
-1.898199319839477539e-01 -9.547851234674453735e-02 2.686858410015702248e-03 9.745147824287414551e-02 1.711440086364746094e-01 2.077507227659225464e-01 2.014185935258865356e-01 1.590619385242462158e-01 9.689853340387344360e-02 3.328176587820053101e-02 -1.838063262403011322e-02 -5.332209542393684387e-02 -7.451820373535156250e-02 -8.847058564424514771e-02 -1.004705876111984253e-01 -1.119529604911804199e-01 -1.209387853741645813e-01 -1.246012598276138306e-01 -1.218625158071517944e-01 -1.142333149909973145e-01 -1.045290082693099976e-01 -9.463880956172943115e-02 -8.417090028524398804e-02 -7.113861292600631714e-02 -5.434054508805274963e-02 -3.574205189943313599e-02 -2.092220820486545563e-02 -1.675604097545146942e-02 -2.732750773429870605e-02 -5.046858638525009155e-02 -7.733086496591567993e-02 -9.585899114608764648e-02 -9.675026684999465942e-02 -7.878407835960388184e-02 -5.038206279277801514e-02 -2.608302421867847443e-02 -1.937884651124477386e-02 -3.552372381091117859e-02 -6.821744143962860107e-02 -1.021871790289878845e-01 -1.205904856324195862e-01 -1.135103628039360046e-01 -8.310581743717193604e-02 -4.267301037907600403e-02 -1.008868124336004257e-02 8.999053388833999634e-04 -1.304026693105697632e-02 -4.415275901556015015e-02 -7.858077436685562134e-02 -1.039654612541198730e-01 -1.152636706829071045e-01 -1.155915930867195129e-01 -1.119337156414985657e-01 -1.086676493287086487e-01 -1.032113954424858093e-01 -8.686206489801406860e-02 -5.072497576475143433e-02 6.643850356340408325e-03 7.468748092651367188e-02 1.328174173831939697e-01 1.587873101234436035e-01 1.395808011293411255e-01 7.908283919095993042e-02 -1.924643409438431263e-03 -7.405900210142135620e-02 -1.121293976902961731e-01 -1.060677245259284973e-01 -6.440922617912292480e-02 -8.534458465874195099e-03 3.926177322864532471e-02 6.750766187906265259e-02 8.080542832612991333e-02 9.577408432960510254e-02 1.299041211605072021e-01 1.894497722387313843e-01 2.631273567676544189e-01 3.253777325153350830e-01 3.478708565235137939e-01 3.134832680225372314e-01 2.255495935678482056e-01 1.075429394841194153e-01 -6.765215657651424408e-03 -8.777726441621780396e-02 -1.220336034893989563e-01 -1.160029321908950806e-01 -9.036775678396224976e-02 -6.832435727119445801e-02 -6.421880424022674561e-02 -7.820976525545120239e-02 -9.906869381666183472e-02 -1.127485781908035278e-01 -1.114242970943450928e-01 -9.784502536058425903e-02 -8.282559365034103394e-02 -7.776449620723724365e-02 -8.690023422241210938e-02 -1.040560901165008545e-01 -1.159160733222961426e-01 -1.100087389349937439e-01 -8.275792002677917480e-02 -4.278928786516189575e-02 -7.261810824275016785e-03 7.107784040272235870e-03 -6.398321595042943954e-03 -3.960534930229187012e-02 -7.213445007801055908e-02 -8.065959811210632324e-02 -5.027129873633384705e-02 1.766440272331237793e-02 1.050410196185112000e-01 1.841754168272018433e-01 2.291579246520996094e-01 2.260958254337310791e-01 1.777622401714324951e-01 1.010562181472778320e-01 1.908784359693527222e-02 -4.808014631271362305e-02 -8.992916345596313477e-02 -1.069505289196968079e-01 -1.074187085032463074e-01 -1.018273830413818359e-01 -9.792799502611160278e-02 -9.848007559776306152e-02 -1.022549271583557129e-01 -1.073271110653877258e-01 -1.146671101450920105e-01 -1.294464021921157837e-01 -1.569991856813430786e-01
-1.865264177322387695e-01 -9.727404266595840454e-02 -5.293205846101045609e-03 8.754314482212066650e-02 1.656825393438339233e-01 2.112768441438674927e-01 2.141288518905639648e-01 1.767704039812088013e-01 1.131941601634025574e-01 4.258484765887260437e-02 -1.846159994602203369e-02 -6.140657141804695129e-02 -8.668577671051025391e-02 -1.004048585891723633e-01 -1.092613711953163147e-01 -1.167025193572044373e-01 -1.221710592508316040e-01 -1.232323944568634033e-01 -1.186848431825637817e-01 -1.103868409991264343e-01 -1.026015356183052063e-01 -9.940145909786224365e-02 -1.019689589738845825e-01 -1.076822057366371155e-01 -1.116921603679656982e-01 -1.100533679127693176e-01 -1.024184003472328186e-01 -9.251983463764190674e-02 -8.602079004049301147e-02 -8.698172122240066528e-02 -9.512194991111755371e-02 -1.056492626667022705e-01 -1.118999868631362915e-01 -1.092932075262069702e-01 -9.822020679712295532e-02 -8.403944969177246094e-02 -7.403919100761413574e-02 -7.307449728250503540e-02 -8.046500384807586670e-02 -9.008900076150894165e-02 -9.376795589923858643e-02 -8.607141673564910889e-02 -6.775967776775360107e-02 -4.579707235097885132e-02 -2.983177453279495239e-02 -2.710685506463050842e-02 -3.871109336614608765e-02 -5.930529907345771790e-02 -8.040002733469009399e-02 -9.513005614280700684e-02 -1.015654951333999634e-01 -1.025117486715316772e-01 -1.019790321588516235e-01 -1.007136553525924683e-01 -9.398391842842102051e-02 -7.360214740037918091e-02 -3.354229778051376343e-02 2.399775572121143341e-02 8.606250584125518799e-02 1.323553621768951416e-01 1.437897235155105591e-01 1.121920272707939148e-01 4.595355689525604248e-02 -3.194829449057579041e-02 -9.333068132400512695e-02 -1.173366531729698181e-01 -9.985674917697906494e-02 -5.484080314636230469e-02 -6.545200943946838379e-03 2.346560731530189514e-02 2.780391648411750793e-02 1.704628020524978638e-02 1.356827095150947571e-02 3.845677152276039124e-02 9.837045520544052124e-02 1.794989258050918579e-01 2.522327899932861328e-01 2.845911681652069092e-01 2.577754557132720947e-01 1.759328246116638184e-01 6.505454331636428833e-02 -3.855456411838531494e-02 -1.044846326112747192e-01 -1.210390105843544006e-01 -9.846406430006027222e-02 -6.143800541758537292e-02 -3.519557043910026550e-02 -3.276266530156135559e-02 -4.985593631863594055e-02 -6.964564323425292969e-02 -7.419361174106597900e-02 -5.587702617049217224e-02 -2.234178408980369568e-02 7.706745993345975876e-03 1.538679655641317368e-02 -7.029893808066844940e-03 -5.082741752266883850e-02 -9.473762661218643188e-02 -1.160612255334854126e-01 -1.030078157782554626e-01 -6.145005300641059875e-02 -1.220123190432786942e-02 2.000674046576023102e-02 2.016155794262886047e-02 -7.993402890861034393e-03 -4.248227924108505249e-02 -5.326071009039878845e-02 -1.715367846190929413e-02 6.977082043886184692e-02 1.884945631027221680e-01 3.038609921932220459e-01 3.786979019641876221e-01 3.887002468109130859e-01 3.314547836780548096e-01 2.260408997535705566e-01 1.041329652070999146e-01 -2.798736561089754105e-03 -7.440973818302154541e-02 -1.063165515661239624e-01 -1.078877300024032593e-01 -9.520886093378067017e-02 -8.310412615537643433e-02 -7.977622002363204956e-02 -8.586880564689636230e-02 -9.758561104536056519e-02 -1.117558255791664124e-01 -1.296539157629013062e-01 -1.557078510522842407e-01
-1.479756683111190796e-01 -8.798141032457351685e-02 -2.703810483217239380e-02 4.175954684615135193e-02 1.084014773368835449e-01 1.554251760244369507e-01 1.685996651649475098e-01 1.444437652826309204e-01 9.176634997129440308e-02 2.728634886443614960e-02 -3.188003599643707275e-02 -7.486882805824279785e-02 -9.973832964897155762e-02 -1.114439666271209717e-01 -1.169444993138313293e-01 -1.205632016062736511e-01 -1.221683695912361145e-01 -1.187874004244804382e-01 -1.081568673253059387e-01 -9.166517108678817749e-02 -7.470751553773880005e-02 -6.420415639877319336e-02 -6.483469903469085693e-02 -7.632753998041152954e-02 -9.348327666521072388e-02 -1.089473590254783630e-01 -1.171102449297904968e-01 -1.168758496642112732e-01 -1.117561683058738708e-01 -1.073540821671485901e-01 -1.078120991587638855e-01 -1.133418083190917969e-01 -1.202179566025733948e-01 -1.231087371706962585e-01 -1.182433143258094788e-01 -1.055035740137100220e-01 -8.827811479568481445e-02 -7.133019715547561646e-02 -5.811966583132743835e-02 -4.926173016428947449e-02 -4.298474267125129700e-02 -3.711844608187675476e-02 -3.116084076464176178e-02 -2.696586400270462036e-02 -2.755836769938468933e-02 -3.488329425454139709e-02 -4.806827381253242493e-02 -6.348814815282821655e-02 -7.671973854303359985e-02 -8.513382822275161743e-02 -8.930046856403350830e-02 -9.204197674989700317e-02 -9.552820771932601929e-02 -9.830355644226074219e-02 -9.453877806663513184e-02 -7.668432593345642090e-02 -4.058421030640602112e-02 9.776973165571689606e-03 6.112193688750267029e-02 9.498179703950881958e-02 9.583652764558792114e-02 5.946192145347595215e-02 -3.118965309113264084e-03 -6.890304386615753174e-02 -1.126039177179336548e-01 -1.183901056647300720e-01 -8.772059530019760132e-02 -3.888534381985664368e-02 2.067101886495947838e-03 1.476666424423456192e-02 -4.522275645285844803e-03 -4.035742953419685364e-02 -6.576929241418838501e-02 -5.655654519796371460e-02 -4.970040637999773026e-03 7.448969781398773193e-02 1.505952030420303345e-01 1.898651719093322754e-01 1.728641539812088013e-01 1.040534451603889465e-01 1.006864290684461594e-02 -7.281598448753356934e-02 -1.157155409455299377e-01 -1.100267022848129272e-01 -6.974857300519943237e-02 -2.235337533056735992e-02 6.681584753096103668e-03 7.322609890252351761e-03 -1.072790473699569702e-02 -2.500250563025474548e-02 -1.447412837296724319e-02 2.697558701038360596e-02 8.541576564311981201e-02 1.331305503845214844e-01 1.431363075971603394e-01 1.042083874344825745e-01 2.821375988423824310e-02 -5.449453368782997131e-02 -1.095583587884902954e-01 -1.155980676412582397e-01 -7.484746724367141724e-02 -1.176037732511758804e-02 3.989628329873085022e-02 5.495470389723777771e-02 3.058040700852870941e-02 -1.131983194500207901e-02 -3.447008132934570312e-02 -6.396595854312181473e-03 8.449382334947586060e-02 2.212797552347183228e-01 3.640505969524383545e-01 4.659700691699981689e-01 4.923799633979797363e-01 4.343291819095611572e-01 3.108974695205688477e-01 1.600815504789352417e-01 2.309428527951240540e-02 -7.068495452404022217e-02 -1.119988411664962769e-01 -1.108514890074729919e-01 -8.836488425731658936e-02 -6.599091738462448120e-02 -5.702057853341102600e-02 -6.351505964994430542e-02 -7.905778288841247559e-02 -9.532298147678375244e-02 -1.089486330747604370e-01 -1.244120821356773376e-01
-6.165097281336784363e-02 -5.520618334412574768e-02 -4.756610840559005737e-02 -2.095034345984458923e-02 2.181283384561538696e-02 6.443461030721664429e-02 8.832161873579025269e-02 8.256656676530838013e-02 4.867884144186973572e-02 -1.298490562476217747e-03 -5.144438147544860840e-02 -8.945568650960922241e-02 -1.110900416970252991e-01 -1.197086498141288757e-01 -1.219111606478691101e-01 -1.222923472523689270e-01 -1.205181032419204712e-01 -1.122579947113990784e-01 -9.309307485818862915e-02 -6.276945024728775024e-02 -2.706395089626312256e-02 3.968264441937208176e-03 2.042916044592857361e-02 1.721539907157421112e-02 -3.690041601657867432e-03 -3.443951904773712158e-02 -6.524863094091415405e-02 -8.880407363176345825e-02 -1.028284728527069092e-01 -1.096766889095306396e-01 -1.135672330856323242e-01 -1.172991544008255005e-01 -1.203973442316055298e-01 -1.196115314960479736e-01 -1.112389639019966125e-01 -9.372842311859130859e-02 -6.900324672460556030e-02 -4.183249175548553467e-02 -1.777482405304908752e-02 -9.749481687322258949e-04 6.999670062214136124e-03 6.886233109980821609e-03 5.434404010884463787e-04 -1.017168816179037094e-02 -2.376919798552989960e-02 -3.876739367842674255e-02 -5.326744914054870605e-02 -6.516211479902267456e-02 -7.309722900390625000e-02 -7.752683758735656738e-02 -8.084803074598312378e-02 -8.603651821613311768e-02 -9.425166249275207520e-02 -1.028677672147750854e-01 -1.055650711059570312e-01 -9.515580534934997559e-02 -6.813499331474304199e-02 -2.850936166942119598e-02 1.172705460339784622e-02 3.666104003787040710e-02 3.378170356154441833e-02 1.078172819688916206e-03 -5.009246990084648132e-02 -9.866522252559661865e-02 -1.230725422501564026e-01 -1.118247583508491516e-01 -7.002126425504684448e-02 -1.792785339057445526e-02 1.838140189647674561e-02 2.007732354104518890e-02 -1.424416620284318924e-02 -6.680645793676376343e-02 -1.088023558259010315e-01 -1.147895529866218567e-01 -7.615736871957778931e-02 -6.588077172636985779e-03 6.370910257101058960e-02 1.024733334779739380e-01 9.140983968973159790e-02 3.554193302989006042e-02 -3.905737772583961487e-02 -9.815421700477600098e-02 -1.162950769066810608e-01 -8.902331441640853882e-02 -3.400033339858055115e-02 1.950883679091930389e-02 4.711772128939628601e-02 4.284047335386276245e-02 2.221954241394996643e-02 1.316290721297264099e-02 3.927703201770782471e-02 1.047307178378105164e-01 1.891532093286514282e-01 2.559260129928588867e-01 2.701142132282257080e-01 2.169520556926727295e-01 1.111327633261680603e-01 -8.377538062632083893e-03 -9.591580927371978760e-02 -1.205358505249023438e-01 -8.052875101566314697e-02 -3.624609671533107758e-03 6.739687919616699219e-02 9.658802300691604614e-02 7.328026741743087769e-02 1.783543452620506287e-02 -2.825147099792957306e-02 -2.309137582778930664e-02 5.414409190416336060e-02 1.914554387331008911e-01 3.475392758846282959e-01 4.688164293766021729e-01 5.118792057037353516e-01 4.610672891139984131e-01 3.336216807365417480e-01 1.709534823894500732e-01 2.088605985045433044e-02 -8.073122799396514893e-02 -1.212535127997398376e-01 -1.115870550274848938e-01 -7.711378484964370728e-02 -4.445425793528556824e-02 -3.024608641862869263e-02 -3.628589957952499390e-02 -5.216977745294570923e-02 -6.358249485492706299e-02 -6.253901124000549316e-02 -5.509296059608459473e-02
6.906674057245254517e-02 6.569999735802412033e-03 -5.101064965128898621e-02 -7.456304877996444702e-02 -6.010763347148895264e-02 -2.350423298776149750e-02 1.138830464333295822e-02 2.528687566518783569e-02 1.153578609228134155e-02 -2.311384677886962891e-02 -6.417874991893768311e-02 -9.779852628707885742e-02 -1.171263679862022400e-01 -1.236922293901443481e-01 -1.237412691116333008e-01 -1.223491206765174866e-01 -1.191322058439254761e-01 -1.081508547067642212e-01 -8.197117596864700317e-02 -3.736720979213714600e-02 2.079172059893608093e-02 7.986096292734146118e-02 1.239666342735290527e-01 1.404869705438613892e-01 1.252004802227020264e-01 8.364529162645339966e-02 2.828576043248176575e-02 -2.681010775268077850e-02 -7.104173302650451660e-02 -9.983642399311065674e-02 -1.140267327427864075e-01 -1.170886754989624023e-01 -1.121898144483566284e-01 -1.007046625018119812e-01 -8.268889039754867554e-02 -5.854840204119682312e-02 -3.052460215985774994e-02 -2.919905586168169975e-03 1.909653097391128540e-02 3.136254101991653442e-02 3.219446539878845215e-02 2.272837981581687927e-02 6.137608084827661514e-03 -1.366403046995401382e-02 -3.311413526535034180e-02 -4.953933507204055786e-02 -6.129113957285881042e-02 -6.786101311445236206e-02 -7.014642655849456787e-02 -7.059521228075027466e-02 -7.269688695669174194e-02 -7.953594624996185303e-02 -9.181699156761169434e-02 -1.064622625708580017e-01 -1.169969439506530762e-01 -1.161868870258331299e-01 -1.000534296035766602e-01 -7.122242450714111328e-02 -3.939515724778175354e-02 -1.791393011808395386e-02 -1.748712919652462006e-02 -4.003515839576721191e-02 -7.613293081521987915e-02 -1.081063449382781982e-01 -1.180034056305885315e-01 -9.683272242546081543e-02 -5.026426538825035095e-02 2.690961817279458046e-03 3.809772804379463196e-02 3.886333853006362915e-02 3.942838404327630997e-03 -5.008145049214363098e-02 -9.644880145788192749e-02 -1.113922521471977234e-01 -8.645911514759063721e-02 -3.345130756497383118e-02 2.099023200571537018e-02 4.877911880612373352e-02 3.502026572823524475e-02 -1.380354072898626328e-02 -7.265810668468475342e-02 -1.106436401605606079e-01 -1.070574074983596802e-01 -6.231001764535903931e-02 2.339535858482122421e-03 5.641158670186996460e-02 7.719655334949493408e-02 6.294140219688415527e-02 3.475080057978630066e-02 2.555203996598720551e-02 6.146821379661560059e-02 1.453782320022583008e-01 2.518203854560852051e-01 3.368334770202636719e-01 3.585821092128753662e-01 2.986958920955657959e-01 1.733545511960983276e-01 2.792371064424514771e-02 -8.290968090295791626e-02 -1.201401501893997192e-01 -7.837580144405364990e-02 1.224474702030420303e-02 1.012727022171020508e-01 1.429479420185089111e-01 1.187426000833511353e-01 4.640225693583488464e-02 -2.891301736235618591e-02 -5.700680986046791077e-02 -7.623619865626096725e-03 1.140085756778717041e-01 2.683568894863128662e-01 3.986351490020751953e-01 4.554225206375122070e-01 4.173437654972076416e-01 2.986982464790344238e-01 1.414578706026077271e-01 -3.657244844362139702e-03 -9.780658036470413208e-02 -1.272763162851333618e-01 -1.045432165265083313e-01 -5.829952657222747803e-02 -1.823306456208229065e-02 -1.780267921276390553e-03 -8.199019357562065125e-03 -2.164671756327152252e-02 -2.145460620522499084e-02 4.307886585593223572e-03 4.658517986536026001e-02
2.190714180469512939e-01 8.857073634862899780e-02 -3.054657578468322754e-02 -9.875476360321044922e-02 -1.072281375527381897e-01 -7.321114838123321533e-02 -2.689685672521591187e-02 3.880927106365561485e-03 4.896332044154405594e-03 -2.128379233181476593e-02 -6.030725315213203430e-02 -9.558674693107604980e-02 -1.169559955596923828e-01 -1.240759864449501038e-01 -1.235027983784675598e-01 -1.219249963760375977e-01 -1.200411617755889893e-01 -1.108920648694038391e-01 -8.369416743516921997e-02 -3.097339347004890442e-02 4.510980471968650818e-02 1.309335529804229736e-01 2.053535282611846924e-01 2.476397156715393066e-01 2.456321567296981812e-01 2.003415822982788086e-01 1.251098215579986572e-01 4.010955989360809326e-02 -3.500454127788543701e-02 -8.702338486909866333e-02 -1.115732043981552124e-01 -1.118148863315582275e-01 -9.497114270925521851e-02 -6.878919154405593872e-02 -3.946119174361228943e-02 -1.131239254027605057e-02 1.248076558113098145e-02 2.921602502465248108e-02 3.669636696577072144e-02 3.388774394989013672e-02 2.159526199102401733e-02 2.543674549087882042e-03 -1.931506767868995667e-02 -3.993180766701698303e-02 -5.616965144872665405e-02 -6.631691008806228638e-02 -7.012143731117248535e-02 -6.863579154014587402e-02 -6.410235166549682617e-02 -5.979092419147491455e-02 -5.943950638175010681e-02 -6.604477018117904663e-02 -8.024114370346069336e-02 -9.909048676490783691e-02 -1.162980347871780396e-01 -1.243633180856704712e-01 -1.180963739752769470e-01 -9.786392003297805786e-02 -7.060636579990386963e-02 -4.749075695872306824e-02 -3.878642618656158447e-02 -4.829122871160507202e-02 -7.034083455801010132e-02 -9.149085730314254761e-02 -9.665564447641372681e-02 -7.695665210485458374e-02 -3.521144017577171326e-02 1.420038007199764252e-02 5.162551254034042358e-02 6.178055331110954285e-02 4.184094816446304321e-02 3.481427673250436783e-03 -3.268050029873847961e-02 -4.773604124784469604e-02 -3.474518284201622009e-02 -2.948996843770146370e-03 2.676721848547458649e-02 3.319783136248588562e-02 7.067662198096513748e-03 -4.256007820367813110e-02 -9.169898927211761475e-02 -1.134676113724708557e-01 -9.264976531267166138e-02 -3.487625345587730408e-02 3.505847975611686707e-02 8.560942113399505615e-02 9.555447101593017578e-02 6.665017455816268921e-02 2.454355731606483459e-02 6.477441173046827316e-03 4.138630628585815430e-02 1.325008869171142578e-01 2.519863545894622803e-01 3.514486551284790039e-01 3.840861022472381592e-01 3.279483020305633545e-01 1.985787451267242432e-01 4.410316422581672668e-02 -7.564230263233184814e-02 -1.163040921092033386e-01 -6.944239139556884766e-02 3.386265411972999573e-02 1.381997615098953247e-01 1.905905902385711670e-01 1.659085750579833984e-01 7.867295295000076294e-02 -2.439175918698310852e-02 -8.726548403501510620e-02 -7.181656360626220703e-02 2.379881590604782104e-02 1.640749275684356689e-01 2.924764156341552734e-01 3.569417297840118408e-01 3.323931694030761719e-01 2.300968170166015625e-01 9.044414758682250977e-02 -3.635001555085182190e-02 -1.119355857372283936e-01 -1.239756941795349121e-01 -8.725819736719131470e-02 -3.277388215065002441e-02 8.967546746134757996e-03 2.235571108758449554e-02 1.278697326779365540e-02 2.509575570002198219e-03 1.819184422492980957e-02 7.447723299264907837e-02 1.583659499883651733e-01
3.470366001129150391e-01 1.677656322717666626e-01 6.652362179011106491e-03 -8.821054548025131226e-02 -1.059123724699020386e-01 -6.716728955507278442e-02 -9.161504916846752167e-03 3.256533294916152954e-02 3.819365799427032471e-02 8.624881505966186523e-03 -3.947630524635314941e-02 -8.495216816663742065e-02 -1.134371608495712280e-01 -1.229620575904846191e-01 -1.216567233204841614e-01 -1.197499781847000122e-01 -1.210351362824440002e-01 -1.189688518643379211e-01 -9.973592311143875122e-02 -5.060420185327529907e-02 3.107983432710170746e-02 1.332893222570419312e-01 2.318399250507354736e-01 2.990932464599609375e-01 3.148119747638702393e-01 2.741790413856506348e-01 1.895104646682739258e-01 8.525613695383071899e-02 -1.112293265759944916e-02 -7.831336557865142822e-02 -1.067837104201316833e-01 -9.936290979385375977e-02 -6.758534163236618042e-02 -2.615118212997913361e-02 1.198985893279314041e-02 3.840280696749687195e-02 4.961749538779258728e-02 4.609170556068420410e-02 3.075033053755760193e-02 7.779906038194894791e-03 -1.820107549428939819e-02 -4.279710352420806885e-02 -6.247184798121452332e-02 -7.508356124162673950e-02 -8.009479194879531860e-02 -7.834012061357498169e-02 -7.150977104902267456e-02 -6.169700995087623596e-02 -5.126553028821945190e-02 -4.295047000050544739e-02 -3.977592661976814270e-02 -4.436058551073074341e-02 -5.760024860501289368e-02 -7.733925431966781616e-02 -9.802456945180892944e-02 -1.120948120951652527e-01 -1.129724830389022827e-01 -9.843952953815460205e-02 -7.256808876991271973e-02 -4.476882517337799072e-02 -2.588084898889064789e-02 -2.291335165500640869e-02 -3.509021922945976257e-02 -5.351866781711578369e-02 -6.508986651897430420e-02 -5.894080549478530884e-02 -3.221508860588073730e-02 8.046921342611312866e-03 4.816206544637680054e-02 7.469642907381057739e-02 8.134814351797103882e-02 7.195840775966644287e-02 5.777985602617263794e-02 5.035009235143661499e-02 5.398812890052795410e-02 6.244969367980957031e-02 6.216039136052131653e-02 4.070943966507911682e-02 -4.024337977170944214e-03 -5.964799225330352783e-02 -1.032056361436843872e-01 -1.121571958065032959e-01 -7.699110358953475952e-02 -8.464394137263298035e-03 6.533467024564743042e-02 1.117561906576156616e-01 1.103478595614433289e-01 6.493671238422393799e-02 4.017210099846124649e-03 -3.195666149258613586e-02 -1.090906746685504913e-02 7.288285344839096069e-02 1.927633583545684814e-01 2.997333109378814697e-01 3.446604311466217041e-01 3.022830486297607422e-01 1.850827783346176147e-01 3.956982865929603577e-02 -7.402586936950683594e-02 -1.093681156635284424e-01 -5.571935698390007019e-02 5.691871047019958496e-02 1.719765812158584595e-01 2.331492006778717041e-01 2.110159993171691895e-01 1.166521683335304260e-01 -4.209704697132110596e-03 -9.343673288822174072e-02 -1.082492619752883911e-01 -4.110889136791229248e-02 7.750725746154785156e-02 1.942019909620285034e-01 2.578011155128479004e-01 2.422656714916229248e-01 1.567729860544204712e-01 3.907043859362602234e-02 -6.360879540443420410e-02 -1.162085905671119690e-01 -1.098037809133529663e-01 -6.207891926169395447e-02 -5.404815077781677246e-03 3.078780509531497955e-02 3.474794700741767883e-02 1.784414611756801605e-02 8.796658366918563843e-03 3.910651057958602905e-02 1.244926229119300842e-01 2.476098984479904175e-01
4.114734530448913574e-01 2.156782001256942749e-01 4.256993532180786133e-02 -5.374636873602867126e-02 -6.307357549667358398e-02 -1.115986891090869904e-02 5.805810913443565369e-02 1.032411754131317139e-01 1.019385531544685364e-01 5.662075430154800415e-02 -1.094559952616691589e-02 -7.319495081901550293e-02 -1.109328493475914001e-01 -1.211617588996887207e-01 -1.152393743395805359e-01 -1.092727482318878174e-01 -1.126377433538436890e-01 -1.212089359760284424e-01 -1.190561950206756592e-01 -8.763698488473892212e-02 -1.745699159801006317e-02 8.412278443574905396e-02 1.932194381952285767e-01 2.780126333236694336e-01 3.115859627723693848e-01 2.830522060394287109e-01 2.019851952791213989e-01 9.447330236434936523e-02 -7.061984390020370483e-03 -7.562047243118286133e-02 -9.811433404684066772e-02 -7.772670686244964600e-02 -3.018685989081859589e-02 2.357322908937931061e-02 6.498841196298599243e-02 8.293522894382476807e-02 7.521047443151473999e-02 4.693533107638359070e-02 7.330020423978567123e-03 -3.365021198987960815e-02 -6.785736978054046631e-02 -9.034536778926849365e-02 -9.969875961542129517e-02 -9.751570224761962891e-02 -8.729383349418640137e-02 -7.304255664348602295e-02 -5.806368961930274963e-02 -4.435532912611961365e-02 -3.285722061991691589e-02 -2.430314570665359497e-02 -2.002361044287681580e-02 -2.196866832673549652e-02 -3.164960816502571106e-02 -4.845492169260978699e-02 -6.842818111181259155e-02 -8.463110029697418213e-02 -8.948819339275360107e-02 -7.833090424537658691e-02 -5.239632353186607361e-02 -1.944560185074806213e-02 8.836244232952594757e-03 2.183046191930770874e-02 1.509065553545951843e-02 -7.060750853270292282e-03 -3.299655392765998840e-02 -4.882879927754402161e-02 -4.463344067335128784e-02 -1.874290779232978821e-02 2.203761786222457886e-02 6.625060737133026123e-02 1.034027859568595886e-01 1.281918287277221680e-01 1.410633772611618042e-01 1.451041996479034424e-01 1.416111737489700317e-01 1.276202052831649780e-01 9.754684567451477051e-02 4.842450469732284546e-02 -1.443019323050975800e-02 -7.544551044702529907e-02 -1.130564212799072266e-01 -1.092571020126342773e-01 -5.998392030596733093e-02 1.955986768007278442e-02 9.871092438697814941e-02 1.438966989517211914e-01 1.346344202756881714e-01 7.503768801689147949e-02 -5.747796501964330673e-03 -6.568370759487152100e-02 -6.963694840669631958e-02 -7.462117355316877365e-03 9.894995391368865967e-02 2.040720283985137939e-01 2.594556808471679688e-01 2.371838688850402832e-01 1.445392072200775146e-01 2.217642962932586670e-02 -7.402604818344116211e-02 -9.912777692079544067e-02 -4.074490070343017578e-02 7.453159987926483154e-02 1.933164894580841064e-01 2.605270147323608398e-01 2.453295290470123291e-01 1.554062664508819580e-01 3.273347392678260803e-02 -6.687782704830169678e-02 -1.003530398011207581e-01 -5.712421610951423645e-02 3.719928115606307983e-02 1.344628036022186279e-01 1.876552551984786987e-01 1.728156656026840210e-01 9.873072057962417603e-02 4.725968756247311831e-04 -7.907713204622268677e-02 -1.099822744727134705e-01 -8.808720111846923828e-02 -3.430561348795890808e-02 1.830241084098815918e-02 4.260539636015892029e-02 3.173225000500679016e-02 3.197422716766595840e-03 -8.772884495556354523e-03 3.030036948621273041e-02 1.354043334722518921e-01 2.848758995532989502e-01
3.899506628513336182e-01 2.119308710098266602e-01 5.795477703213691711e-02 -1.523359213024377823e-02 -5.129373166710138321e-04 7.079592347145080566e-02 1.493562608957290649e-01 1.907634437084197998e-01 1.732391268014907837e-01 1.038724631071090698e-01 1.173199526965618134e-02 -6.812690198421478271e-02 -1.117053329944610596e-01 -1.159391552209854126e-01 -9.709258377552032471e-02 -7.930433005094528198e-02 -7.985412329435348511e-02 -9.910351783037185669e-02 -1.203086450695991516e-01 -1.191637590527534485e-01 -7.786218822002410889e-02 3.760828403756022453e-03 1.057945787906646729e-01 1.958128362894058228e-01 2.427366375923156738e-01 2.303567230701446533e-01 1.642766743898391724e-01 6.937927007675170898e-02 -2.060807310044765472e-02 -7.648006826639175415e-02 -8.404526859521865845e-02 -4.776598885655403137e-02 1.308221928775310516e-02 7.320411503314971924e-02 1.109067872166633606e-01 1.148249134421348572e-01 8.586884289979934692e-02 3.471529856324195862e-02 -2.329340390861034393e-02 -7.355047017335891724e-02 -1.061341390013694763e-01 -1.175247058272361755e-01 -1.101851612329483032e-01 -9.062097966670989990e-02 -6.672096997499465942e-02 -4.518664255738258362e-02 -2.977238409221172333e-02 -2.084459736943244934e-02 -1.635617017745971680e-02 -1.376557257026433945e-02 -1.193928532302379608e-02 -1.197688281536102295e-02 -1.637325063347816467e-02 -2.684450522065162659e-02 -4.203428328037261963e-02 -5.663112178444862366e-02 -6.285867840051651001e-02 -5.403338745236396790e-02 -2.856604754924774170e-02 7.802450563758611679e-03 4.313768446445465088e-02 6.381653249263763428e-02 6.057489663362503052e-02 3.324158117175102234e-02 -8.289735764265060425e-03 -4.756441712379455566e-02 -6.806231290102005005e-02 -5.970468372106552124e-02 -2.242232114076614380e-02 3.461503610014915466e-02 9.728917479515075684e-02 1.518717855215072632e-01 1.887547373771667480e-01 2.032451331615447998e-01 1.940778940916061401e-01 1.616792827844619751e-01 1.080951243638992310e-01 3.894248604774475098e-02 -3.425620123744010925e-02 -9.404037147760391235e-02 -1.211540028452873230e-01 -1.022878214716911316e-01 -3.809072449803352356e-02 5.318756401538848877e-02 1.397857069969177246e-01 1.880277693271636963e-01 1.770060062408447266e-01 1.094393432140350342e-01 1.269241236150264740e-02 -7.180505245923995972e-02 -1.067655980587005615e-01 -7.660995423793792725e-02 4.311312921345233917e-03 9.753030538558959961e-02 1.582723855972290039e-01 1.570818871259689331e-01 9.472797065973281860e-02 2.726213308051228523e-03 -7.130242139101028442e-02 -8.665594458580017090e-02 -2.977989800274372101e-02 7.837384939193725586e-02 1.917314082384109497e-01 2.608289122581481934e-01 2.563118338584899902e-01 1.826800704002380371e-01 7.558023184537887573e-02 -1.587290316820144653e-02 -5.286331474781036377e-02 -2.495562285184860229e-02 4.623569175601005554e-02 1.191509142518043518e-01 1.536376178264617920e-01 1.306234300136566162e-01 6.041264533996582031e-02 -2.400925755500793457e-02 -8.460253477096557617e-02 -9.746254235506057739e-02 -6.386382132768630981e-02 -8.010575547814369202e-03 3.677647560834884644e-02 4.612338542938232422e-02 1.797594130039215088e-02 -2.495368383824825287e-02 -4.475183412432670593e-02 -6.175172515213489532e-03 1.033772230148315430e-01 2.582895159721374512e-01
2.911846637725830078e-01 1.551797837018966675e-01 4.283804073929786682e-02 9.196228347718715668e-03 5.654020234942436218e-02 1.485732048749923706e-01 2.328659147024154663e-01 2.650371193885803223e-01 2.268874347209930420e-01 1.321307122707366943e-01 1.795339770615100861e-02 -7.333452999591827393e-02 -1.138247102499008179e-01 -1.015486046671867371e-01 -5.889849364757537842e-02 -1.933023706078529358e-02 -9.460438042879104614e-03 -3.568347543478012085e-02 -8.181657642126083374e-02 -1.184970363974571228e-01 -1.191349029541015625e-01 -7.414970546960830688e-02 3.596382215619087219e-03 8.460886031389236450e-02 1.366321742534637451e-01 1.396264731884002686e-01 9.470692276954650879e-02 2.315288595855236053e-02 -4.353240504860877991e-02 -7.748965919017791748e-02 -6.590245664119720459e-02 -1.520875934511423111e-02 5.296732857823371887e-02 1.115722656250000000e-01 1.389082968235015869e-01 1.260268986225128174e-01 7.838001847267150879e-02 1.205655373632907867e-02 -5.305153504014015198e-02 -1.001568362116813660e-01 -1.202107518911361694e-01 -1.132577657699584961e-01 -8.680841326713562012e-02 -5.233661830425262451e-02 -2.124290168285369873e-02 -1.470776507630944252e-03 4.370840732008218765e-03 -1.047997968271374702e-03 -1.166570745408535004e-02 -2.104498259723186493e-02 -2.531582489609718323e-02 -2.473731711506843567e-02 -2.306048944592475891e-02 -2.488194592297077179e-02 -3.227353468537330627e-02 -4.255321621894836426e-02 -4.869239404797554016e-02 -4.257706925272941589e-02 -1.973900198936462402e-02 1.688514463603496552e-02 5.644721165299415588e-02 8.376841992139816284e-02 8.576637506484985352e-02 5.785358324646949768e-02 7.164571434259414673e-03 -4.919410496950149536e-02 -9.034951776266098022e-02 -9.966208785772323608e-02 -7.101362198591232300e-02 -1.076185703277587891e-02 6.513787806034088135e-02 1.371257454156875610e-01 1.882686316967010498e-01 2.082727700471878052e-01 1.944262534379959106e-01 1.503624171018600464e-01 8.435554802417755127e-02 8.341587148606777191e-03 -6.252647936344146729e-02 -1.111496612429618835e-01 -1.219288110733032227e-01 -8.633013069629669189e-02 -8.502221666276454926e-03 9.238322079181671143e-02 1.857885569334030151e-01 2.396110892295837402e-01 2.328780293464660645e-01 1.657377034425735474e-01 6.143127381801605225e-02 -4.186341166496276855e-02 -1.066088974475860596e-01 -1.121713370084762573e-01 -6.403962522745132446e-02 8.854004554450511932e-03 6.797872483730316162e-02 8.388267457485198975e-02 5.066159740090370178e-02 -1.106797251850366592e-02 -6.444019824266433716e-02 -7.497092336416244507e-02 -2.831387706100940704e-02 6.184260547161102295e-02 1.598737090826034546e-01 2.253904789686203003e-01 2.329000532627105713e-01 1.840385496616363525e-01 1.062085181474685669e-01 3.838599473237991333e-02 1.141222659498453140e-02 3.285954520106315613e-02 8.411946892738342285e-02 1.309851258993148804e-01 1.420235633850097656e-01 1.050943210721015930e-01 3.349109739065170288e-02 -4.128101468086242676e-02 -8.608680218458175659e-02 -8.332286775112152100e-02 -3.976478055119514465e-02 1.732187345623970032e-02 5.463490262627601624e-02 5.044378340244293213e-02 6.628948263823986053e-03 -5.062928795814514160e-02 -8.199531584978103638e-02 -5.360910296440124512e-02 4.357630386948585510e-02 1.807131469249725342e-01
1.526667028665542603e-01 6.498862057924270630e-02 1.838366733863949776e-03 1.149718835949897766e-02 9.029276669025421143e-02 1.984723657369613647e-01 2.833506762981414795e-01 3.034356236457824707e-01 2.459853142499923706e-01 1.317280530929565430e-01 4.987465683370828629e-03 -8.640749007463455200e-02 -1.123347654938697815e-01 -7.298045605421066284e-02 2.853949088603258133e-03 7.256387174129486084e-02 1.002480089664459229e-01 7.296430319547653198e-02 5.204492248594760895e-03 -6.993263959884643555e-02 -1.178794577717781067e-01 -1.192997545003890991e-01 -7.831633836030960083e-02 -1.883380860090255737e-02 2.847927436232566833e-02 4.162179678678512573e-02 1.748259365558624268e-02 -2.771956101059913635e-02 -6.732404977083206177e-02 -7.757838815450668335e-02 -4.886267334222793579e-02 1.025077886879444122e-02 7.738422602415084839e-02 1.265059411525726318e-01 1.388753652572631836e-01 1.100429594516754150e-01 5.046656355261802673e-02 -1.967324130237102509e-02 -7.860480248928070068e-02 -1.105221807956695557e-01 -1.099409908056259155e-01 -8.195026963949203491e-02 -3.908763453364372253e-02 3.513613482937216759e-03 3.295330330729484558e-02 4.205028712749481201e-02 3.076765127480030060e-02 5.413976963609457016e-03 -2.404718846082687378e-02 -4.775964096188545227e-02 -5.957227572798728943e-02 -5.911064147949218750e-02 -5.136533826589584351e-02 -4.380052164196968079e-02 -4.217085987329483032e-02 -4.705372825264930725e-02 -5.300973355770111084e-02 -5.114521086215972900e-02 -3.411358594894409180e-02 -1.131855300627648830e-03 3.974739089608192444e-02 7.374934852123260498e-02 8.538782596588134766e-02 6.579589843750000000e-02 1.786769367754459381e-02 -4.348959401249885559e-02 -9.646970778703689575e-02 -1.207666993141174316e-01 -1.055898293852806091e-01 -5.381311103701591492e-02 1.936708390712738037e-02 9.235125780105590820e-02 1.447935849428176880e-01 1.637677252292633057e-01 1.464048773050308228e-01 9.893340617418289185e-02 3.362993523478507996e-02 -3.442795947194099426e-02 -8.975714445114135742e-02 -1.182564049959182739e-01 -1.093705743551254272e-01 -5.920159816741943359e-02 2.618876285851001740e-02 1.293101012706756592e-01 2.237637788057327271e-01 2.814269959926605225e-01 2.824449539184570312e-01 2.239783406257629395e-01 1.232440471649169922e-01 1.238960772752761841e-02 -7.354552298784255981e-02 -1.107052266597747803e-01 -9.610731154680252075e-02 -4.813521727919578552e-02 2.766328630968928337e-03 2.896786108613014221e-02 1.893734559416770935e-02 -1.764933764934539795e-02 -5.556124821305274963e-02 -6.757843494415283203e-02 -3.902215883135795593e-02 2.426638826727867126e-02 9.866306185722351074e-02 1.547941565513610840e-01 1.725457310676574707e-01 1.511236578226089478e-01 1.088331639766693115e-01 7.271026074886322021e-02 6.357841193675994873e-02 8.459984511137008667e-02 1.195624321699142456e-01 1.419257372617721558e-01 1.298183649778366089e-01 7.888022810220718384e-02 5.884977057576179504e-03 -5.905260890722274780e-02 -8.777114003896713257e-02 -6.887464225292205811e-02 -1.422405894845724106e-02 4.644612595438957214e-02 8.021848648786544800e-02 6.769379228353500366e-02 1.345526892691850662e-02 -5.485516041517257690e-02 -9.872461110353469849e-02 -8.739483356475830078e-02 -1.584337092936038971e-02 8.497414737939834595e-02
2.400626055896282196e-02 -2.698743902146816254e-02 -4.877860099077224731e-02 -4.614887293428182602e-03 9.548680484294891357e-02 2.104014605283737183e-01 2.900220155715942383e-01 2.978845834732055664e-01 2.272096127271652222e-01 1.043881475925445557e-01 -2.180541306734085083e-02 -1.010051369667053223e-01 -1.030319780111312866e-01 -3.082909621298313141e-02 8.137705922126770020e-02 1.837460994720458984e-01 2.329005599021911621e-01 2.101280838251113892e-01 1.275769174098968506e-01 2.029587887227535248e-02 -7.125690579414367676e-02 -1.194131821393966675e-01 -1.196729317307472229e-01 -8.912692964076995850e-02 -5.486759170889854431e-02 -3.900033235549926758e-02 -4.793153330683708191e-02 -7.081995904445648193e-02 -8.712233603000640869e-02 -7.866669446229934692e-02 -3.983135521411895752e-02 1.912627369165420532e-02 7.678699493408203125e-02 1.105372682213783264e-01 1.067336201667785645e-01 6.639152765274047852e-02 4.251421894878149033e-03 -5.772290751338005066e-02 -9.907492995262145996e-02 -1.080241277813911438e-01 -8.455079793930053711e-02 -3.895925357937812805e-02 1.272045448422431946e-02 5.432811751961708069e-02 7.424468547105789185e-02 6.804960966110229492e-02 3.892008960247039795e-02 -3.940291702747344971e-03 -4.831299930810928345e-02 -8.271309733390808105e-02 -9.993495792150497437e-02 -9.926935285329818726e-02 -8.641937375068664551e-02 -7.083795219659805298e-02 -6.131571903824806213e-02 -6.165820732712745667e-02 -6.857781112194061279e-02 -7.313168793916702271e-02 -6.537864357233047485e-02 -4.018204659223556519e-02 -1.209597219713032246e-03 3.921904787421226501e-02 6.486205756664276123e-02 6.294211745262145996e-02 3.072440437972545624e-02 -2.204397507011890411e-02 -7.630926370620727539e-02 -1.112907975912094116e-01 -1.130896285176277161e-01 -8.042483031749725342e-02 -2.497974224388599396e-02 3.359007462859153748e-02 7.550660520792007446e-02 8.801769465208053589e-02 6.900473684072494507e-02 2.620186284184455872e-02 -2.671663649380207062e-02 -7.482637465000152588e-02 -1.054185330867767334e-01 -1.096046715974807739e-01 -8.279895782470703125e-02 -2.528114244341850281e-02 5.665314570069313049e-02 1.497356295585632324e-01 2.345976680517196655e-01 2.897269725799560547e-01 2.981407642364501953e-01 2.544124424457550049e-01 1.686063259840011597e-01 6.441871821880340576e-02 -2.869375608861446381e-02 -8.654949814081192017e-02 -9.960713982582092285e-02 -7.616704702377319336e-02 -3.764285519719123840e-02 -7.985958829522132874e-03 -2.337218960747122765e-03 -2.046773210167884827e-02 -4.818331077694892883e-02 -6.577505916357040405e-02 -5.894155427813529968e-02 -2.635806612670421600e-02 2.006314322352409363e-02 6.216338649392127991e-02 8.573759347200393677e-02 8.814464509487152100e-02 7.900317013263702393e-02 7.357767969369888306e-02 8.267801254987716675e-02 1.050201356410980225e-01 1.267655789852142334e-01 1.289631426334381104e-01 9.903473407030105591e-02 3.985735774040222168e-02 -2.905433066189289093e-02 -7.965230941772460938e-02 -8.903353661298751831e-02 -5.168571695685386658e-02 1.632064208388328552e-02 8.384659886360168457e-02 1.190710589289665222e-01 1.048105433583259583e-01 4.724813997745513916e-02 -2.632351592183113098e-02 -8.007706701755523682e-02 -8.747719228267669678e-02 -4.732825979590415955e-02 8.755193091928958893e-03
-5.588595196604728699e-02 -9.209164232015609741e-02 -9.041161090135574341e-02 -2.863541617989540100e-02 7.743988931179046631e-02 1.876164525747299194e-01 2.567425370216369629e-01 2.545168995857238770e-01 1.792889237403869629e-01 6.036791950464248657e-02 -5.285305902361869812e-02 -1.110931187868118286e-01 -8.624610304832458496e-02 1.610342599451541901e-02 1.585734933614730835e-01 2.875982224941253662e-01 3.557062745094299316e-01 3.403956592082977295e-01 2.513735592365264893e-01 1.236191987991333008e-01 4.079319769516587257e-04 -8.521168678998947144e-02 -1.219670996069908142e-01 -1.204703301191329956e-01 -1.032994017004966736e-01 -9.114479273557662964e-02 -9.236792474985122681e-02 -1.008067801594734192e-01 -1.019622460007667542e-01 -8.337330818176269531e-02 -4.320060834288597107e-02 7.520703133195638657e-03 4.984585195779800415e-02 6.618529558181762695e-02 4.895037040114402771e-02 4.312086850404739380e-03 -5.047211050987243652e-02 -9.449339658021926880e-02 -1.116598621010780334e-01 -9.643810987472534180e-02 -5.484025180339813232e-02 -1.010133302770555019e-03 4.846393689513206482e-02 7.994615286588668823e-02 8.609590679407119751e-02 6.671293824911117554e-02 2.766728773713111877e-02 -2.119432017207145691e-02 -6.854262948036193848e-02 -1.041999608278274536e-01 -1.216898411512374878e-01 -1.201598271727561951e-01 -1.048251837491989136e-01 -8.524914085865020752e-02 -7.159087806940078735e-02 -7.009518891572952271e-02 -7.987622171640396118e-02 -9.283928573131561279e-02 -9.726660698652267456e-02 -8.372226357460021973e-02 -5.050054565072059631e-02 -5.733183119446039200e-03 3.528990224003791809e-02 5.666893720626831055e-02 4.931735247373580933e-02 1.561368070542812347e-02 -3.115233220160007477e-02 -7.245398312807083130e-02 -9.268728643655776978e-02 -8.593179285526275635e-02 -5.814006924629211426e-02 -2.387673594057559967e-02 6.044400506652891636e-04 4.501921590417623520e-03 -1.345477253198623657e-02 -4.548063501715660095e-02 -7.889188826084136963e-02 -1.014253571629524231e-01 -1.050874814391136169e-01 -8.721092343330383301e-02 -4.922402277588844299e-02 5.159701686352491379e-03 7.072809338569641113e-02 1.401636153459548950e-01 2.031375318765640259e-01 2.468424141407012939e-01 2.590005695819854736e-01 2.326961159706115723e-01 1.707509458065032959e-01 8.692108094692230225e-02 2.398364478722214699e-03 -6.154081225395202637e-02 -9.166832268238067627e-02 -8.786234259605407715e-02 -6.248227134346961975e-02 -3.419452160596847534e-02 -1.919918507337570190e-02 -2.415761724114418030e-02 -4.422347247600555420e-02 -6.687673926353454590e-02 -7.920993119478225708e-02 -7.459217309951782227e-02 -5.518879368901252747e-02 -2.931479737162590027e-02 -5.610491149127483368e-03 1.218978874385356903e-02 2.661390230059623718e-02 4.313522949814796448e-02 6.440349668264389038e-02 8.597403019666671753e-02 9.681029617786407471e-02 8.503105491399765015e-02 4.601266980171203613e-02 -1.195258740335702896e-02 -6.842979043722152710e-02 -9.874246269464492798e-02 -8.565016835927963257e-02 -2.892271429300308228e-02 5.252339318394660950e-02 1.277381032705307007e-01 1.671885401010513306e-01 1.562205106019973755e-01 1.019421294331550598e-01 2.996397018432617188e-02 -2.789800427854061127e-02 -4.991795495152473450e-02 -3.813671693205833435e-02 -2.334533259272575378e-02
-7.591345161199569702e-02 -1.179039627313613892e-01 -1.121748909354209900e-01 -5.098575726151466370e-02 4.578191414475440979e-02 1.411050409078598022e-01 1.964430958032608032e-01 1.878002583980560303e-01 1.168723404407501221e-01 1.246184296905994415e-02 -7.954242825508117676e-02 -1.144418418407440186e-01 -6.784318387508392334e-02 5.290645733475685120e-02 2.104692161083221436e-01 3.520541191101074219e-01 4.304156303405761719e-01 4.220061302185058594e-01 3.344517648220062256e-01 2.006788700819015503e-01 6.326252222061157227e-02 -4.321161657571792603e-02 -1.037388518452644348e-01 -1.240304857492446899e-01 -1.222209855914115906e-01 -1.165947765111923218e-01 -1.160495653748512268e-01 -1.177611052989959717e-01 -1.122035384178161621e-01 -9.172499924898147583e-02 -5.732105672359466553e-02 -1.971228606998920441e-02 5.706540774554014206e-03 7.027818355709314346e-03 -1.750158891081809998e-02 -5.791376531124114990e-02 -9.679529815912246704e-02 -1.170743331313133240e-01 -1.093520447611808777e-01 -7.534951716661453247e-02 -2.627083100378513336e-02 2.253403142094612122e-02 5.767299607396125793e-02 7.180483639240264893e-02 6.447099149227142334e-02 4.027254879474639893e-02 6.106912624090909958e-03 -3.094680793583393097e-02 -6.453963369131088257e-02 -8.930803090333938599e-02 -1.014043092727661133e-01 -9.969535470008850098e-02 -8.702956140041351318e-02 -7.033631205558776855e-02 -5.863061174750328064e-02 -5.919409915804862976e-02 -7.357825338840484619e-02 -9.569440037012100220e-02 -1.135529354214668274e-01 -1.144115626811981201e-01 -9.112951904535293579e-02 -4.654770717024803162e-02 6.594547070562839508e-03 5.056874081492424011e-02 7.026349753141403198e-02 5.984926596283912659e-02 2.520612627267837524e-02 -1.909956336021423340e-02 -5.675540864467620850e-02 -7.706409692764282227e-02 -7.909714430570602417e-02 -7.076615840196609497e-02 -6.361050158739089966e-02 -6.625231355428695679e-02 -7.996851950883865356e-02 -9.847896546125411987e-02 -1.116688251495361328e-01 -1.109024658799171448e-01 -9.295913577079772949e-02 -6.068664416670799255e-02 -2.051298134028911591e-02 2.125675044953823090e-02 6.093377992510795593e-02 9.732408821582794189e-02 1.294349581003189087e-01 1.539562791585922241e-01 1.646756380796432495e-01 1.547560691833496094e-01 1.208770722150802612e-01 6.680484116077423096e-02 3.947103396058082581e-03 -5.204447731375694275e-02 -8.735053241252899170e-02 -9.582249820232391357e-02 -8.157676458358764648e-02 -5.691608786582946777e-02 -3.655593842267990112e-02 -3.104038536548614502e-02 -4.258263111114501953e-02 -6.517916172742843628e-02 -8.852612227201461792e-02 -1.033280789852142334e-01 -1.051036044955253601e-01 -9.476574510335922241e-02 -7.631858438253402710e-02 -5.369256064295768738e-02 -2.902424894273281097e-02 -3.437621053308248520e-03 2.056860923767089844e-02 3.738377988338470459e-02 3.926309943199157715e-02 2.034478262066841125e-02 -1.824178174138069153e-02 -6.546550244092941284e-02 -1.023589670658111572e-01 -1.090784966945648193e-01 -7.424110174179077148e-02 -1.874052570201456547e-03 8.809582889080047607e-02 1.669237613677978516e-01 2.089266330003738403e-01 2.026693820953369141e-01 1.559529453516006470e-01 9.188435971736907959e-02 3.743769228458404541e-02 9.273445233702659607e-03 2.714153146371245384e-03 -1.110695861279964447e-02
-5.517098307609558105e-02 -1.124018132686614990e-01 -1.157238706946372986e-01 -6.834256649017333984e-02 8.505987934768199921e-03 8.296062797307968140e-02 1.239723265171051025e-01 1.132626533508300781e-01 5.375317856669425964e-02 -2.950897254049777985e-02 -9.765296429395675659e-02 -1.132390424609184265e-01 -5.645028129220008850e-02 6.502642482519149780e-02 2.173533141613006592e-01 3.530620932579040527e-01 4.294482171535491943e-01 4.247461557388305664e-01 3.450848758220672607e-01 2.196523696184158325e-01 8.702214807271957397e-02 -2.054977416992187500e-02 -8.771081268787384033e-02 -1.174609735608100891e-01 -1.242644116282463074e-01 -1.235687360167503357e-01 -1.236155107617378235e-01 -1.234066411852836609e-01 -1.168530806899070740e-01 -9.968217462301254272e-02 -7.445933669805526733e-02 -5.059197172522544861e-02 -3.939371928572654724e-02 -4.727924615144729614e-02 -7.124503701925277710e-02 -9.943278133869171143e-02 -1.166325733065605164e-01 -1.117841079831123352e-01 -8.344720304012298584e-02 -4.039289057254791260e-02 2.827475080266594887e-03 3.280745819211006165e-02 4.301730543375015259e-02 3.556478023529052734e-02 1.856089569628238678e-02 1.057998044416308403e-03 -1.138825807720422745e-02 -1.822346076369285583e-02 -2.215775847434997559e-02 -2.587058953940868378e-02 -2.962200716137886047e-02 -3.139661997556686401e-02 -2.934052422642707825e-02 -2.457639016211032867e-02 -2.208654955029487610e-02 -2.852677181363105774e-02 -4.787815734744071960e-02 -7.749103009700775146e-02 -1.072420477867126465e-01 -1.229918003082275391e-01 -1.130958199501037598e-01 -7.477777451276779175e-02 -1.689627580344676971e-02 4.270596429705619812e-02 8.431950211524963379e-02 9.462163597345352173e-02 7.205828279256820679e-02 2.677410468459129333e-02 -2.470540814101696014e-02 -6.719093769788742065e-02 -9.300505369901657104e-02 -1.036901473999023438e-01 -1.068376898765563965e-01 -1.102343350648880005e-01 -1.167968139052391052e-01 -1.230714991688728333e-01 -1.218772009015083313e-01 -1.072667762637138367e-01 -7.873437553644180298e-02 -4.216894879937171936e-02 -7.050659973174333572e-03 1.838763244450092316e-02 3.115622140467166901e-02 3.434303775429725647e-02 3.438085690140724182e-02 3.646524250507354736e-02 4.092992097139358521e-02 4.280920326709747314e-02 3.492203354835510254e-02 1.270935684442520142e-02 -2.202858030796051025e-02 -6.078563630580902100e-02 -9.179510176181793213e-02 -1.055323034524917603e-01 -9.936821460723876953e-02 -7.891008257865905762e-02 -5.534961819648742676e-02 -4.024806618690490723e-02 -4.045045375823974609e-02 -5.558674782514572144e-02 -7.909796386957168579e-02 -1.018429324030876160e-01 -1.161635220050811768e-01 -1.184029430150985718e-01 -1.090765520930290222e-01 -9.135606884956359863e-02 -6.932305544614791870e-02 -4.714676737785339355e-02 -2.925296686589717865e-02 -2.051137760281562805e-02 -2.527684904634952545e-02 -4.499352350831031799e-02 -7.546353340148925781e-02 -1.058011725544929504e-01 -1.207361072301864624e-01 -1.062554940581321716e-01 -5.643795058131217957e-02 2.197109907865524292e-02 1.101753711700439453e-01 1.837406009435653687e-01 2.223775684833526611e-01 2.185928672552108765e-01 1.808430999517440796e-01 1.292599588632583618e-01 8.551009744405746460e-02 6.108877062797546387e-02 4.903065040707588196e-02 2.281893417239189148e-02
-2.952767722308635712e-02 -9.691593050956726074e-02 -1.121686995029449463e-01 -8.348502218723297119e-02 -3.021447733044624329e-02 2.247181907296180725e-02 5.121740698814392090e-02 4.253070056438446045e-02 -1.267615705728530884e-03 -6.120214611291885376e-02 -1.076270118355751038e-01 -1.117735654115676880e-01 -5.845097824931144714e-02 4.585779085755348206e-02 1.737129986286163330e-01 2.865406572818756104e-01 3.494961261749267578e-01 3.447884619235992432e-01 2.775773406028747559e-01 1.721286773681640625e-01 6.054837629199028015e-02 -3.026748076081275940e-02 -8.745409548282623291e-02 -1.133705154061317444e-01 -1.198475882411003113e-01 -1.195242479443550110e-01 -1.192222014069557190e-01 -1.185043975710868835e-01 -1.132324412465095520e-01 -1.010542437434196472e-01 -8.490611612796783447e-02 -7.217138260602951050e-02 -7.005641609430313110e-02 -8.023893833160400391e-02 -9.641648828983306885e-02 -1.067021191120147705e-01 -9.987831115722656250e-02 -7.207402586936950684e-02 -2.994104661047458649e-02 1.178636308759450912e-02 3.735105693340301514e-02 3.800087422132492065e-02 1.666394621133804321e-02 -1.332040969282388687e-02 -3.481671586632728577e-02 -3.537471592426300049e-02 -1.312282308936119080e-02 2.291596680879592896e-02 5.800588428974151611e-02 7.934617996215820312e-02 8.195498585700988770e-02 6.974635273218154907e-02 5.160699412226676941e-02 3.514181077480316162e-02 2.199797146022319794e-02 7.607808336615562439e-03 -1.454412844032049179e-02 -4.682366549968719482e-02 -8.343716710805892944e-02 -1.113391220569610596e-01 -1.160785928368568420e-01 -8.966477215290069580e-02 -3.614704310894012451e-02 2.839514240622520447e-02 8.187641948461532593e-02 1.054685637354850769e-01 9.156259149312973022e-02 4.652814939618110657e-02 -1.294086407870054245e-02 -6.782674044370651245e-02 -1.049634143710136414e-01 -1.213787570595741272e-01 -1.230554729700088501e-01 -1.194201335310935974e-01 -1.170317083597183228e-01 -1.160743981599807739e-01 -1.113895252346992493e-01 -9.704858064651489258e-02 -7.144825905561447144e-02 -3.971509262919425964e-02 -1.188834384083747864e-02 2.117445925250649452e-03 -2.139884978532791138e-03 -2.108204364776611328e-02 -4.487650468945503235e-02 -6.257930397987365723e-02 -6.781376153230667114e-02 -6.186020746827125549e-02 -5.250043421983718872e-02 -4.932885617017745972e-02 -5.817143619060516357e-02 -7.768320292234420776e-02 -9.993073344230651855e-02 -1.145547553896903992e-01 -1.141967996954917908e-01 -9.829042851924896240e-02 -7.331603020429611206e-02 -4.957145079970359802e-02 -3.630438074469566345e-02 -3.773670271039009094e-02 -5.180903896689414978e-02 -7.189564406871795654e-02 -9.022888541221618652e-02 -1.011400818824768066e-01 -1.026918441057205200e-01 -9.641437977552413940e-02 -8.589306473731994629e-02 -7.528743147850036621e-02 -6.841625273227691650e-02 -6.827899813652038574e-02 -7.643944770097732544e-02 -9.194212406873703003e-02 -1.101835370063781738e-01 -1.228081285953521729e-01 -1.196083351969718933e-01 -9.241519868373870850e-02 -3.955620899796485901e-02 3.146365657448768616e-02 1.050618067383766174e-01 1.627830713987350464e-01 1.906912326812744141e-01 1.854859888553619385e-01 1.560642570257186890e-01 1.192422136664390564e-01 9.119638800621032715e-02 7.832319289445877075e-02 7.152247428894042969e-02 4.645408689975738525e-02
-3.005223162472248077e-02 -9.213767200708389282e-02 -1.132688745856285095e-01 -1.004069074988365173e-01 -6.811631470918655396e-02 -3.400691971182823181e-02 -1.406070683151483536e-02 -1.789139956235885620e-02 -4.485232755541801453e-02 -8.297406882047653198e-02 -1.124075725674629211e-01 -1.130988746881484985e-01 -7.390345633029937744e-02 1.086826319806277752e-03 9.246665984392166138e-02 1.723477393388748169e-01 2.153234332799911499e-01 2.085987478494644165e-01 1.566102504730224609e-01 7.814239710569381714e-02 -2.376864664256572723e-03 -6.498716771602630615e-02 -1.009251624345779419e-01 -1.132666692137718201e-01 -1.121007651090621948e-01 -1.075730025768280029e-01 -1.048142910003662109e-01 -1.031767278909683228e-01 -9.938233345746994019e-02 -9.185692667961120605e-02 -8.302446454763412476e-02 -7.790153473615646362e-02 -7.994136959314346313e-02 -8.708721399307250977e-02 -9.111737459897994995e-02 -8.144415169954299927e-02 -5.166800320148468018e-02 -5.118867382407188416e-03 4.431667551398277283e-02 7.743865251541137695e-02 7.898934185504913330e-02 4.629670828580856323e-02 -7.488774601370096207e-03 -5.786268040537834167e-02 -7.949750125408172607e-02 -5.789742991328239441e-02 3.587424522265791893e-03 8.497071266174316406e-02 1.585407555103302002e-01 2.010649889707565308e-01 2.032747268676757812e-01 1.721423566341400146e-01 1.252908706665039062e-01 8.094818890094757080e-02 4.900059103965759277e-02 2.780400216579437256e-02 8.032276295125484467e-03 -1.912498660385608673e-02 -5.446777865290641785e-02 -8.853346854448318481e-02 -1.060601919889450073e-01 -9.475287795066833496e-02 -5.340443924069404602e-02 5.350857041776180267e-03 5.951600521802902222e-02 8.738788962364196777e-02 7.750777900218963623e-02 3.381532058119773865e-02 -2.657386846840381622e-02 -8.170115947723388672e-02 -1.148418039083480835e-01 -1.212373301386833191e-01 -1.083666905760765076e-01 -9.016136080026626587e-02 -7.870066910982131958e-02 -7.800469547510147095e-02 -8.308624476194381714e-02 -8.433893322944641113e-02 -7.438184320926666260e-02 -5.326750129461288452e-02 -2.907646633684635162e-02 -1.365269534289836884e-02 -1.599868573248386383e-02 -3.711149096488952637e-02 -6.915375590324401855e-02 -9.938388317823410034e-02 -1.166376397013664246e-01 -1.168154776096343994e-01 -1.044759526848793030e-01 -8.983336389064788818e-02 -8.294896781444549561e-02 -8.832135051488876343e-02 -1.027105972170829773e-01 -1.171658858656883240e-01 -1.219562888145446777e-01 -1.116703227162361145e-01 -8.786000311374664307e-02 -5.808289721608161926e-02 -3.214094042778015137e-02 -1.765246316790580750e-02 -1.717596501111984253e-02 -2.802920714020729065e-02 -4.443200677633285522e-02 -6.051588058471679688e-02 -7.260882109403610229e-02 -7.993078231811523438e-02 -8.386016637086868286e-02 -8.660381287336349487e-02 -9.010096639394760132e-02 -9.547633677721023560e-02 -1.028131619095802307e-01 -1.108785942196846008e-01 -1.167756170034408569e-01 -1.159864366054534912e-01 -1.034119129180908203e-01 -7.553966343402862549e-02 -3.298708051443099976e-02 1.803483068943023682e-02 6.668630242347717285e-02 1.011573299765586853e-01 1.136972978711128235e-01 1.045348122715950012e-01 8.231269568204879761e-02 6.019358709454536438e-02 4.901809245347976685e-02 5.055136978626251221e-02 5.390973016619682312e-02 3.666339069604873657e-02
-6.535670161247253418e-02 -1.053763702511787415e-01 -1.225998997688293457e-01 -1.185903102159500122e-01 -1.014225706458091736e-01 -8.107425272464752197e-02 -6.683944165706634521e-02 -6.512492150068283081e-02 -7.711786031723022461e-02 -9.736311435699462891e-02 -1.148339435458183289e-01 -1.170747727155685425e-01 -9.607820957899093628e-02 -5.306499451398849487e-02 6.085541099309921265e-04 4.742061719298362732e-02 7.097005844116210938e-02 6.312265992164611816e-02 2.747268602252006531e-02 -2.259019389748573303e-02 -7.014358043670654297e-02 -1.020729839801788330e-01 -1.138409599661827087e-01 -1.096056103706359863e-01 -9.821580350399017334e-02 -8.775923401117324829e-02 -8.183194696903228760e-02 -7.933336496353149414e-02 -7.725940644741058350e-02 -7.411517202854156494e-02 -7.133145630359649658e-02 -7.157921046018600464e-02 -7.517228275537490845e-02 -7.734657824039459229e-02 -6.899161636829376221e-02 -4.136968404054641724e-02 7.371368817985057831e-03 6.781645119190216064e-02 1.204605549573898315e-01 1.431539952754974365e-01 1.219332218170166016e-01 5.990182608366012573e-02 -2.093679644167423248e-02 -8.690256625413894653e-02 -1.064061522483825684e-01 -6.413652002811431885e-02 3.116046637296676636e-02 1.493768244981765747e-01 2.513093948364257812e-01 3.049121499061584473e-01 2.979634404182434082e-01 2.413598150014877319e-01 1.619144976139068604e-01 8.869265764951705933e-02 3.991883993148803711e-02 1.682480610907077789e-02 6.903233006596565247e-03 -5.988439545035362244e-03 -3.069628775119781494e-02 -6.315008550882339478e-02 -8.899713307619094849e-02 -9.272906929254531860e-02 -6.792110949754714966e-02 -2.262030541896820068e-02 2.335595339536666870e-02 4.794888570904731750e-02 3.815417736768722534e-02 -3.004248254001140594e-03 -5.763061344623565674e-02 -1.017213389277458191e-01 -1.169845238327980042e-01 -9.959034621715545654e-02 -6.141648069024085999e-02 -2.334642596542835236e-02 -4.313905723392963409e-03 -1.187350973486900330e-02 -3.907723724842071533e-02 -6.897550076246261597e-02 -8.404853194952011108e-02 -7.544064521789550781e-02 -4.722696542739868164e-02 -1.377214025706052780e-02 8.062787353992462158e-03 7.535533979535102844e-03 -1.503038592636585236e-02 -4.925938323140144348e-02 -8.073547482490539551e-02 -9.851863235235214233e-02 -1.001523956656455994e-01 -9.177498519420623779e-02 -8.370478451251983643e-02 -8.421707898378372192e-02 -9.495696425437927246e-02 -1.102835610508918762e-01 -1.205835342407226562e-01 -1.175140962004661560e-01 -9.832139313220977783e-02 -6.713230907917022705e-02 -3.287850320339202881e-02 -5.241652484983205795e-03 9.197920560836791992e-03 8.862989954650402069e-03 -3.357331966981291771e-03 -2.228846773505210876e-02 -4.288372024893760681e-02 -6.171577423810958862e-02 -7.720156013965606689e-02 -8.899147063493728638e-02 -9.724195301532745361e-02 -1.022311672568321228e-01 -1.042865663766860962e-01 -1.036992073059082031e-01 -1.004172563552856445e-01 -9.370573610067367554e-02 -8.224232494831085205e-02 -6.497308611869812012e-02 -4.248175024986267090e-02 -1.801382750272750854e-02 2.840053988620638847e-03 1.419161632657051086e-02 1.290958747267723083e-02 1.010905019938945770e-03 -1.434824056923389435e-02 -2.395215444266796112e-02 -2.163570001721382141e-02 -9.059493429958820343e-03 2.192190615460276604e-03 -8.047864772379398346e-03
-1.175681576132774353e-01 -1.264509856700897217e-01 -1.323665380477905273e-01 -1.308095753192901611e-01 -1.233012527227401733e-01 -1.129241362214088440e-01 -1.032370328903198242e-01 -9.785780310630798340e-02 -9.921676665544509888e-02 -1.067908778786659241e-01 -1.162855923175811768e-01 -1.209802329540252686e-01 -1.150494068861007690e-01 -9.715829044580459595e-02 -7.211078703403472900e-02 -4.924304038286209106e-02 -3.810636326670646667e-02 -4.364449530839920044e-02 -6.350735574960708618e-02 -8.904009312391281128e-02 -1.094621643424034119e-01 -1.169820949435234070e-01 -1.101174429059028625e-01 -9.357801824808120728e-02 -7.506626844406127930e-02 -6.105922162532806396e-02 -5.405081436038017273e-02 -5.263184756040573120e-02 -5.388341844081878662e-02 -5.607035756111145020e-02 -5.951162427663803101e-02 -6.487951427698135376e-02 -7.017797976732254028e-02 -6.894710659980773926e-02 -5.186059698462486267e-02 -1.185852661728858948e-02 4.960018768906593323e-02 1.190675124526023865e-01 1.735911518335342407e-01 1.894533932209014893e-01 1.538300067186355591e-01 7.367407530546188354e-02 -2.341185137629508972e-02 -9.814316779375076294e-02 -1.153422594070434570e-01 -5.970737338066101074e-02 5.595398694276809692e-02 1.944518834352493286e-01 3.088080286979675293e-01 3.613668680191040039e-01 3.387547433376312256e-01 2.559081017971038818e-01 1.476138383150100708e-01 5.198115110397338867e-02 -6.021180190145969391e-03 -2.321834489703178406e-02 -1.556767616420984268e-02 -6.510847713798284531e-03 -1.306834258139133453e-02 -3.713176399469375610e-02 -6.620258837938308716e-02 -8.250284194946289062e-02 -7.484383881092071533e-02 -4.630348086357116699e-02 -1.327976491302251816e-02 3.584200982004404068e-03 -8.502305485308170319e-03 -4.623171687126159668e-02 -9.064640104770660400e-02 -1.164035499095916748e-01 -1.051353588700294495e-01 -5.583659932017326355e-02 1.336474437266588211e-02 7.325675338506698608e-02 9.750731289386749268e-02 7.554944604635238647e-02 1.792289875447750092e-02 -4.856265336275100708e-02 -9.337152540683746338e-02 -9.627153724431991577e-02 -5.609615147113800049e-02 9.675822220742702484e-03 7.380254566669464111e-02 1.118793636560440063e-01 1.124744266271591187e-01 8.030999451875686646e-02 3.175554051995277405e-02 -1.432161126285791397e-02 -4.538928717374801636e-02 -5.954798310995101929e-02 -6.383805721998214722e-02 -6.828366965055465698e-02 -7.933901995420455933e-02 -9.624359756708145142e-02 -1.118548437952995300e-01 -1.170140281319618225e-01 -1.057816445827484131e-01 -7.874441146850585938e-02 -4.291472584009170532e-02 -8.639594539999961853e-03 1.465328037738800049e-02 2.177208848297595978e-02 1.286056265234947205e-02 -7.706803269684314728e-03 -3.362090513110160828e-02 -5.886491760611534119e-02 -7.906560599803924561e-02 -9.187985956668853760e-02 -9.681316465139389038e-02 -9.489412605762481689e-02 -8.833229541778564453e-02 -8.001264929771423340e-02 -7.269773632287979126e-02 -6.810828298330307007e-02 -6.635532528162002563e-02 -6.617983430624008179e-02 -6.602194160223007202e-02 -6.533380597829818726e-02 -6.521903723478317261e-02 -6.776549667119979858e-02 -7.427687942981719971e-02 -8.350697159767150879e-02 -9.130899608135223389e-02 -9.247004985809326172e-02 -8.417452871799468994e-02 -6.936633586883544922e-02 -5.819072574377059937e-02 -6.709237396717071533e-02
-1.538112163543701172e-01 -1.344945728778839111e-01 -1.280201524496078491e-01 -1.263902485370635986e-01 -1.259519010782241821e-01 -1.242727264761924744e-01 -1.203460171818733215e-01 -1.153256893157958984e-01 -1.119439750909805298e-01 -1.125155165791511536e-01 -1.168860495090484619e-01 -1.219281628727912903e-01 -1.231665089726448059e-01 -1.176147609949111938e-01 -1.059844568371772766e-01 -9.272091090679168701e-02 -8.365854620933532715e-02 -8.261097967624664307e-02 -8.894670754671096802e-02 -9.766752272844314575e-02 -1.020242720842361450e-01 -9.717910736799240112e-02 -8.279860019683837891e-02 -6.311979889869689941e-02 -4.456342384219169617e-02 -3.242125734686851501e-02 -2.861315384507179260e-02 -3.170717880129814148e-02 -3.884481266140937805e-02 -4.793129861354827881e-02 -5.831039324402809143e-02 -6.929671019315719604e-02 -7.767442613840103149e-02 -7.641507685184478760e-02 -5.651569738984107971e-02 -1.200156565755605698e-02 5.422577261924743652e-02 1.273935437202453613e-01 1.837036907672882080e-01 1.992359757423400879e-01 1.615946590900421143e-01 7.865680009126663208e-02 -2.078876271843910217e-02 -9.635178744792938232e-02 -1.122720465064048767e-01 -5.362227186560630798e-02 6.524743139743804932e-02 2.046829164028167725e-01 3.151170015335083008e-01 3.573463261127471924e-01 3.185675442218780518e-01 2.168297022581100464e-01 9.196626394987106323e-02 -1.252668444067239761e-02 -6.798344850540161133e-02 -7.084452360868453979e-02 -4.044368863105773926e-02 -6.344665307551622391e-03 7.680904120206832886e-03 -5.302584730088710785e-03 -3.456521034240722656e-02 -6.063595786690711975e-02 -6.830918788909912109e-02 -5.610244348645210266e-02 -3.680727258324623108e-02 -2.896457165479660034e-02 -4.432322084903717041e-02 -7.872629910707473755e-02 -1.120902150869369507e-01 -1.181452199816703796e-01 -7.909495383501052856e-02 2.665466628968715668e-03 1.024704873561859131e-01 1.828313320875167847e-01 2.103214561939239502e-01 1.717916131019592285e-01 8.185359090566635132e-02 -2.230012789368629456e-02 -9.655025601387023926e-02 -1.087519153952598572e-01 -5.219015851616859436e-02 5.235426127910614014e-02 1.663845628499984741e-01 2.503108084201812744e-01 2.791153192520141602e-01 2.503022551536560059e-01 1.814909428358078003e-01 9.998948872089385986e-02 3.006594628095626831e-02 -1.604875549674034119e-02 -3.996534645557403564e-02 -5.218192189931869507e-02 -6.396536529064178467e-02 -8.063347637653350830e-02 -9.939086437225341797e-02 -1.120970323681831360e-01 -1.107869669795036316e-01 -9.267626702785491943e-02 -6.210333108901977539e-02 -2.875712700188159943e-02 -3.470773575827479362e-03 6.150125525891780853e-03 -1.715038903057575226e-03 -2.315176092088222504e-02 -5.064869672060012817e-02 -7.604514062404632568e-02 -9.303595870733261108e-02 -9.855666756629943848e-02 -9.302058070898056030e-02 -7.973512262105941772e-02 -6.382688879966735840e-02 -5.086141452193260193e-02 -4.531300067901611328e-02 -4.919996857643127441e-02 -6.138847395777702332e-02 -7.801526784896850586e-02 -9.405808150768280029e-02 -1.054537370800971985e-01 -1.107288822531700134e-01 -1.112347543239593506e-01 -1.098178923130035400e-01 -1.087310016155242920e-01 -1.081645041704177856e-01 -1.064972281455993652e-01 -1.022903174161911011e-01 -9.686338901519775391e-02 -9.592336416244506836e-02 -1.097591072320938110e-01
-1.462978422641754150e-01 -1.115502417087554932e-01 -9.797570109367370605e-02 -9.810833632946014404e-02 -1.051985695958137512e-01 -1.130298972129821777e-01 -1.174042001366615295e-01 -1.174861863255500793e-01 -1.154941543936729431e-01 -1.145966127514839172e-01 -1.162945553660392761e-01 -1.190326735377311707e-01 -1.190022528171539307e-01 -1.126414313912391663e-01 -9.919580817222595215e-02 -8.162918686866760254e-02 -6.521362066268920898e-02 -5.460595339536666870e-02 -5.119434371590614319e-02 -5.235339328646659851e-02 -5.307987704873085022e-02 -4.902188852429389954e-02 -3.907579183578491211e-02 -2.602241002023220062e-02 -1.490785833448171616e-02 -1.025904528796672821e-02 -1.388040464371442795e-02 -2.449441887438297272e-02 -3.918963670730590820e-02 -5.539240315556526184e-02 -7.174143195152282715e-02 -8.709891885519027710e-02 -9.845761209726333618e-02 -9.966474771499633789e-02 -8.277472108602523804e-02 -4.231046885251998901e-02 1.944418251514434814e-02 8.942767232656478882e-02 1.459513753652572632e-01 1.665204614400863647e-01 1.385481506586074829e-01 6.782665848731994629e-02 -2.026073634624481201e-02 -8.885713666677474976e-02 -1.045895293354988098e-01 -5.298545211553573608e-02 5.307853966951370239e-02 1.766568869352340698e-01 2.711628973484039307e-01 2.998947203159332275e-01 2.518065273761749268e-01 1.461146324872970581e-01 2.348011545836925507e-02 -7.210397720336914062e-02 -1.121526956558227539e-01 -9.446167945861816406e-02 -4.113838076591491699e-02 1.440819539129734039e-02 4.445616155862808228e-02 3.925190493464469910e-02 8.783998899161815643e-03 -2.595716342329978943e-02 -4.665723815560340881e-02 -4.831277579069137573e-02 -4.085789248347282410e-02 -4.109908267855644226e-02 -5.990145727992057800e-02 -9.242947399616241455e-02 -1.177221015095710754e-01 -1.087419912219047546e-01 -4.803787916898727417e-02 5.942007154226303101e-02 1.837895065546035767e-01 2.808119952678680420e-01 3.110433518886566162e-01 2.588975727558135986e-01 1.421013325452804565e-01 6.442200858145952225e-03 -9.237937629222869873e-02 -1.118189916014671326e-01 -4.014719650149345398e-02 9.908074885606765747e-02 2.573734819889068604e-01 3.813920319080352783e-01 4.336259067058563232e-01 4.048488438129425049e-01 3.138779103755950928e-01 1.961644142866134644e-01 8.749382197856903076e-02 1.045693177729845047e-02 -3.092272579669952393e-02 -4.748525097966194153e-02 -5.551974102854728699e-02 -6.709677726030349731e-02 -8.479926735162734985e-02 -1.025873646140098572e-01 -1.112324148416519165e-01 -1.047392338514328003e-01 -8.425033837556838989e-02 -5.772924795746803284e-02 -3.608842939138412476e-02 -2.809145674109458923e-02 -3.661392629146575928e-02 -5.781241133809089661e-02 -8.317130059003829956e-02 -1.031426861882209778e-01 -1.106880009174346924e-01 -1.034484580159187317e-01 -8.409047126770019531e-02 -5.909233912825584412e-02 -3.659304603934288025e-02 -2.394764684140682220e-02 -2.554151415824890137e-02 -4.136441648006439209e-02 -6.680694222450256348e-02 -9.394937753677368164e-02 -1.141561865806579590e-01 -1.211757212877273560e-01 -1.135129928588867188e-01 -9.495364129543304443e-02 -7.287413626909255981e-02 -5.507123097777366638e-02 -4.666583612561225891e-02 -4.863536357879638672e-02 -5.860557779669761658e-02 -7.323015481233596802e-02 -9.072700142860412598e-02 -1.126925796270370483e-01
-8.939588814973831177e-02 -5.488646030426025391e-02 -4.248226433992385864e-02 -4.831251874566078186e-02 -6.440001726150512695e-02 -8.252811431884765625e-02 -9.687887132167816162e-02 -1.054504513740539551e-01 -1.096291914582252502e-01 -1.120390370488166809e-01 -1.139036789536476135e-01 -1.135935410857200623e-01 -1.073576882481575012e-01 -9.185197949409484863e-02 -6.687539070844650269e-02 -3.650919720530509949e-02 -7.784125860780477524e-03 1.249119359999895096e-02 2.095584012567996979e-02 1.911498606204986572e-02 1.214065495878458023e-02 5.783430300652980804e-03 3.212729701772332191e-03 3.586391219869256020e-03 3.054504748433828354e-03 -2.581808250397443771e-03 -1.528434362262487411e-02 -3.382340073585510254e-02 -5.485686659812927246e-02 -7.506369799375534058e-02 -9.266767650842666626e-02 -1.071809083223342896e-01 -1.175777316093444824e-01 -1.204618141055107117e-01 -1.101360768079757690e-01 -8.143030852079391479e-02 -3.420355543494224548e-02 2.319442667067050934e-02 7.436995208263397217e-02 1.003789827227592468e-01 8.853325992822647095e-02 4.034195095300674438e-02 -2.604029886424541473e-02 -8.134170621633529663e-02 -9.724453836679458618e-02 -5.983694642782211304e-02 2.216325886547565460e-02 1.191253289580345154e-01 1.923025548458099365e-01 2.107827961444854736e-01 1.657326072454452515e-01 7.495504617691040039e-02 -2.475273609161376953e-02 -9.404092282056808472e-02 -1.084604933857917786e-01 -6.858892738819122314e-02 1.870314939878880978e-03 6.869343668222427368e-02 1.038169786334037781e-01 9.761917591094970703e-02 6.089574843645095825e-02 1.622674800455570221e-02 -1.592976413667201996e-02 -2.842504531145095825e-02 -2.964727953076362610e-02 -3.574589639902114868e-02 -5.760813504457473755e-02 -9.053303301334381104e-02 -1.132972240447998047e-01 -9.818460792303085327e-02 -2.726385369896888733e-02 9.382400661706924438e-02 2.327541857957839966e-01 3.412142097949981689e-01 3.754669725894927979e-01 3.173819184303283691e-01 1.855983734130859375e-01 3.071261011064052582e-02 -8.420071750879287720e-02 -1.094272509217262268e-01 -2.937162108719348907e-02 1.309536993503570557e-01 3.163773119449615479e-01 4.640034437179565430e-01 5.275743603706359863e-01 4.933908283710479736e-01 3.818150460720062256e-01 2.351337522268295288e-01 9.841597825288772583e-02 2.301268512383103371e-03 -4.530303180217742920e-02 -5.652232468128204346e-02 -5.293112620711326599e-02 -5.326715856790542603e-02 -6.537734717130661011e-02 -8.533381670713424683e-02 -1.027315109968185425e-01 -1.083497330546379089e-01 -9.984099864959716797e-02 -8.280719071626663208e-02 -6.736062467098236084e-02 -6.253062933683395386e-02 -7.161929458379745483e-02 -9.071245044469833374e-02 -1.107254698872566223e-01 -1.216575875878334045e-01 -1.169342845678329468e-01 -9.602226316928863525e-02 -6.452070921659469604e-02 -3.203454241156578064e-02 -8.835688233375549316e-03 -2.475677058100700378e-03 -1.529777608811855316e-02 -4.345868155360221863e-02 -7.774157077074050903e-02 -1.060877814888954163e-01 -1.173157319426536560e-01 -1.049828007817268372e-01 -7.002180069684982300e-02 -2.095967158675193787e-02 2.867089956998825073e-02 6.492870301008224487e-02 7.827513664960861206e-02 6.660126894712448120e-02 3.529098629951477051e-02 -5.417909473180770874e-03 -4.433660954236984253e-02 -7.303520292043685913e-02
-4.012053366750478745e-03 1.925877109169960022e-02 2.393912896513938904e-02 9.928906336426734924e-03 -1.464522164314985275e-02 -4.121981933712959290e-02 -6.408178806304931641e-02 -8.127535134553909302e-02 -9.366465359926223755e-02 -1.027145758271217346e-01 -1.081905663013458252e-01 -1.072183623909950256e-01 -9.548515081405639648e-02 -7.006686925888061523e-02 -3.223725408315658569e-02 1.157959084957838058e-02 5.159753933548927307e-02 7.850433140993118286e-02 8.738796412944793701e-02 7.963289320468902588e-02 6.174137443304061890e-02 4.174286872148513794e-02 2.519513852894306183e-02 1.296107005327939987e-02 1.858592266216874123e-03 -1.242172066122293472e-02 -3.203571587800979614e-02 -5.536400526762008667e-02 -7.795151323080062866e-02 -9.525407850742340088e-02 -1.052860915660858154e-01 -1.093557476997375488e-01 -1.103739812970161438e-01 -1.099211648106575012e-01 -1.062418296933174133e-01 -9.490196406841278076e-02 -7.214774936437606812e-02 -3.904838487505912781e-02 -3.558924887329339981e-03 2.154159359633922577e-02 2.457591891288757324e-02 1.958064734935760498e-03 -3.777585923671722412e-02 -7.588680088520050049e-02 -9.131879359483718872e-02 -7.115221768617630005e-02 -1.829700730741024017e-02 4.806749522686004639e-02 1.003766059875488281e-01 1.156028881669044495e-01 8.695905655622482300e-02 2.827038988471031189e-02 -3.168208524584770203e-02 -6.249723583459854126e-02 -4.674354940652847290e-02 1.150242052972316742e-02 8.856035768985748291e-02 1.525956690311431885e-01 1.787936985492706299e-01 1.605096608400344849e-01 1.107958704233169556e-01 5.384717881679534912e-02 1.130484696477651596e-02 -8.908015675842761993e-03 -1.500955689698457718e-02 -2.376049011945724487e-02 -4.730619862675666809e-02 -8.230850100517272949e-02 -1.082777082920074463e-01 -9.710103273391723633e-02 -2.941801398992538452e-02 9.084635227918624878e-02 2.323276251554489136e-01 3.461633920669555664e-01 3.865774869918823242e-01 3.327944278717041016e-01 2.015351057052612305e-01 4.327088594436645508e-02 -7.708570361137390137e-02 -1.069281101226806641e-01 -2.828639931976795197e-02 1.342663615942001343e-01 3.235996961593627930e-01 4.732887446880340576e-01 5.337611436843872070e-01 4.900900125503540039e-01 3.644872903823852539e-01 2.037091851234436035e-01 5.814816057682037354e-02 -3.765882924199104309e-02 -7.506700605154037476e-02 -6.901150196790695190e-02 -4.630834609270095825e-02 -3.129796683788299561e-02 -3.572305291891098022e-02 -5.666451901197433472e-02 -8.194561302661895752e-02 -9.895130991935729980e-02 -1.018411740660667419e-01 -9.377093613147735596e-02 -8.379616588354110718e-02 -8.088527619838714600e-02 -8.859417587518692017e-02 -1.031316071748733521e-01 -1.154776439070701599e-01 -1.161229386925697327e-01 -9.990415722131729126e-02 -6.868126988410949707e-02 -3.086148202419281006e-02 1.754301949404180050e-03 1.834325306117534637e-02 1.299013011157512665e-02 -1.305656787008047104e-02 -5.135030671954154968e-02 -8.836270123720169067e-02 -1.092228144407272339e-01 -1.021995842456817627e-01 -6.275012344121932983e-02 4.179262090474367142e-03 8.466248214244842529e-02 1.593969613313674927e-01 2.095247507095336914e-01 2.227395772933959961e-01 1.973984688520431519e-01 1.430519223213195801e-01 7.730836421251296997e-02 2.047490514814853668e-02 -9.985961951315402985e-03
7.297667860984802246e-02 8.279323577880859375e-02 7.832799851894378662e-02 5.791308358311653137e-02 2.949937433004379272e-02 5.057636299170553684e-04 -2.521071396768093109e-02 -4.716909676790237427e-02 -6.649056822061538696e-02 -8.354825526475906372e-02 -9.617837518453598022e-02 -9.955873340368270874e-02 -8.817087858915328979e-02 -5.908203125000000000e-02 -1.480180490761995316e-02 3.610441088676452637e-02 8.142796158790588379e-02 1.098891273140907288e-01 1.156849712133407593e-01 1.006606444716453552e-01 7.291918992996215820e-02 4.258340597152709961e-02 1.698076725006103516e-02 -2.170363906770944595e-03 -1.815054938197135925e-02 -3.575827926397323608e-02 -5.716815590858459473e-02 -7.970120012760162354e-02 -9.691578149795532227e-02 -1.024052798748016357e-01 -9.399930387735366821e-02 -7.573561370372772217e-02 -5.623244121670722961e-02 -4.423752054572105408e-02 -4.388956353068351746e-02 -5.252251029014587402e-02 -6.243136897683143616e-02 -6.568101793527603149e-02 -5.914691090583801270e-02 -4.669597744941711426e-02 -3.700150176882743835e-02 -3.807970508933067322e-02 -5.172768607735633850e-02 -7.133768498897552490e-02 -8.476671576499938965e-02 -8.099223673343658447e-02 -5.687163025140762329e-02 -1.992421038448810577e-02 1.494085229933261871e-02 3.342636674642562866e-02 3.034557960927486420e-02 1.370598934590816498e-02 1.576734939590096474e-03 1.282484829425811768e-02 5.637120828032493591e-02 1.248147413134574890e-01 1.962733268737792969e-01 2.440213710069656372e-01 2.492204904556274414e-01 2.101267874240875244e-01 1.427902281284332275e-01 7.270273566246032715e-02 2.176153101027011871e-02 -2.402450656518340111e-03 -8.808855898678302765e-03 -1.576962135732173920e-02 -3.780080378055572510e-02 -7.428514957427978516e-02 -1.068044677376747131e-01 -1.075699776411056519e-01 -5.522776022553443909e-02 5.020359158515930176e-02 1.818240582942962646e-01 2.940206527709960938e-01 3.416506052017211914e-01 3.015770912170410156e-01 1.859837323427200317e-01 4.026583209633827209e-02 -7.455873489379882812e-02 -1.075009629130363464e-01 -3.980799019336700439e-02 1.064268499612808228e-01 2.772133648395538330e-01 4.090955853462219238e-01 4.549545645713806152e-01 4.018641710281372070e-01 2.737153470516204834e-01 1.185002550482749939e-01 -1.305609662085771561e-02 -8.754717558622360229e-02 -9.917267411947250366e-02 -6.704589724540710449e-02 -2.247446961700916290e-02 6.704690866172313690e-03 7.295471150428056717e-03 -1.686728559434413910e-02 -5.084487423300743103e-02 -7.851563394069671631e-02 -9.094801545143127441e-02 -8.935163915157318115e-02 -8.206945657730102539e-02 -7.818852365016937256e-02 -8.170568943023681641e-02 -8.934453874826431274e-02 -9.281027317047119141e-02 -8.386468887329101562e-02 -5.933175235986709595e-02 -2.348049543797969818e-02 1.323246117681264877e-02 3.827993199229240417e-02 4.209856688976287842e-02 2.198221534490585327e-02 -1.648263446986675262e-02 -6.069914251565933228e-02 -9.446709603071212769e-02 -1.024933606386184692e-01 -7.489544153213500977e-02 -1.063081063330173492e-02 8.112142235040664673e-02 1.823421567678451538e-01 2.704298794269561768e-01 3.244977593421936035e-01 3.318991661071777344e-01 2.927048802375793457e-01 2.203439772129058838e-01 1.380199939012527466e-01 7.223072648048400879e-02 4.583855718374252319e-02
1.080342903733253479e-01 1.097805649042129517e-01 1.003433540463447571e-01 8.004732429981231689e-02 5.650712549686431885e-02 3.462255746126174927e-02 1.485532708466053009e-02 -5.068403203040361404e-03 -2.739432267844676971e-02 -5.183517932891845703e-02 -7.433596253395080566e-02 -8.783519268035888672e-02 -8.503826707601547241e-02 -6.217984482645988464e-02 -2.195338904857635498e-02 2.614899538457393646e-02 6.873431801795959473e-02 9.361156076192855835e-02 9.473913908004760742e-02 7.451122254133224487e-02 4.212628304958343506e-02 8.827415294945240021e-03 -1.747650280594825745e-02 -3.531094267964363098e-02 -4.879887029528617859e-02 -6.346019357442855835e-02 -8.119975030422210693e-02 -9.760367870330810547e-02 -1.034247353672981262e-01 -8.972803503274917603e-02 -5.392965674400329590e-02 -3.201182233169674873e-03 4.705653339624404907e-02 7.934744656085968018e-02 8.191480487585067749e-02 5.427365005016326904e-02 7.501095533370971680e-03 -4.096090048551559448e-02 -7.535772025585174561e-02 -8.841484040021896362e-02 -8.349286019802093506e-02 -7.127497345209121704e-02 -6.309767812490463257e-02 -6.473379582166671753e-02 -7.396576553583145142e-02 -8.295639604330062866e-02 -8.360815048217773438e-02 -7.244285941123962402e-02 -5.199383199214935303e-02 -2.799049206078052521e-02 -4.347793292254209518e-03 2.052599564194679260e-02 5.328946560621261597e-02 1.008444577455520630e-01 1.638060063123703003e-01 2.324366420507431030e-01 2.882318198680877686e-01 3.112696409225463867e-01 2.899499833583831787e-01 2.278943359851837158e-01 1.438040733337402344e-01 6.363102793693542480e-02 8.659847080707550049e-03 -1.434048172086477280e-02 -1.544803939759731293e-02 -1.476699579507112503e-02 -2.980860695242881775e-02 -6.388351321220397949e-02 -1.022093668580055237e-01 -1.185987144708633423e-01 -8.989675343036651611e-02 -1.079341210424900055e-02 9.920898079872131348e-02 2.013470232486724854e-01 2.540461719036102295e-01 2.327874600887298584e-01 1.435851454734802246e-01 2.286252565681934357e-02 -7.710096240043640137e-02 -1.109121814370155334e-01 -6.054869666695594788e-02 5.604821816086769104e-02 1.924068182706832886e-01 2.936051487922668457e-01 3.197552561759948730e-01 2.622509598731994629e-01 1.457840204238891602e-01 1.593025401234626770e-02 -8.131062984466552734e-02 -1.183880269527435303e-01 -9.529296308755874634e-02 -3.581845015287399292e-02 2.593043819069862366e-02 6.157036125659942627e-02 5.948085710406303406e-02 2.657535672187805176e-02 -1.856852881610393524e-02 -5.659380555152893066e-02 -7.640030235052108765e-02 -7.826900482177734375e-02 -7.058086246252059937e-02 -6.296019256114959717e-02 -6.009543314576148987e-02 -5.952495336532592773e-02 -5.411997810006141663e-02 -3.737567365169525146e-02 -8.303189650177955627e-03 2.677481248974800110e-02 5.637925118207931519e-02 6.877302378416061401e-02 5.718493461608886719e-02 2.305054478347301483e-02 -2.389346063137054443e-02 -6.839589774608612061e-02 -9.410780668258666992e-02 -8.814741671085357666e-02 -4.468023777008056641e-02 3.312338143587112427e-02 1.330685019493103027e-01 2.360241413116455078e-01 3.200712502002716064e-01 3.661367297172546387e-01 3.637814521789550781e-01 3.152397572994232178e-01 2.359452098608016968e-01 1.508605778217315674e-01 8.762282133102416992e-02 6.903734058141708374e-02
8.810970932245254517e-02 8.951877057552337646e-02 8.241151273250579834e-02 7.135125249624252319e-02 6.289204210042953491e-02 5.818107351660728455e-02 5.329191684722900391e-02 4.250724986195564270e-02 2.194716595113277435e-02 -7.860613986849784851e-03 -4.127774760127067566e-02 -6.907750666141510010e-02 -8.187184482812881470e-02 -7.424935698509216309e-02 -4.780600592494010925e-02 -1.140721701085567474e-02 2.186578512191772461e-02 3.998631611466407776e-02 3.706092014908790588e-02 1.565900444984436035e-02 -1.490609720349311829e-02 -4.354095086455345154e-02 -6.295639276504516602e-02 -7.278360426425933838e-02 -7.840342819690704346e-02 -8.607637137174606323e-02 -9.719506651163101196e-02 -1.052353829145431519e-01 -9.770526736974716187e-02 -6.265874952077865601e-02 3.395965788513422012e-03 9.055528044700622559e-02 1.767610460519790649e-01 2.354233711957931519e-01 2.462652921676635742e-01 2.043199688196182251e-01 1.226392090320587158e-01 2.720491774380207062e-02 -5.369127541780471802e-02 -1.006654724478721619e-01 -1.099217981100082397e-01 -9.261431545019149780e-02 -6.775415688753128052e-02 -5.255294591188430786e-02 -5.498253926634788513e-02 -7.174536585807800293e-02 -9.178802371025085449e-02 -1.026875525712966919e-01 -9.618282318115234375e-02 -7.023300975561141968e-02 -2.743069641292095184e-02 2.817650139331817627e-02 9.312942624092102051e-02 1.639508008956909180e-01 2.346098423004150391e-01 2.945309877395629883e-01 3.296634256839752197e-01 3.273029327392578125e-01 2.827140688896179199e-01 2.038121819496154785e-01 1.105114072561264038e-01 2.790093049407005310e-02 -2.411257661879062653e-02 -3.964350745081901550e-02 -2.929267846047878265e-02 -1.436587050557136536e-02 -1.530689932405948639e-02 -4.017111286520957947e-02 -7.939437031745910645e-02 -1.101388335227966309e-01 -1.085109561681747437e-01 -6.354361027479171753e-02 1.455419976264238358e-02 9.681265056133270264e-02 1.481556892395019531e-01 1.444251984357833862e-01 8.525992929935455322e-02 -4.014754667878150940e-03 -8.304461836814880371e-02 -1.149224191904067993e-01 -8.367082476615905762e-02 -2.180139767006039619e-03 9.340695291757583618e-02 1.602895259857177734e-01 1.686744093894958496e-01 1.151787191629409790e-01 2.377748861908912659e-02 -6.580980867147445679e-02 -1.164339259266853333e-01 -1.097466275095939636e-01 -5.298633873462677002e-02 2.616640925407409668e-02 9.338188916444778442e-02 1.230487450957298279e-01 1.080359667539596558e-01 6.001890823245048523e-02 1.417634310200810432e-03 -4.613981395959854126e-02 -7.087755948305130005e-02 -7.352472096681594849e-02 -6.336802244186401367e-02 -5.087918415665626526e-02 -4.140188172459602356e-02 -3.318630903959274292e-02 -2.026189863681793213e-02 2.100911922752857208e-03 3.281678259372711182e-02 6.399068236351013184e-02 8.402231335639953613e-02 8.307608217000961304e-02 5.805343762040138245e-02 1.466824673116207123e-02 -3.415649756789207458e-02 -7.257729023694992065e-02 -8.681140840053558350e-02 -6.895427405834197998e-02 -1.871914416551589966e-02 5.678663402795791626e-02 1.446182578802108765e-01 2.283696234226226807e-01 2.912320494651794434e-01 3.197007179260253906e-01 3.074682950973510742e-01 2.583394944667816162e-01 1.866398304700851440e-01 1.141114160418510437e-01 6.373438239097595215e-02 5.270469561219215393e-02
2.631839364767074585e-02 3.155124187469482422e-02 3.333651274442672729e-02 3.944355249404907227e-02 5.372603237628936768e-02 7.269357144832611084e-02 8.793286234140396118e-02 9.053546190261840820e-02 7.515098899602890015e-02 4.239991679787635803e-02 -9.079742012545466423e-04 -4.380460456013679504e-02 -7.492743432521820068e-02 -8.681137114763259888e-02 -7.901246100664138794e-02 -5.852541327476501465e-02 -3.696741536259651184e-02 -2.553431503474712372e-02 -3.001590445637702942e-02 -4.837867990136146545e-02 -7.227890193462371826e-02 -9.182288497686386108e-02 -1.010226085782051086e-01 -1.008139699697494507e-01 -9.768970310688018799e-02 -9.844613820314407349e-02 -1.039507836103439331e-01 -1.057978197932243347e-01 -8.851639181375503540e-02 -3.709629923105239868e-02 5.353450030088424683e-02 1.720618754625320435e-01 2.914067208766937256e-01 3.772280812263488770e-01 4.011500179767608643e-01 3.528779447078704834e-01 2.454709261655807495e-01 1.109971702098846436e-01 -1.176181342452764511e-02 -9.216545522212982178e-02 -1.185802891850471497e-01 -1.006870791316032410e-01 -6.275004893541336060e-02 -3.150801360607147217e-02 -2.451322600245475769e-02 -4.398809373378753662e-02 -7.817544043064117432e-02 -1.084509342908859253e-01 -1.180577278137207031e-01 -9.828396141529083252e-02 -4.996007680892944336e-02 1.906970515847206116e-02 9.796670824289321899e-02 1.758259981870651245e-01 2.424798905849456787e-01 2.880957126617431641e-01 3.034826219081878662e-01 2.823913693428039551e-01 2.252576351165771484e-01 1.420969516038894653e-01 5.188867077231407166e-02 -2.270165458321571350e-02 -6.374303996562957764e-02 -6.579869985580444336e-02 -3.882652893662452698e-02 -4.032150842249393463e-03 1.597092114388942719e-02 8.132844232022762299e-03 -2.450679801404476166e-02 -6.437622755765914917e-02 -8.859065920114517212e-02 -8.131607621908187866e-02 -4.285752028226852417e-02 9.501656517386436462e-03 4.970634356141090393e-02 5.619766190648078918e-02 2.341872081160545349e-02 -3.457669168710708618e-02 -9.058160334825515747e-02 -1.177026703953742981e-01 -1.030285209417343140e-01 -5.442851781845092773e-02 3.162570763379335403e-03 4.024431481957435608e-02 3.776519373059272766e-02 -2.959523815661668777e-03 -6.047949194908142090e-02 -1.035108715295791626e-01 -1.061693504452705383e-01 -6.059386208653450012e-02 1.915251091122627258e-02 1.035745367407798767e-01 1.611715108156204224e-01 1.721347421407699585e-01 1.358910501003265381e-01 6.945774704217910767e-02 -1.771566923707723618e-03 -5.569282174110412598e-02 -8.183280378580093384e-02 -8.287797123193740845e-02 -6.972129642963409424e-02 -5.360372364521026611e-02 -3.995917737483978271e-02 -2.705626375973224640e-02 -9.506055153906345367e-03 1.605479232966899872e-02 4.681176692247390747e-02 7.370973378419876099e-02 8.553012460470199585e-02 7.477848231792449951e-02 4.211115092039108276e-02 -3.056265413761138916e-03 -4.598879814147949219e-02 -7.226886600255966187e-02 -7.287228852510452271e-02 -4.656070470809936523e-02 8.888665470294654369e-04 5.950029939413070679e-02 1.181902959942817688e-01 1.668806523084640503e-01 1.975205540657043457e-01 2.047884762287139893e-01 1.872171759605407715e-01 1.486080884933471680e-01 9.858769923448562622e-02 5.091536417603492737e-02 1.914785616099834442e-02 1.119526289403438568e-02
-4.637657105922698975e-02 -3.982266411185264587e-02 -2.649296633899211884e-02 -5.149504067958332598e-05 3.844650089740753174e-02 8.071200549602508545e-02 1.148620173335075378e-01 1.300779432058334351e-01 1.204065829515457153e-01 8.671500533819198608e-02 3.650255128741264343e-02 -1.829532347619533539e-02 -6.498573720455169678e-02 -9.425935894250869751e-02 -1.033513173460960388e-01 -9.682346880435943604e-02 -8.435068279504776001e-02 -7.623781263828277588e-02 -7.865536957979202271e-02 -9.097444266080856323e-02 -1.066942960023880005e-01 -1.175889298319816589e-01 -1.188140064477920532e-01 -1.119359135627746582e-01 -1.037778034806251526e-01 -1.012956798076629639e-01 -1.051960438489913940e-01 -1.062284037470817566e-01 -8.714444935321807861e-02 -3.047532215714454651e-02 7.107903063297271729e-02 2.068926542997360229e-01 3.479692935943603516e-01 4.553369879722595215e-01 4.944927394390106201e-01 4.497869908809661865e-01 3.321107923984527588e-01 1.759597510099411011e-01 2.670860104262828827e-02 -7.654850184917449951e-02 -1.151665225625038147e-01 -9.612088650465011597e-02 -4.637377336621284485e-02 4.623616405297070742e-04 1.881388947367668152e-02 7.296457770280539989e-04 -4.320738464593887329e-02 -9.092482924461364746e-02 -1.196613162755966187e-01 -1.152447685599327087e-01 -7.615077495574951172e-02 -1.174787338823080063e-02 6.303003430366516113e-02 1.332173645496368408e-01 1.870932728052139282e-01 2.168108522891998291e-01 2.177919596433639526e-01 1.887228190898895264e-01 1.328877657651901245e-01 5.985300987958908081e-02 -1.454925257712602615e-02 -7.150023430585861206e-02 -9.541866183280944824e-02 -8.064088970422744751e-02 -3.503933548927307129e-02 2.196971885859966278e-02 6.691779196262359619e-02 8.218025416135787964e-02 6.357521563768386841e-02 2.178097702562808990e-02 -2.333252690732479095e-02 -5.272607132792472839e-02 -5.749767273664474487e-02 -4.269861802458763123e-02 -2.374009788036346436e-02 -1.740479841828346252e-02 -3.237097337841987610e-02 -6.441242992877960205e-02 -9.887899458408355713e-02 -1.190548241138458252e-01 -1.157228276133537292e-01 -9.254371374845504761e-02 -6.411966681480407715e-02 -4.765039309859275818e-02 -5.270182341337203979e-02 -7.479913532733917236e-02 -9.662811458110809326e-02 -9.658312797546386719e-02 -6.039914488792419434e-02 1.018838956952095032e-02 9.641315788030624390e-02 1.698645204305648804e-01 2.047767937183380127e-01 1.892316341400146484e-01 1.299050003290176392e-01 4.832502081990242004e-02 -2.913718298077583313e-02 -8.237747102975845337e-02 -1.044307574629783630e-01 -1.013185083866119385e-01 -8.587907999753952026e-02 -6.955948472023010254e-02 -5.677671730518341064e-02 -4.456819593906402588e-02 -2.703224867582321167e-02 -1.366351265460252762e-03 2.840042673051357269e-02 5.232131853699684143e-02 5.959172546863555908e-02 4.479996860027313232e-02 1.172461826354265213e-02 -2.755928598344326019e-02 -5.786598473787307739e-02 -6.763580441474914551e-02 -5.373784527182579041e-02 -2.205238118767738342e-02 1.607708260416984558e-02 4.928183183073997498e-02 7.052716612815856934e-02 7.842674851417541504e-02 7.555398344993591309e-02 6.551456451416015625e-02 5.093500018119812012e-02 3.341978415846824646e-02 1.476123463362455368e-02 -2.461665077134966850e-03 -1.634874008595943451e-02 -2.869459427893161774e-02
-9.818410128355026245e-02 -9.809657931327819824e-02 -7.542829960584640503e-02 -3.191937506198883057e-02 2.465413697063922882e-02 8.214167505502700806e-02 1.272734254598617554e-01 1.493619978427886963e-01 1.431220024824142456e-01 1.099100187420845032e-01 5.728191882371902466e-02 -2.957533346489071846e-03 -5.787936970591545105e-02 -9.708755463361740112e-02 -1.158385500311851501e-01 -1.163606494665145874e-01 -1.065437495708465576e-01 -9.625796228647232056e-02 -9.282993525266647339e-02 -9.788115322589874268e-02 -1.072553321719169617e-01 -1.141877844929695129e-01 -1.139814332127571106e-01 -1.073623299598693848e-01 -1.001739203929901123e-01 -9.907079488039016724e-02 -1.053790375590324402e-01 -1.108600273728370667e-01 -9.866481274366378784e-02 -5.027057975530624390e-02 4.418942704796791077e-02 1.772406995296478271e-01 3.220843672752380371e-01 4.396453201770782471e-01 4.926646351814270020e-01 4.610683619976043701e-01 3.516095876693725586e-01 1.969276666641235352e-01 4.381847009062767029e-02 -6.451473385095596313e-02 -1.046024635434150696e-01 -8.030356466770172119e-02 -1.884359680116176605e-02 4.245301708579063416e-02 7.243984937667846680e-02 5.818895250558853149e-02 8.007501251995563507e-03 -5.487314611673355103e-02 -1.040216311812400818e-01 -1.210831180214881897e-01 -1.017870828509330750e-01 -5.504964292049407959e-02 2.983581740409135818e-03 5.612552538514137268e-02 9.305499494075775146e-02 1.085198000073432922e-01 1.018282324075698853e-01 7.491132616996765137e-02 3.177995234727859497e-02 -2.049516141414642334e-02 -7.082425057888031006e-02 -1.051555126905441284e-01 -1.104031726717948914e-01 -8.005330711603164673e-02 -1.862492412328720093e-02 5.789802595973014832e-02 1.268014758825302124e-01 1.669898033142089844e-01 1.672648787498474121e-01 1.305622160434722900e-01 7.201209664344787598e-02 1.175231765955686569e-02 -3.393595665693283081e-02 -5.881744995713233948e-02 -6.738632917404174805e-02 -7.020210474729537964e-02 -7.684319466352462769e-02 -9.052587300539016724e-02 -1.072307601571083069e-01 -1.194160059094429016e-01 -1.216870024800300598e-01 -1.147042959928512573e-01 -1.047678440809249878e-01 -9.923599660396575928e-02 -1.006154865026473999e-01 -1.031889840960502625e-01 -9.475979954004287720e-02 -6.315235048532485962e-02 -4.177115857601165771e-03 7.344342023134231567e-02 1.493920683860778809e-01 1.993240118026733398e-01 2.052998691797256470e-01 1.639846265316009521e-01 8.846081048250198364e-02 2.668452914804220200e-03 -6.880150735378265381e-02 -1.105413138866424561e-01 -1.211110800504684448e-01 -1.108528599143028259e-01 -9.447047114372253418e-02 -8.269705623388290405e-02 -7.752919942140579224e-02 -7.324219495058059692e-02 -6.203744560480117798e-02 -4.060799628496170044e-02 -1.354938745498657227e-02 8.474928326904773712e-03 1.475390512496232986e-02 1.177673228085041046e-03 -2.646856009960174561e-02 -5.467111244797706604e-02 -6.881932169198989868e-02 -6.074912101030349731e-02 -3.308214619755744934e-02 2.013168297708034515e-03 2.895515039563179016e-02 3.645459190011024475e-02 2.271549962460994720e-02 -4.432433750480413437e-03 -3.217257931828498840e-02 -4.928054660558700562e-02 -5.104890093207359314e-02 -4.032993689179420471e-02 -2.503667213022708893e-02 -1.454044785350561142e-02 -1.763362810015678406e-02 -4.278534650802612305e-02
-1.124733611941337585e-01 -1.270761638879776001e-01 -1.006141901016235352e-01 -4.871404170989990234e-02 1.383284479379653931e-02 7.317400723695755005e-02 1.174005195498466492e-01 1.381711065769195557e-01 1.320047527551651001e-01 1.007309556007385254e-01 5.106473341584205627e-02 -6.643644999712705612e-03 -6.052693724632263184e-02 -1.000823676586151123e-01 -1.191985011100769043e-01 -1.181746572256088257e-01 -1.035639047622680664e-01 -8.546113222837448120e-02 -7.317006587982177734e-02 -7.125657796859741211e-02 -7.806710153818130493e-02 -8.761104941368103027e-02 -9.381507337093353271e-02 -9.463249146938323975e-02 -9.333343058824539185e-02 -9.579309076070785522e-02 -1.050302833318710327e-01 -1.162520870566368103e-01 -1.159462034702301025e-01 -8.671677857637405396e-02 -1.638414710760116577e-02 9.295789897441864014e-02 2.210377454757690430e-01 3.338317275047302246e-01 3.955688774585723877e-01 3.835458159446716309e-01 2.990041673183441162e-01 1.685930043458938599e-01 3.503249585628509521e-02 -5.938137322664260864e-02 -8.931682258844375610e-02 -5.571088194847106934e-02 1.615273579955101013e-02 8.862643688917160034e-02 1.280590146780014038e-01 1.181373894214630127e-01 6.463404744863510132e-02 -9.702012874186038971e-03 -7.678908854722976685e-02 -1.154507473111152649e-01 -1.187628582119941711e-01 -9.404508769512176514e-02 -5.685186013579368591e-02 -2.292783185839653015e-02 -2.310270676389336586e-03 2.213509986177086830e-03 -7.111138664186000824e-03 -2.642589621245861053e-02 -5.222503468394279480e-02 -8.081276714801788330e-02 -1.063340529799461365e-01 -1.197074055671691895e-01 -1.103346198797225952e-01 -7.058994472026824951e-02 -9.816603269428014755e-04 8.710423111915588379e-02 1.733090877532958984e-01 2.347667068243026733e-01 2.545295655727386475e-01 2.280916720628738403e-01 1.648933440446853638e-01 8.410197496414184570e-02 6.751427426934242249e-03 -5.200264975428581238e-02 -8.705902099609375000e-02 -1.025713756680488586e-01 -1.073720604181289673e-01 -1.095444634556770325e-01 -1.130413189530372620e-01 -1.176267340779304504e-01 -1.212704479694366455e-01 -1.227621063590049744e-01 -1.225109174847602844e-01 -1.210424751043319702e-01 -1.165508627891540527e-01 -1.037704199552536011e-01 -7.575400173664093018e-02 -2.823149226605892181e-02 3.575132414698600769e-02 1.039566546678543091e-01 1.577759385108947754e-01 1.792016625404357910e-01 1.589030623435974121e-01 1.013201475143432617e-01 2.384555339813232422e-02 -4.996326193213462830e-02 -1.001026332378387451e-01 -1.181021928787231445e-01 -1.093869805335998535e-01 -8.900021016597747803e-02 -7.309032976627349854e-02 -7.070997357368469238e-02 -8.017209917306900024e-02 -9.162275493144989014e-02 -9.404342621564865112e-02 -8.249368518590927124e-02 -6.137757748365402222e-02 -4.186766967177391052e-02 -3.502567857503890991e-02 -4.468832165002822876e-02 -6.439632177352905273e-02 -8.038759976625442505e-02 -7.920268923044204712e-02 -5.572137609124183655e-02 -1.703262515366077423e-02 2.027997374534606934e-02 3.825285658240318298e-02 2.685001119971275330e-02 -1.049200072884559631e-02 -5.806881934404373169e-02 -9.525373578071594238e-02 -1.061554849147796631e-01 -8.670827746391296387e-02 -4.596923664212226868e-02 -1.730737159959971905e-03 2.644575759768486023e-02 2.282539755105972290e-02 -2.234169282019138336e-02
-9.426967799663543701e-02 -1.268074959516525269e-01 -1.024663597345352173e-01 -5.300585925579071045e-02 1.656225300393998623e-03 4.903182387351989746e-02 8.128693699836730957e-02 9.408499300479888916e-02 8.619008213281631470e-02 5.932646989822387695e-02 1.817410811781883240e-02 -2.972632832825183868e-02 -7.471738755702972412e-02 -1.069454848766326904e-01 -1.193229407072067261e-01 -1.104364395141601562e-01 -8.577844500541687012e-02 -5.614451318979263306e-02 -3.343281149864196777e-02 -2.564582228660583496e-02 -3.363096714019775391e-02 -5.139769986271858215e-02 -6.995831429958343506e-02 -8.258476853370666504e-02 -8.839667588472366333e-02 -9.200176596641540527e-02 -9.918142110109329224e-02 -1.111115962266921997e-01 -1.208378523588180542e-01 -1.148122176527976990e-01 -7.956156879663467407e-02 -1.042327657341957092e-02 8.246029168367385864e-02 1.748864799737930298e-01 2.369069904088973999e-01 2.455450147390365601e-01 1.960359215736389160e-01 1.058528497815132141e-01 8.908225223422050476e-03 -5.801116302609443665e-02 -7.063472270965576172e-02 -2.739530615508556366e-02 5.028701201081275940e-02 1.276899427175521851e-01 1.718581467866897583e-01 1.651006489992141724e-01 1.109854504466056824e-01 3.071015886962413788e-02 -4.766762629151344299e-02 -1.015626788139343262e-01 -1.220207586884498596e-01 -1.146007925271987915e-01 -9.374771267175674438e-02 -7.445240765810012817e-02 -6.571944802999496460e-02 -6.865222752094268799e-02 -7.900656759738922119e-02 -9.161897748708724976e-02 -1.035022437572479248e-01 -1.137936562299728394e-01 -1.211328804492950439e-01 -1.209085658192634583e-01 -1.049936339259147644e-01 -6.499692797660827637e-02 2.323531778529286385e-03 9.054522961378097534e-02 1.829712390899658203e-01 2.570684254169464111e-01 2.924195528030395508e-01 2.786586582660675049e-01 2.196624726057052612e-01 1.320153325796127319e-01 3.851123154163360596e-02 -4.024064913392066956e-02 -9.236396104097366333e-02 -1.168723255395889282e-01 -1.212171688675880432e-01 -1.161582022905349731e-01 -1.107709333300590515e-01 -1.097223311662673950e-01 -1.132914051413536072e-01 -1.190647110342979431e-01 -1.236802786588668823e-01 -1.236015707254409790e-01 -1.150967851281166077e-01 -9.445174038410186768e-02 -5.931378155946731567e-02 -1.102064270526170731e-02 4.344769194722175598e-02 9.169963747262954712e-02 1.193217113614082336e-01 1.156187430024147034e-01 7.917198538780212402e-02 2.015339210629463196e-02 -4.246272891759872437e-02 -8.816682547330856323e-02 -1.035561338067054749e-01 -8.818898350000381470e-02 -5.458774790167808533e-02 -2.215512655675411224e-02 -7.892508059740066528e-03 -1.853987760841846466e-02 -4.808881133794784546e-02 -8.182954043149948120e-02 -1.046379506587982178e-01 -1.089612245559692383e-01 -9.817658364772796631e-02 -8.359652012586593628e-02 -7.696639746427536011e-02 -8.286336064338684082e-02 -9.549936652183532715e-02 -1.019528806209564209e-01 -9.014873951673507690e-02 -5.705285444855690002e-02 -1.219792570918798447e-02 2.590462006628513336e-02 3.896823525428771973e-02 1.898378878831863403e-02 -2.638010308146476746e-02 -7.623552531003952026e-02 -1.058738082647323608e-01 -9.848085790872573853e-02 -5.331700295209884644e-02 1.355867553502321243e-02 7.595089077949523926e-02 1.077494025230407715e-01 9.151766449213027954e-02 2.207733318209648132e-02
-6.467454880475997925e-02 -1.104928329586982727e-01 -9.174033254384994507e-02 -5.365531519055366516e-02 -1.742669567465782166e-02 9.034142829477787018e-03 2.384597063064575195e-02 2.716776356101036072e-02 1.941531151533126831e-02 9.943027980625629425e-04 -2.680457010865211487e-02 -6.036344170570373535e-02 -9.288825094699859619e-02 -1.153346747159957886e-01 -1.194323673844337463e-01 -1.017088741064071655e-01 -6.634686887264251709e-02 -2.484334819018840790e-02 8.063553832471370697e-03 2.062504552304744720e-02 9.411898441612720490e-03 -1.916573010385036469e-02 -5.219619721174240112e-02 -7.687546312808990479e-02 -8.688449114561080933e-02 -8.500416576862335205e-02 -8.043775707483291626e-02 -8.229991048574447632e-02 -9.303313493728637695e-02 -1.057535409927368164e-01 -1.074503660202026367e-01 -8.663300424814224243e-02 -4.127594828605651855e-02 1.763569749891757965e-02 6.956025958061218262e-02 9.372993558645248413e-02 7.986395061016082764e-02 3.463731706142425537e-02 -1.987806148827075958e-02 -5.561364442110061646e-02 -5.149238929152488708e-02 -3.734232857823371887e-03 7.164840400218963623e-02 1.455218940973281860e-01 1.883407384157180786e-01 1.828554868698120117e-01 1.309051066637039185e-01 5.142019689083099365e-02 -2.889966405928134918e-02 -8.737216144800186157e-02 -1.139229610562324524e-01 -1.128803640604019165e-01 -9.804615378379821777e-02 -8.439940959215164185e-02 -8.102069050073623657e-02 -8.853644877672195435e-02 -1.015003025531768799e-01 -1.133650168776512146e-01 -1.205803453922271729e-01 -1.233713030815124512e-01 -1.231525093317031860e-01 -1.188042014837265015e-01 -1.048057898879051208e-01 -7.305698096752166748e-02 -1.783263497054576874e-02 5.883992090821266174e-02 1.447217762470245361e-01 2.198354750871658325e-01 2.633049190044403076e-01 2.615883350372314453e-01 2.142254561185836792e-01 1.343256086111068726e-01 4.354964196681976318e-02 -3.605923801660537720e-02 -8.969368785619735718e-02 -1.136775687336921692e-01 -1.144703030586242676e-01 -1.039547473192214966e-01 -9.365736693143844604e-02 -9.052584320306777954e-02 -9.561333805322647095e-02 -1.053626239299774170e-01 -1.141017675399780273e-01 -1.163181960582733154e-01 -1.080431193113327026e-01 -8.755458146333694458e-02 -5.594383552670478821e-02 -1.770193502306938171e-02 1.921662874519824982e-02 4.473203793168067932e-02 4.977178946137428284e-02 3.042357973754405975e-02 -8.799850940704345703e-03 -5.473236739635467529e-02 -8.942887932062149048e-02 -9.717068821191787720e-02 -7.169018685817718506e-02 -2.003973163664340973e-02 3.926049545407295227e-02 8.350154757499694824e-02 9.539476782083511353e-02 7.049557566642761230e-02 1.878199540078639984e-02 -4.044603183865547180e-02 -8.779718726873397827e-02 -1.124588102102279663e-01 -1.159221455454826355e-01 -1.090383455157279968e-01 -1.043002381920814514e-01 -1.078482866287231445e-01 -1.158191040158271790e-01 -1.171686723828315735e-01 -1.013464555144309998e-01 -6.627549231052398682e-02 -2.170262299478054047e-02 1.454859972000122070e-02 2.585659176111221313e-02 6.687558256089687347e-03 -3.257083520293235779e-02 -6.904747337102890015e-02 -7.793340086936950684e-02 -4.502139613032341003e-02 2.516661956906318665e-02 1.099148765206336975e-01 1.772917062044143677e-01 1.990372538566589355e-01 1.610809713602066040e-01 6.717476993799209595e-02
-4.747079685330390930e-02 -9.512703120708465576e-02 -8.163230121135711670e-02 -5.881568789482116699e-02 -4.442792013287544250e-02 -3.942985832691192627e-02 -3.933995217084884644e-02 -4.042772576212882996e-02 -4.219044372439384460e-02 -4.713512957096099854e-02 -5.855331942439079285e-02 -7.732840627431869507e-02 -9.947723150253295898e-02 -1.162034273147583008e-01 -1.171798631548881531e-01 -9.590944647789001465e-02 -5.442001670598983765e-02 -4.356361459940671921e-03 3.687757998704910278e-02 5.361597985029220581e-02 3.950307145714759827e-02 1.112248050048947334e-03 -4.464141279458999634e-02 -7.836353778839111328e-02 -8.749157190322875977e-02 -7.226384431123733521e-02 -4.515872895717620850e-02 -2.401337400078773499e-02 -2.241588942706584930e-02 -4.248112812638282776e-02 -7.388628274202346802e-02 -9.967999905347824097e-02 -1.056907996535301208e-01 -8.836698532104492188e-02 -5.669927597045898438e-02 -2.709836885333061218e-02 -1.398459170013666153e-02 -2.127153426408767700e-02 -3.953958675265312195e-02 -5.067305639386177063e-02 -3.768905624747276306e-02 5.396684166043996811e-03 6.897272914648056030e-02 1.311272382736206055e-01 1.673628687858581543e-01 1.619227528572082520e-01 1.150962859392166138e-01 4.296419769525527954e-02 -3.009753860533237457e-02 -8.225882053375244141e-02 -1.030699163675308228e-01 -9.626829624176025391e-02 -7.581906765699386597e-02 -5.786776170134544373e-02 -5.304436758160591125e-02 -6.285672634840011597e-02 -8.131548017263412476e-02 -9.999740868806838989e-02 -1.131143122911453247e-01 -1.196190044283866882e-01 -1.215247362852096558e-01 -1.200794801115989685e-01 -1.127500981092453003e-01 -9.339180588722229004e-02 -5.589705705642700195e-02 6.916624843142926693e-04 6.877348572015762329e-02 1.329368650913238525e-01 1.751102656126022339e-01 1.819013804197311401e-01 1.505742818117141724e-01 9.065705537796020508e-02 2.030236274003982544e-02 -4.090292379260063171e-02 -7.932437211275100708e-02 -9.158421307802200317e-02 -8.418055623769760132e-02 -6.913457065820693970e-02 -5.810938403010368347e-02 -5.778644979000091553e-02 -6.824100762605667114e-02 -8.436008542776107788e-02 -9.897023439407348633e-02 -1.059369072318077087e-01 -1.020616590976715088e-01 -8.758102357387542725e-02 -6.576735526323318481e-02 -4.217750206589698792e-02 -2.365326508879661560e-02 -1.677331700921058655e-02 -2.556892484426498413e-02 -4.898867383599281311e-02 -7.936897128820419312e-02 -1.033544838428497314e-01 -1.059044748544692993e-01 -7.643326371908187866e-02 -1.459213066846132278e-02 6.729944050312042236e-02 1.470748186111450195e-01 2.003336995840072632e-01 2.098848223686218262e-01 1.727822124958038330e-01 1.015248373150825500e-01 1.864270493388175964e-02 -5.287491902709007263e-02 -9.874206036329269409e-02 -1.177513673901557922e-01 -1.194717958569526672e-01 -1.168908253312110901e-01 -1.182716861367225647e-01 -1.228080689907073975e-01 -1.224101856350898743e-01 -1.083612963557243347e-01 -7.866144925355911255e-02 -4.132910445332527161e-02 -1.117724925279617310e-02 -1.434613019227981567e-03 -1.487161312252283096e-02 -3.985558822751045227e-02 -5.438598617911338806e-02 -3.681497275829315186e-02 2.198524586856365204e-02 1.115122437477111816e-01 2.037990838289260864e-01 2.643529772758483887e-01 2.667409777641296387e-01 2.037271261215209961e-01 8.959047496318817139e-02
-5.605384334921836853e-02 -9.175074100494384766e-02 -7.990945130586624146e-02 -7.015834003686904907e-02 -7.282264530658721924e-02 -8.122041076421737671e-02 -8.578094094991683960e-02 -8.130335062742233276e-02 -6.924607604742050171e-02 -5.646475777029991150e-02 -5.143245309591293335e-02 -5.935004353523254395e-02 -7.829040288925170898e-02 -9.861934930086135864e-02 -1.067202091217041016e-01 -9.181074798107147217e-02 -5.258261412382125854e-02 1.257923286175355315e-04 4.678165540099143982e-02 6.776420027017593384e-02 5.316490307450294495e-02 8.711781352758407593e-03 -4.566910862922668457e-02 -8.452470600605010986e-02 -8.883796632289886475e-02 -5.540129169821739197e-02 1.214247662574052811e-03 5.528010800480842590e-02 8.196394145488739014e-02 6.887225806713104248e-02 2.139865979552268982e-02 -4.061634838581085205e-02 -9.296186268329620361e-02 -1.185517087578773499e-01 -1.144893616437911987e-01 -9.138767421245574951e-02 -6.582390516996383667e-02 -5.040014535188674927e-02 -4.695976898074150085e-02 -4.656439647078514099e-02 -3.598650172352790833e-02 -6.852161139249801636e-03 3.785864636301994324e-02 8.374071866273880005e-02 1.115380227565765381e-01 1.069198250770568848e-01 6.825029850006103516e-02 8.198006078600883484e-03 -5.170965194702148438e-02 -9.080804139375686646e-02 -9.838302433490753174e-02 -7.770524919033050537e-02 -4.334147274494171143e-02 -1.353750471025705338e-02 -1.789897447451949120e-03 -1.175611466169357300e-02 -3.753514215350151062e-02 -6.837002187967300415e-02 -9.464714676141738892e-02 -1.118081137537956238e-01 -1.204253584146499634e-01 -1.231452003121376038e-01 -1.210037171840667725e-01 -1.117695793509483337e-01 -9.147459268569946289e-02 -5.812845379114151001e-02 -1.510984357446432114e-02 2.821629494428634644e-02 5.952312424778938293e-02 6.888689845800399780e-02 5.370851978659629822e-02 2.047995850443840027e-02 -1.771552488207817078e-02 -4.684584960341453552e-02 -5.795706436038017273e-02 -5.067006498575210571e-02 -3.259461373090744019e-02 -1.520289108157157898e-02 -8.390688337385654449e-03 -1.638044416904449463e-02 -3.667428717017173767e-02 -6.208015605807304382e-02 -8.437588810920715332e-02 -9.767518192529678345e-02 -1.001261025667190552e-01 -9.370244294404983521e-02 -8.279797434806823730e-02 -7.259076088666915894e-02 -6.773120909929275513e-02 -7.129210233688354492e-02 -8.366119861602783203e-02 -1.013854071497917175e-01 -1.166164502501487732e-01 -1.181641072034835815e-01 -9.474793076515197754e-02 -3.986838087439537048e-02 4.360015317797660828e-02 1.415790617465972900e-01 2.314583510160446167e-01 2.890621423721313477e-01 2.974376380443572998e-01 2.536750137805938721e-01 1.704530119895935059e-01 7.127152383327484131e-02 -1.867472939193248749e-02 -8.184497058391571045e-02 -1.136376410722732544e-01 -1.213808953762054443e-01 -1.180298328399658203e-01 -1.142616868019104004e-01 -1.133241727948188782e-01 -1.112389340996742249e-01 -1.017511710524559021e-01 -8.257351815700531006e-02 -5.866689607501029968e-02 -4.008136689662933350e-02 -3.529157117009162903e-02 -4.402750730514526367e-02 -5.443392693996429443e-02 -4.729745909571647644e-02 -6.065526977181434631e-03 7.232923805713653564e-02 1.720024943351745605e-01 2.618957161903381348e-01 3.079695701599121094e-01 2.883193790912628174e-01 2.036778330802917480e-01 7.747867703437805176e-02
-8.781516551971435547e-02 -1.007620394229888916e-01 -8.554985374212265015e-02 -8.182802051305770874e-02 -9.060543775558471680e-02 -9.889971464872360229e-02 -9.470601379871368408e-02 -7.397457212209701538e-02 -4.190313816070556641e-02 -1.032770238816738129e-02 7.489321753382682800e-03 3.060024930164217949e-03 -2.251009643077850342e-02 -5.760154500603675842e-02 -8.431007713079452515e-02 -8.661407232284545898e-02 -5.884722620248794556e-02 -1.000040862709283829e-02 3.906079381704330444e-02 6.493508070707321167e-02 5.344530194997787476e-02 7.927029393613338470e-03 -5.059425532817840576e-02 -9.213855117559432983e-02 -9.167286008596420288e-02 -4.155458882451057434e-02 4.370853677392005920e-02 1.330037564039230347e-01 1.920426189899444580e-01 1.983372271060943604e-01 1.506190896034240723e-01 6.838144361972808838e-02 -1.787083968520164490e-02 -8.057983964681625366e-02 -1.064044237136840820e-01 -9.962645173072814941e-02 -7.677345722913742065e-02 -5.603498220443725586e-02 -4.744302481412887573e-02 -4.892300441861152649e-02 -4.980533197522163391e-02 -3.921400010585784912e-02 -1.418716087937355042e-02 1.724466308951377869e-02 3.980362415313720703e-02 3.941706195473670959e-02 1.161865144968032837e-02 -3.483907505869865417e-02 -8.128589391708374023e-02 -1.077464297413825989e-01 -1.024517044425010681e-01 -6.742154806852340698e-02 -1.741235330700874329e-02 2.702925913035869598e-02 4.875862225890159607e-02 4.094507545232772827e-02 8.657754398882389069e-03 -3.501421213150024414e-02 -7.574199140071868896e-02 -1.039641499519348145e-01 -1.173661723732948303e-01 -1.193250715732574463e-01 -1.150270625948905945e-01 -1.079349592328071594e-01 -9.860068559646606445e-02 -8.605786412954330444e-02 -7.033738493919372559e-02 -5.404024198651313782e-02 -4.167436063289642334e-02 -3.705696016550064087e-02 -4.046862944960594177e-02 -4.754371941089630127e-02 -5.090651661157608032e-02 -4.390642419457435608e-02 -2.447097003459930420e-02 3.107425523921847343e-03 2.957140095531940460e-02 4.468351975083351135e-02 4.179782792925834656e-02 2.073016762733459473e-02 -1.241163816303014755e-02 -4.816143214702606201e-02 -7.775447517633438110e-02 -9.629216045141220093e-02 -1.037077382206916809e-01 -1.035335063934326172e-01 -1.005607470870018005e-01 -9.876491874456405640e-02 -1.003008037805557251e-01 -1.054502949118614197e-01 -1.128099262714385986e-01 -1.191357672214508057e-01 -1.189783066511154175e-01 -1.049421131610870361e-01 -6.946353614330291748e-02 -8.193660527467727661e-03 7.619362324476242065e-02 1.718517392873764038e-01 2.591530978679656982e-01 3.160532414913177490e-01 3.257876932621002197e-01 2.836923003196716309e-01 1.998659372329711914e-01 9.605716168880462646e-02 -2.163720084354281425e-03 -7.455813884735107422e-02 -1.126067638397216797e-01 -1.204129531979560852e-01 -1.101811826229095459e-01 -9.503208100795745850e-02 -8.307038247585296631e-02 -7.559623569250106812e-02 -6.973960995674133301e-02 -6.312830746173858643e-02 -5.705860257148742676e-02 -5.574442818760871887e-02 -6.195398047566413879e-02 -7.204828411340713501e-02 -7.436771690845489502e-02 -5.329232662916183472e-02 2.123643411323428154e-03 8.932574093341827393e-02 1.886885017156600952e-01 2.685376405715942383e-01 2.976695001125335693e-01 2.598237097263336182e-01 1.626016348600387573e-01 3.501875698566436768e-02
-1.281996071338653564e-01 -1.142315715551376343e-01 -9.130848199129104614e-02 -8.458801358938217163e-02 -8.655682951211929321e-02 -8.100456744432449341e-02 -5.680178105831146240e-02 -1.335669215768575668e-02 3.961827978491783142e-02 8.597867935895919800e-02 1.092601418495178223e-01 9.946634620428085327e-02 5.823292955756187439e-02 -1.815316063584759831e-04 -5.347931385040283203e-02 -8.040551096200942993e-02 -7.061870396137237549e-02 -3.047853708267211914e-02 1.878540590405464172e-02 5.055162683129310608e-02 4.594241455197334290e-02 4.272287245839834213e-03 -5.476569011807441711e-02 -9.898247569799423218e-02 -9.845539182424545288e-02 -4.030439630150794983e-02 6.375295668840408325e-02 1.810289472341537476e-01 2.712713181972503662e-01 3.036681711673736572e-01 2.695117890834808350e-01 1.847401112318038940e-01 8.154590427875518799e-02 -6.494359113276004791e-03 -5.842626094818115234e-02 -7.256509363651275635e-02 -6.333321332931518555e-02 -5.087649822235107422e-02 -4.946844279766082764e-02 -6.082385405898094177e-02 -7.536342740058898926e-02 -7.997665554285049438e-02 -6.737796217203140259e-02 -4.153793305158615112e-02 -1.610524393618106842e-02 -6.778734736144542694e-03 -2.199110761284828186e-02 -5.719316750764846802e-02 -9.604366868734359741e-02 -1.180561408400535583e-01 -1.087904050946235657e-01 -6.734243035316467285e-02 -7.327865809202194214e-03 4.907182604074478149e-02 8.095303922891616821e-02 7.758902013301849365e-02 4.227737337350845337e-02 -1.025629229843616486e-02 -6.110656633973121643e-02 -9.528502821922302246e-02 -1.069233641028404236e-01 -9.971871972084045410e-02 -8.328531682491302490e-02 -6.788347661495208740e-02 -6.026108562946319580e-02 -6.217336654663085938e-02 -7.141590863466262817e-02 -8.396346122026443481e-02 -9.567062556743621826e-02 -1.028289198875427246e-01 -1.019813343882560730e-01 -8.998069167137145996e-02 -6.497432291507720947e-02 -2.807303518056869507e-02 1.539119891822338104e-02 5.624384433031082153e-02 8.393898606300354004e-02 9.033919125795364380e-02 7.307761907577514648e-02 3.675855323672294617e-02 -8.751180954277515411e-03 -5.220813676714897156e-02 -8.519846946001052856e-02 -1.046846136450767517e-01 -1.128600239753723145e-01 -1.147401481866836548e-01 -1.150439009070396423e-01 -1.160819828510284424e-01 -1.175295040011405945e-01 -1.176901832222938538e-01 -1.149764508008956909e-01 -1.083848699927330017e-01 -9.667988866567611694e-02 -7.716346532106399536e-02 -4.547992348670959473e-02 2.587674185633659363e-03 6.771662831306457520e-02 1.438099145889282227e-01 2.171839326620101929e-01 2.695515453815460205e-01 2.842499911785125732e-01 2.532196342945098877e-01 1.814111918210983276e-01 8.619283884763717651e-02 -8.396380580961704254e-03 -8.018463850021362305e-02 -1.164270564913749695e-01 -1.171052604913711548e-01 -9.283678233623504639e-02 -5.892585963010787964e-02 -2.881382405757904053e-02 -1.006972230970859528e-02 -4.242564551532268524e-03 -9.507929906249046326e-03 -2.353338152170181274e-02 -4.426807165145874023e-02 -6.822618097066879272e-02 -8.805200457572937012e-02 -9.219898283481597900e-02 -6.855956465005874634e-02 -1.125846058130264282e-02 7.287777215242385864e-02 1.626066565513610840e-01 2.279644906520843506e-01 2.421340495347976685e-01 1.942643225193023682e-01 9.626100957393646240e-02 -2.174084819853305817e-02
-1.609841883182525635e-01 -1.229132562875747681e-01 -9.000328928232192993e-02 -7.242800295352935791e-02 -5.720258131623268127e-02 -2.881968952715396881e-02 1.990576833486557007e-02 8.481359481811523438e-02 1.523178517818450928e-01 2.040715366601943970e-01 2.230898886919021606e-01 2.001306563615798950e-01 1.384604424238204956e-01 5.470542982220649719e-02 -2.569417841732501984e-02 -7.767723500728607178e-02 -8.701240271329879761e-02 -5.715636163949966431e-02 -8.594769053161144257e-03 3.000640124082565308e-02 3.538424894213676453e-02 1.709394739009439945e-03 -5.507003143429756165e-02 -1.033483594655990601e-01 -1.101700365543365479e-01 -5.721798166632652283e-02 4.919386282563209534e-02 1.791663318872451782e-01 2.911085486412048340e-01 3.490414321422576904e-01 3.372565507888793945e-01 2.656207382678985596e-01 1.634386777877807617e-01 6.533135473728179932e-02 -3.744279034435749054e-03 -3.721116110682487488e-02 -4.575387015938758850e-02 -4.795646294951438904e-02 -5.834331735968589783e-02 -7.937615364789962769e-02 -1.013867259025573730e-01 -1.098786145448684692e-01 -9.561158716678619385e-02 -6.151429191231727600e-02 -2.240445092320442200e-02 2.416010480374097824e-03 -3.568434040062129498e-04 -3.024049848318099976e-02 -7.222367078065872192e-02 -1.036743521690368652e-01 -1.054584085941314697e-01 -7.162568718194961548e-02 -1.277262344956398010e-02 4.856938496232032776e-02 8.817850053310394287e-02 9.099041670560836792e-02 5.742977932095527649e-02 2.518289489671587944e-03 -5.138158798217773438e-02 -8.444119244813919067e-02 -8.725190162658691406e-02 -6.350116431713104248e-02 -2.693304978311061859e-02 5.327431485056877136e-03 1.976479962468147278e-02 1.093079242855310440e-02 -1.782671362161636353e-02 -5.675711110234260559e-02 -9.356319159269332886e-02 -1.170669347047805786e-01 -1.197683438658714294e-01 -9.919109940528869629e-02 -5.828546360135078430e-02 -5.025067832320928574e-03 4.896247386932373047e-02 9.090936928987503052e-02 1.102936416864395142e-01 1.021415889263153076e-01 6.888308376073837280e-02 1.969318464398384094e-02 -3.273128345608711243e-02 -7.675337791442871094e-02 -1.057431027293205261e-01 -1.196040958166122437e-01 -1.232738122344017029e-01 -1.231404021382331848e-01 -1.233796775341033936e-01 -1.241658926010131836e-01 -1.225569918751716614e-01 -1.152544617652893066e-01 -1.013321578502655029e-01 -8.309038728475570679e-02 -6.441334635019302368e-02 -4.766942560672760010e-02 -3.128093853592872620e-02 -9.878723882138729095e-03 2.251594513654708862e-02 6.776780635118484497e-02 1.200870797038078308e-01 1.661299020051956177e-01 1.894386410713195801e-01 1.775591373443603516e-01 1.285007148981094360e-01 5.321046710014343262e-02 -2.748980745673179626e-02 -9.038684517145156860e-02 -1.184895262122154236e-01 -1.069584861397743225e-01 -6.391659379005432129e-02 -6.228287238627672195e-03 4.736518859863281250e-02 8.247619867324829102e-02 9.226598590612411499e-02 7.718843221664428711e-02 4.270885512232780457e-02 -2.956354292109608650e-03 -4.988970980048179626e-02 -8.673594892024993896e-02 -1.017319113016128540e-01 -8.577329665422439575e-02 -3.712055087089538574e-02 3.464053198695182800e-02 1.085778772830963135e-01 1.582085788249969482e-01 1.618712246417999268e-01 1.131351664662361145e-01 2.527442574501037598e-02 -7.448983937501907349e-02
-1.781742423772811890e-01 -1.231671720743179321e-01 -8.031145483255386353e-02 -4.751002043485641479e-02 -1.038176007568836212e-02 4.221649467945098877e-02 1.114540174603462219e-01 1.884445250034332275e-01 2.577024698257446289e-01 3.018856346607208252e-01 3.068493008613586426e-01 2.664883136749267578e-01 1.863029897212982178e-01 8.394788950681686401e-02 -1.469772774726152420e-02 -8.372285217046737671e-02 -1.070266515016555786e-01 -8.551024645566940308e-02 -3.765594214200973511e-02 7.833874784409999847e-03 2.481534704566001892e-02 2.285340335220098495e-03 -4.938071593642234802e-02 -1.020865738391876221e-01 -1.224744394421577454e-01 -8.766928315162658691e-02 3.104685805737972260e-03 1.267161667346954346e-01 2.451950758695602417e-01 3.215073347091674805e-01 3.346454203128814697e-01 2.870744466781616211e-01 2.014348655939102173e-01 1.087038293480873108e-01 3.406063094735145569e-02 -1.255227904766798019e-02 -3.700625523924827576e-02 -5.336207523941993713e-02 -7.294918596744537354e-02 -9.650342166423797607e-02 -1.136958077549934387e-01 -1.100775524973869324e-01 -7.725300639867782593e-02 -2.025989070534706116e-02 4.235393181443214417e-02 8.626115322113037109e-02 9.307954460382461548e-02 5.997424200177192688e-02 1.970165874809026718e-03 -5.450108274817466736e-02 -8.380310982465744019e-02 -7.308032363653182983e-02 -2.815961092710494995e-02 2.945250086486339569e-02 7.290329039096832275e-02 8.257709443569183350e-02 5.493655800819396973e-02 3.647929290309548378e-03 -4.716965556144714355e-02 -7.407076656818389893e-02 -6.451961398124694824e-02 -2.178021147847175598e-02 3.722241520881652832e-02 8.951263874769210815e-02 1.154251545667648315e-01 1.057471483945846558e-01 6.416197121143341064e-02 4.783932585269212723e-03 -5.351920798420906067e-02 -9.351288527250289917e-02 -1.045386716723442078e-01 -8.487833291292190552e-02 -4.144448786973953247e-02 1.264141127467155457e-02 6.178378686308860779e-02 9.211009740829467773e-02 9.521555900573730469e-02 7.047395408153533936e-02 2.508023008704185486e-02 -2.844677865505218506e-02 -7.664525508880615234e-02 -1.098061278462409973e-01 -1.250535994768142700e-01 -1.264227777719497681e-01 -1.218783259391784668e-01 -1.187289208173751831e-01 -1.197728663682937622e-01 -1.221978738903999329e-01 -1.198227927088737488e-01 -1.074239313602447510e-01 -8.465059846639633179e-02 -5.714937299489974976e-02 -3.401125222444534302e-02 -2.276318334043025970e-02 -2.467504702508449554e-02 -3.321540355682373047e-02 -3.692216053605079651e-02 -2.553632482886314392e-02 3.715365426614880562e-03 4.317978024482727051e-02 7.715038210153579712e-02 8.883154392242431641e-02 6.869841367006301880e-02 2.013427205383777618e-02 -4.060504958033561707e-02 -9.035172313451766968e-02 -1.083057746291160583e-01 -8.446492999792098999e-02 -2.352900430560112000e-02 5.716637521982192993e-02 1.343676745891571045e-01 1.870651245117187500e-01 2.027292698621749878e-01 1.796885728836059570e-01 1.257754415273666382e-01 5.486187711358070374e-02 -1.686598733067512512e-02 -7.393205910921096802e-02 -1.040540412068367004e-01 -1.006775721907615662e-01 -6.553004682064056396e-02 -1.001069322228431702e-02 4.638260230422019958e-02 8.158863335847854614e-02 7.930393517017364502e-02 3.649674728512763977e-02 -3.445531427860260010e-02 -1.119160056114196777e-01
-1.839168816804885864e-01 -1.196605414152145386e-01 -6.859038025140762329e-02 -2.050730586051940918e-02 3.675761073827743530e-02 1.075803861021995544e-01 1.864326000213623047e-01 2.608905136585235596e-01 3.163304924964904785e-01 3.400219976902008057e-01 3.240765333175659180e-01 2.676548957824707031e-01 1.785286366939544678e-01 7.315129041671752930e-02 -2.603547833859920502e-02 -9.651964157819747925e-02 -1.234727278351783752e-01 -1.061934381723403931e-01 -5.973177403211593628e-02 -9.838684462010860443e-03 1.749894022941589355e-02 7.669796235859394073e-03 -3.525276109576225281e-02 -8.941450715065002441e-02 -1.244844868779182434e-01 -1.154199093580245972e-01 -5.435452237725257874e-02 4.505795612931251526e-02 1.529883742332458496e-01 2.359485030174255371e-01 2.705230712890625000e-01 2.519046366214752197e-01 1.935690492391586304e-01 1.189433932304382324e-01 4.984085634350776672e-02 -2.262567635625600815e-03 -3.796204179525375366e-02 -6.457082182168960571e-02 -8.751887828111648560e-02 -1.040245071053504944e-01 -1.030949279665946960e-01 -7.213523983955383301e-02 -6.458684802055358887e-03 8.397406339645385742e-02 1.750676631927490234e-01 2.370658963918685913e-01 2.473388016223907471e-01 2.012376338243484497e-01 1.153790131211280823e-01 2.129010483622550964e-02 -4.790941625833511353e-02 -7.162280380725860596e-02 -5.006380751729011536e-02 -2.896222285926342010e-03 4.094853252172470093e-02 5.728067085146903992e-02 3.782912343740463257e-02 -6.503587123006582260e-03 -5.148123204708099365e-02 -7.135972380638122559e-02 -5.099808052182197571e-02 7.236033678054809570e-03 8.454567939043045044e-02 1.537948399782180786e-01 1.906547248363494873e-01 1.829114109277725220e-01 1.343268901109695435e-01 6.210162863135337830e-02 -1.033493131399154663e-02 -6.192246451973915100e-02 -8.068329840898513794e-02 -6.652952730655670166e-02 -2.986225299537181854e-02 1.291603315621614456e-02 4.514453560113906860e-02 5.506965890526771545e-02 3.905406221747398376e-02 2.098232740536332130e-03 -4.435147345066070557e-02 -8.661639690399169922e-02 -1.136824488639831543e-01 -1.210738793015480042e-01 -1.121740713715553284e-01 -9.631200879812240601e-02 -8.425584435462951660e-02 -8.301284909248352051e-02 -9.236516803503036499e-02 -1.049585267901420593e-01 -1.101390644907951355e-01 -9.982137382030487061e-02 -7.345074415206909180e-02 -3.933455049991607666e-02 -1.130112353712320328e-02 -2.039812738075852394e-03 -1.635928824543952942e-02 -4.791695997118949890e-02 -8.142634481191635132e-02 -9.962755441665649414e-02 -9.177344292402267456e-02 -5.938664451241493225e-02 -1.619044132530689240e-02 1.808563247323036194e-02 2.725111134350299835e-02 6.993136368691921234e-03 -3.210335224866867065e-02 -6.847803294658660889e-02 -7.878378033638000488e-02 -4.818486794829368591e-02 2.284965664148330688e-02 1.181495785713195801e-01 2.117600739002227783e-01 2.773580551147460938e-01 2.971405386924743652e-01 2.668735980987548828e-01 1.958449035882949829e-01 1.026747301220893860e-01 9.243097156286239624e-03 -6.504073739051818848e-02 -1.073405221104621887e-01 -1.136064454913139343e-01 -8.907679468393325806e-02 -4.704379662871360779e-02 -5.581613164395093918e-03 1.773061789572238922e-02 1.190044358372688293e-02 -2.311749197542667389e-02 -7.670018076896667480e-02 -1.337137520313262939e-01
-1.912836134433746338e-01 -1.230099499225616455e-01 -6.616858392953872681e-02 -6.369623821228742599e-03 6.430004537105560303e-02 1.428088694810867310e-01 2.176069319248199463e-01 2.746225893497467041e-01 3.029130995273590088e-01 2.975773215293884277e-01 2.598259449005126953e-01 1.956565082073211670e-01 1.146497651934623718e-01 2.929160371422767639e-02 -4.599825292825698853e-02 -9.725722670555114746e-02 -1.149854287505149841e-01 -9.840304404497146606e-02 -5.754871293902397156e-02 -1.117850467562675476e-02 1.971404068171977997e-02 2.050236240029335022e-02 -1.020969729870557785e-02 -5.904090031981468201e-02 -1.029090285301208496e-01 -1.188380345702171326e-01 -9.412941336631774902e-02 -3.215032070875167847e-02 4.899374768137931824e-02 1.241972446441650391e-01 1.717075556516647339e-01 1.811605691909790039e-01 1.557696163654327393e-01 1.083063408732414246e-01 5.371132120490074158e-02 2.684784587472677231e-03 -4.036672785878181458e-02 -7.450187951326370239e-02 -9.708552807569503784e-02 -1.003582999110221863e-01 -7.281550765037536621e-02 -5.506502464413642883e-03 9.992882609367370605e-02 2.263610661029815674e-01 3.432581126689910889e-01 4.162226617336273193e-01 4.204103648662567139e-01 3.517306149005889893e-01 2.301916629076004028e-01 9.313788264989852905e-02 -1.912609115242958069e-02 -7.909612357616424561e-02 -8.215456455945968628e-02 -4.647909849882125854e-02 -3.004090627655386925e-03 1.972393877804279327e-02 8.691673167049884796e-03 -2.840664610266685486e-02 -6.802634894847869873e-02 -8.298026025295257568e-02 -5.602107942104339600e-02 1.153919566422700882e-02 9.992039203643798828e-02 1.792587935924530029e-01 2.221620380878448486e-01 2.147272825241088867e-01 1.614058315753936768e-01 8.212871849536895752e-02 3.536780131980776787e-03 -5.156606435775756836e-02 -7.214704900979995728e-02 -6.146185472607612610e-02 -3.385760262608528137e-02 -7.817070931196212769e-03 1.661101239733397961e-03 -1.153667178004980087e-02 -4.312344640493392944e-02 -8.087022602558135986e-02 -1.097877845168113708e-01 -1.180359199643135071e-01 -1.014950498938560486e-01 -6.545373797416687012e-02 -2.280540019273757935e-02 1.070108544081449509e-02 2.253590151667594910e-02 8.523657917976379395e-03 -2.510131150484085083e-02 -6.384544819593429565e-02 -9.077869355678558350e-02 -9.381914138793945312e-02 -7.136140018701553345e-02 -3.355472534894943237e-02 1.709647825919091702e-03 1.664374954998493195e-02 1.840706099756062031e-03 -3.888431563973426819e-02 -8.958438038825988770e-02 -1.290008723735809326e-01 -1.401372700929641724e-01 -1.181321144104003906e-01 -7.260251045227050781e-02 -2.315772138535976410e-02 9.960087947547435760e-03 1.574351452291011810e-02 -1.918433001264929771e-03 -2.557965554296970367e-02 -3.209023550152778625e-02 -3.414575243368744850e-03 6.450835615396499634e-02 1.588433682918548584e-01 2.541071176528930664e-01 3.216204047203063965e-01 3.400587737560272217e-01 3.028192520141601562e-01 2.196111679077148438e-01 1.122698709368705750e-01 7.015066221356391907e-03 -7.368674129247665405e-02 -1.169797927141189575e-01 -1.218709647655487061e-01 -9.794147312641143799e-02 -6.144444271922111511e-02 -3.000758588314056396e-02 -1.723358966410160065e-02 -2.866097167134284973e-02 -6.069260835647583008e-02 -1.036267131567001343e-01 -1.481496095657348633e-01
-2.162738293409347534e-01 -1.455930769443511963e-01 -8.488192409276962280e-02 -1.839717477560043335e-02 5.717352032661437988e-02 1.322984844446182251e-01 1.910964250564575195e-01 2.200458049774169922e-01 2.143339961767196655e-01 1.792864054441452026e-01 1.271265000104904175e-01 7.151977717876434326e-02 2.294630929827690125e-02 -1.313574519008398056e-02 -3.531302884221076965e-02 -4.400170594453811646e-02 -3.994692116975784302e-02 -2.446503750979900360e-02 -9.328144951723515987e-04 2.406888268887996674e-02 4.149808362126350403e-02 4.284479096531867981e-02 2.416417561471462250e-02 -1.103098038583993912e-02 -5.191163718700408936e-02 -8.394011110067367554e-02 -9.453690797090530396e-02 -7.822486758232116699e-02 -3.884404152631759644e-02 1.211599446833133698e-02 6.009529531002044678e-02 9.264803677797317505e-02 1.029011085629463196e-01 9.018567204475402832e-02 5.844404920935630798e-02 1.414332166314125061e-02 -3.469708189368247986e-02 -7.802205532789230347e-02 -1.030123084783554077e-01 -9.506877511739730835e-02 -4.175784811377525330e-02 6.095854938030242920e-02 2.029482722282409668e-01 3.581992387771606445e-01 4.896498918533325195e-01 5.601642131805419922e-01 5.459679961204528809e-01 4.469061195850372314e-01 2.885005176067352295e-01 1.139872446656227112e-01 -3.104890324175357819e-02 -1.152525991201400757e-01 -1.322190314531326294e-01 -1.006827875971794128e-01 -5.416600033640861511e-02 -2.485165745019912720e-02 -2.905542217195034027e-02 -6.084295734763145447e-02 -9.646119922399520874e-02 -1.071734949946403503e-01 -7.422815263271331787e-02 1.146900234743952751e-03 9.731426090002059937e-02 1.813639104366302490e-01 2.233775407075881958e-01 2.091689258813858032e-01 1.458015888929367065e-01 5.771756172180175781e-02 -2.434938587248325348e-02 -7.639131695032119751e-02 -9.025713056325912476e-02 -7.518760859966278076e-02 -5.165048316121101379e-02 -4.074580222368240356e-02 -5.412095785140991211e-02 -8.872906863689422607e-02 -1.283653378486633301e-01 -1.509301662445068359e-01 -1.381012350320816040e-01 -8.338799327611923218e-02 4.522966686636209488e-03 1.042137295007705688e-01 1.886584162712097168e-01 2.343277335166931152e-01 2.290580868721008301e-01 1.760428398847579956e-01 9.267468005418777466e-02 4.672863520681858063e-03 -6.253118067979812622e-02 -9.224808216094970703e-02 -8.190294355154037476e-02 -4.337432235479354858e-02 1.923594390973448753e-03 3.149117529392242432e-02 3.055894561111927032e-02 -2.196363173425197601e-03 -5.439791083335876465e-02 -1.053647771477699280e-01 -1.349506080150604248e-01 -1.320538669824600220e-01 -9.906700998544692993e-02 -5.025915801525115967e-02 -4.797604400664567947e-03 2.240664511919021606e-02 2.777533046901226044e-02 2.069975435733795166e-02 1.887030526995658875e-02 3.938116505742073059e-02 8.971139788627624512e-02 1.628058105707168579e-01 2.386367768049240112e-01 2.916897237300872803e-01 3.011533915996551514e-01 2.594362497329711914e-01 1.754462867975234985e-01 7.141254842281341553e-02 -2.523306570947170258e-02 -9.149631857872009277e-02 -1.162307485938072205e-01 -1.027690991759300232e-01 -6.627260148525238037e-02 -2.725252695381641388e-02 -3.894356777891516685e-03 -5.989104509353637695e-03 -3.262583166360855103e-02 -7.460439205169677734e-02 -1.209149509668350220e-01 -1.665496677160263062e-01
